{
  "BEGIN_YEARMONTH": 201306,
  "BEGIN_DAY": 13,
  "BEGIN_TIME": 734,
  "END_YEARMONTH": 201306,
  "END_DAY": 13,
  "END_TIME": 734,
  "EPISODE_ID": 76346,
  "EVENT_ID": 461410,
  "STATE": "MARYLAND",
  "STATE_FIPS": 24,
  "YEAR": 2013,
  "MONTH_NAME": "June",
  "EVENT_TYPE": "Thunderstorm Wind",
  "CZ_TYPE": "C",
  "CZ_FIPS": 5,
  "CZ_NAME": "BALTIMORE",
  "WFO": "LWX",
  "BEGIN_DATE_TIME": "13-JUN-13 07:34:00",
  "CZ_TIMEZONE": "EST-5",
  "END_DATE_TIME": "13-JUN-13 07:34:00",
  "INJURIES_DIRECT": 0,
  "INJURIES_INDIRECT": 0,
  "DEATHS_DIRECT": 0,
  "DEATHS_INDIRECT": 0,
  "DAMAGE_PROPERTY": "0.00K",
  "DAMAGE_CROPS": "0.25K",
  "SOURCE": "NWS Employee",
  "MAGNITUDE": 52,
  "MAGNITUDE_TYPE": "EG",
  "FLOOD_CAUSE": "",
  "CATEGORY": "",
  "TOR_F_SCALE": "",
  "TOR_LENGTH": "",
  "TOR_WIDTH": "",
  "TOR_OTHER_WFO": "",
  "TOR_OTHER_CZ_STATE": "",
  "TOR_OTHER_CZ_FIPS": "",
  "TOR_OTHER_CZ_NAME": "",
  "BEGIN_RANGE": 0,
  "BEGIN_AZIMUTH": "W",
  "BEGIN_LOCATION": "WOODENSBURG",
  "END_RANGE": 0,
  "END_AZIMUTH": "W",
  "END_LOCATION": "WOODENSBURG",
  "BEGIN_LAT": 39.5,
  "BEGIN_LON": -76.832,
  "END_LAT": 39.5,
  "END_LON": -76.832,
  "text": "A cold front stalled across the Mid Atlantic and low pressure formed and moved along it. Southerly flow advected gulf moisture into the region and showers and thunderstorms easily formed. Heavy rain, hail, damaging winds and tornadoes occurred throughout the day.",
  "EVENT_NARRATIVE": "There was a large tree limb six inches in diameter down.",
  "DATA_SOURCE": "CSV"
}
