{
  "BEGIN_YEARMONTH": 201306,
  "BEGIN_DAY": 16,
  "BEGIN_TIME": 1721,
  "END_YEARMONTH": 201306,
  "END_DAY": 16,
  "END_TIME": 1722,
  "EPISODE_ID": 77719,
  "EVENT_ID": 468776,
  "STATE": "KANSAS",
  "STATE_FIPS": 20,
  "YEAR": 2013,
  "MONTH_NAME": "June",
  "EVENT_TYPE": "Hail",
  "CZ_TYPE": "C",
  "CZ_FIPS": 35,
  "CZ_NAME": "COWLEY",
  "WFO": "ICT",
  "BEGIN_DATE_TIME": "16-JUN-13 17:21:00",
  "CZ_TIMEZONE": "CST-6",
  "END_DATE_TIME": "16-JUN-13 17:22:00",
  "INJURIES_DIRECT": 0,
  "INJURIES_INDIRECT": 0,
  "DEATHS_DIRECT": 0,
  "DEATHS_INDIRECT": 0,
  "DAMAGE_PROPERTY": "",
  "DAMAGE_CROPS": "",
  "SOURCE": "Law Enforcement",
  "MAGNITUDE": 1.75,
  "MAGNITUDE_TYPE": "",
  "FLOOD_CAUSE": "",
  "CATEGORY": "",
  "TOR_F_SCALE": "",
  "TOR_LENGTH": "",
  "TOR_WIDTH": "",
  "TOR_OTHER_WFO": "",
  "TOR_OTHER_CZ_STATE": "",
  "TOR_OTHER_CZ_FIPS": "",
  "TOR_OTHER_CZ_NAME": "",
  "BEGIN_RANGE": 7,
  "BEGIN_AZIMUTH": "SSE",
  "BEGIN_LOCATION": "ROCK",
  "END_RANGE": 7,
  "END_AZIMUTH": "SSE",
  "END_LOCATION": "ROCK",
  "BEGIN_LAT": 37.36,
  "BEGIN_LON": -96.94,
  "END_LAT": 37.36,
  "END_LON": -96.94,
  "text": "A decent sized outbreak occurred during the evening of June 16th and lingered into the early morning hours of the 17th.  The hazards ranged from hail up to the size of golf balls to wind speeds in the 80 mph range.",
  "EVENT_NARRATIVE": "",
  "DATA_SOURCE": "CSV"
}
