{
  "BEGIN_YEARMONTH": 201301,
  "BEGIN_DAY": 31,
  "BEGIN_TIME": 800,
  "END_YEARMONTH": 201301,
  "END_DAY": 31,
  "END_TIME": 900,
  "EPISODE_ID": 71198,
  "EVENT_ID": 427840,
  "STATE": "NEW HAMPSHIRE",
  "STATE_FIPS": 33,
  "YEAR": 2013,
  "MONTH_NAME": "January",
  "EVENT_TYPE": "High Wind",
  "CZ_TYPE": "Z",
  "CZ_FIPS": 12,
  "CZ_NAME": "EASTERN HILLSBOROUGH",
  "WFO": "BOX",
  "BEGIN_DATE_TIME": "31-JAN-13 08:00:00",
  "CZ_TIMEZONE": "EST-5",
  "END_DATE_TIME": "31-JAN-13 09:00:00",
  "INJURIES_DIRECT": 0,
  "INJURIES_INDIRECT": 0,
  "DEATHS_DIRECT": 0,
  "DEATHS_INDIRECT": 0,
  "DAMAGE_PROPERTY": "0.00K",
  "DAMAGE_CROPS": "0.00K",
  "SOURCE": "Emergency Manager",
  "MAGNITUDE": 35,
  "MAGNITUDE_TYPE": "ES",
  "FLOOD_CAUSE": "",
  "CATEGORY": "",
  "TOR_F_SCALE": "",
  "TOR_LENGTH": "",
  "TOR_WIDTH": "",
  "TOR_OTHER_WFO": "",
  "TOR_OTHER_CZ_STATE": "",
  "TOR_OTHER_CZ_FIPS": "",
  "TOR_OTHER_CZ_NAME": "",
  "BEGIN_RANGE": "",
  "BEGIN_AZIMUTH": "",
  "BEGIN_LOCATION": "",
  "END_RANGE": "",
  "END_AZIMUTH": "",
  "END_LOCATION": "",
  "BEGIN_LAT": "",
  "BEGIN_LON": "",
  "END_LAT": "",
  "END_LON": "",
  "text": "A warm front moved northward across southern New England.  This brought a period of mainly rain and warm temperatures.  In addition, a strong low level jet (up to 80 kts) resulted in high winds across much of southern New England.  There was some tree damage and downed power lines with winds gusting to 60 to 70 mph.",
  "EVENT_NARRATIVE": "An emergency manager reported sustained winds of 40 mph in Manchester.  No damage was reported.",
  "DATA_SOURCE": "CSV"
}
