{
  "BEGIN_YEARMONTH": 201305,
  "BEGIN_DAY": 23,
  "BEGIN_TIME": 1843,
  "END_YEARMONTH": 201305,
  "END_DAY": 23,
  "END_TIME": 2043,
  "EPISODE_ID": 75807,
  "EVENT_ID": 457553,
  "STATE": "MARYLAND",
  "STATE_FIPS": 24,
  "YEAR": 2013,
  "MONTH_NAME": "May",
  "EVENT_TYPE": "Flash Flood",
  "CZ_TYPE": "C",
  "CZ_FIPS": 27,
  "CZ_NAME": "HOWARD",
  "WFO": "LWX",
  "BEGIN_DATE_TIME": "23-MAY-13 18:43:00",
  "CZ_TIMEZONE": "EST-5",
  "END_DATE_TIME": "23-MAY-13 20:43:00",
  "INJURIES_DIRECT": 0,
  "INJURIES_INDIRECT": 0,
  "DEATHS_DIRECT": 0,
  "DEATHS_INDIRECT": 0,
  "DAMAGE_PROPERTY": "0.00K",
  "DAMAGE_CROPS": "0.00K",
  "SOURCE": "Department of Highways",
  "MAGNITUDE": "",
  "MAGNITUDE_TYPE": "",
  "FLOOD_CAUSE": "Heavy Rain",
  "CATEGORY": "",
  "TOR_F_SCALE": "",
  "TOR_LENGTH": "",
  "TOR_WIDTH": "",
  "TOR_OTHER_WFO": "",
  "TOR_OTHER_CZ_STATE": "",
  "TOR_OTHER_CZ_FIPS": "",
  "TOR_OTHER_CZ_NAME": "",
  "BEGIN_RANGE": 0,
  "BEGIN_AZIMUTH": "ENE",
  "BEGIN_LOCATION": "COOKSVILLE",
  "END_RANGE": 0,
  "END_AZIMUTH": "ESE",
  "END_LOCATION": "COOKSVILLE",
  "BEGIN_LAT": 39.3225,
  "BEGIN_LON": -77.0136,
  "END_LAT": 39.3182,
  "END_LON": -77.015,
  "text": "A cold front was approaching from the west. Ahead of it temperatures reached their convective temps and wind speeds increased. Thunderstorms formed along a lee trough.",
  "EVENT_NARRATIVE": "MD state route 97 was flooded and closed at the intersection with MD route 144 near Cooksville.",
  "DATA_SOURCE": "CSV"
}
