{
  "BEGIN_YEARMONTH": 201311,
  "BEGIN_DAY": 24,
  "BEGIN_TIME": 1445,
  "END_YEARMONTH": 201311,
  "END_DAY": 24,
  "END_TIME": 1450,
  "EPISODE_ID": 80774,
  "EVENT_ID": 483506,
  "STATE": "NEW HAMPSHIRE",
  "STATE_FIPS": 33,
  "YEAR": 2013,
  "MONTH_NAME": "November",
  "EVENT_TYPE": "High Wind",
  "CZ_TYPE": "Z",
  "CZ_FIPS": 12,
  "CZ_NAME": "EASTERN HILLSBOROUGH",
  "WFO": "BOX",
  "BEGIN_DATE_TIME": "24-NOV-13 14:45:00",
  "CZ_TIMEZONE": "EST-5",
  "END_DATE_TIME": "24-NOV-13 14:50:00",
  "INJURIES_DIRECT": 0,
  "INJURIES_INDIRECT": 0,
  "DEATHS_DIRECT": 0,
  "DEATHS_INDIRECT": 0,
  "DAMAGE_PROPERTY": "5.00K",
  "DAMAGE_CROPS": "0.00K",
  "SOURCE": "Amateur Radio",
  "MAGNITUDE": 50,
  "MAGNITUDE_TYPE": "EG",
  "FLOOD_CAUSE": "",
  "CATEGORY": "",
  "TOR_F_SCALE": "",
  "TOR_LENGTH": "",
  "TOR_WIDTH": "",
  "TOR_OTHER_WFO": "",
  "TOR_OTHER_CZ_STATE": "",
  "TOR_OTHER_CZ_FIPS": "",
  "TOR_OTHER_CZ_NAME": "",
  "BEGIN_RANGE": "",
  "BEGIN_AZIMUTH": "",
  "BEGIN_LOCATION": "",
  "END_RANGE": "",
  "END_AZIMUTH": "",
  "END_LOCATION": "",
  "BEGIN_LAT": "",
  "BEGIN_LON": "",
  "END_LAT": "",
  "END_LON": "",
  "text": "Strong pressure rises behind a cold front coupled with cold air advection resulted in strong to damaging winds across much of southern New England. Most of the damage was to trees, some of which were still at least partially leaved.",
  "EVENT_NARRATIVE": "The Automated Surface Observing System at Manchester-Boston Regional Airport (KMHT) recorded a wind gust of 53 mph.  Higher gusts are estimated to have occurred elsewhere in eastern Hillsborough County.  In Nashua, a tree was downed at the intersection of East Dunstable Road and Shelley Drive.",
  "DATA_SOURCE": "CSV"
}
