{
  "BEGIN_YEARMONTH": 201305,
  "BEGIN_DAY": 30,
  "BEGIN_TIME": 1650,
  "END_YEARMONTH": 201305,
  "END_DAY": 30,
  "END_TIME": 1650,
  "EPISODE_ID": 75601,
  "EVENT_ID": 456373,
  "STATE": "MICHIGAN",
  "STATE_FIPS": 26,
  "YEAR": 2013,
  "MONTH_NAME": "May",
  "EVENT_TYPE": "Thunderstorm Wind",
  "CZ_TYPE": "C",
  "CZ_FIPS": 157,
  "CZ_NAME": "TUSCOLA",
  "WFO": "DTX",
  "BEGIN_DATE_TIME": "30-MAY-13 16:50:00",
  "CZ_TIMEZONE": "EST-5",
  "END_DATE_TIME": "30-MAY-13 16:50:00",
  "INJURIES_DIRECT": 0,
  "INJURIES_INDIRECT": 0,
  "DEATHS_DIRECT": 0,
  "DEATHS_INDIRECT": 0,
  "DAMAGE_PROPERTY": "0.00K",
  "DAMAGE_CROPS": "0.00K",
  "SOURCE": "Law Enforcement",
  "MAGNITUDE": 52,
  "MAGNITUDE_TYPE": "EG",
  "FLOOD_CAUSE": "",
  "CATEGORY": "",
  "TOR_F_SCALE": "",
  "TOR_LENGTH": "",
  "TOR_WIDTH": "",
  "TOR_OTHER_WFO": "",
  "TOR_OTHER_CZ_STATE": "",
  "TOR_OTHER_CZ_FIPS": "",
  "TOR_OTHER_CZ_NAME": "",
  "BEGIN_RANGE": 3,
  "BEGIN_AZIMUTH": "S",
  "BEGIN_LOCATION": "TUSCOLA",
  "END_RANGE": 3,
  "END_AZIMUTH": "S",
  "END_LOCATION": "TUSCOLA",
  "BEGIN_LAT": 43.27,
  "BEGIN_LON": -83.66,
  "END_LAT": 43.27,
  "END_LON": -83.66,
  "text": "Several severe thunderstorms developed with good afternoon instability.",
  "EVENT_NARRATIVE": "Power lines reported down.",
  "DATA_SOURCE": "CSV"
}
