{
  "BEGIN_YEARMONTH": 201312,
  "BEGIN_DAY": 17,
  "BEGIN_TIME": 1400,
  "END_YEARMONTH": 201312,
  "END_DAY": 18,
  "END_TIME": 0,
  "EPISODE_ID": 81770,
  "EVENT_ID": 490913,
  "STATE": "NEW HAMPSHIRE",
  "STATE_FIPS": 33,
  "YEAR": 2013,
  "MONTH_NAME": "December",
  "EVENT_TYPE": "Heavy Snow",
  "CZ_TYPE": "Z",
  "CZ_FIPS": 12,
  "CZ_NAME": "EASTERN HILLSBOROUGH",
  "WFO": "BOX",
  "BEGIN_DATE_TIME": "17-DEC-13 14:00:00",
  "CZ_TIMEZONE": "EST-5",
  "END_DATE_TIME": "18-DEC-13 00:00:00",
  "INJURIES_DIRECT": 0,
  "INJURIES_INDIRECT": 0,
  "DEATHS_DIRECT": 0,
  "DEATHS_INDIRECT": 0,
  "DAMAGE_PROPERTY": "0.00K",
  "DAMAGE_CROPS": "0.00K",
  "SOURCE": "Amateur Radio",
  "MAGNITUDE": "",
  "MAGNITUDE_TYPE": "",
  "FLOOD_CAUSE": "",
  "CATEGORY": "",
  "TOR_F_SCALE": "",
  "TOR_LENGTH": "",
  "TOR_WIDTH": "",
  "TOR_OTHER_WFO": "",
  "TOR_OTHER_CZ_STATE": "",
  "TOR_OTHER_CZ_FIPS": "",
  "TOR_OTHER_CZ_NAME": "",
  "BEGIN_RANGE": "",
  "BEGIN_AZIMUTH": "",
  "BEGIN_LOCATION": "",
  "END_RANGE": "",
  "END_AZIMUTH": "",
  "END_LOCATION": "",
  "BEGIN_LAT": "",
  "BEGIN_LON": "",
  "END_LAT": "",
  "END_LON": "",
  "text": "Low pressure moved across Cape Cod bringing accumulating snow to much of southern New England.",
  "EVENT_NARRATIVE": "Five to seven inches of snow fell across eastern Hillsborough County.",
  "DATA_SOURCE": "CSV"
}
