{
  "BEGIN_YEARMONTH": 201305,
  "BEGIN_DAY": 18,
  "BEGIN_TIME": 2233,
  "END_YEARMONTH": 201305,
  "END_DAY": 18,
  "END_TIME": 2233,
  "EPISODE_ID": 72991,
  "EVENT_ID": 440832,
  "STATE": "NEBRASKA",
  "STATE_FIPS": 31,
  "YEAR": 2013,
  "MONTH_NAME": "May",
  "EVENT_TYPE": "Hail",
  "CZ_TYPE": "C",
  "CZ_FIPS": 95,
  "CZ_NAME": "JEFFERSON",
  "WFO": "OAX",
  "BEGIN_DATE_TIME": "18-MAY-13 22:33:00",
  "CZ_TIMEZONE": "CST-6",
  "END_DATE_TIME": "18-MAY-13 22:33:00",
  "INJURIES_DIRECT": 0,
  "INJURIES_INDIRECT": 0,
  "DEATHS_DIRECT": 0,
  "DEATHS_INDIRECT": 0,
  "DAMAGE_PROPERTY": "0.00K",
  "DAMAGE_CROPS": "0.00K",
  "SOURCE": "Emergency Manager",
  "MAGNITUDE": 1,
  "MAGNITUDE_TYPE": "",
  "FLOOD_CAUSE": "",
  "CATEGORY": "",
  "TOR_F_SCALE": "",
  "TOR_LENGTH": "",
  "TOR_WIDTH": "",
  "TOR_OTHER_WFO": "",
  "TOR_OTHER_CZ_STATE": "",
  "TOR_OTHER_CZ_FIPS": "",
  "TOR_OTHER_CZ_NAME": "",
  "BEGIN_RANGE": 1,
  "BEGIN_AZIMUTH": "N",
  "BEGIN_LOCATION": "JANSEN",
  "END_RANGE": 1,
  "END_AZIMUTH": "N",
  "END_LOCATION": "JANSEN",
  "BEGIN_LAT": 40.19,
  "BEGIN_LON": -97.08,
  "END_LAT": 40.19,
  "END_LON": -97.08,
  "text": "Moderately unstable conditions developed over eastern Nebraska during the afternoon and evening of May 18th as temperatures warmed into the 80s and dew point temperatures reached the mid to upper 60s.  As an upper level trough approached from the Rockies, thunderstorms developed in western Nebraska and western Kansas.  These storms moved east across eastern Nebraska and western Iowa and produced isolated areas of wind damage.",
  "EVENT_NARRATIVE": "",
  "DATA_SOURCE": "CSV"
}
