{
  "BEGIN_YEARMONTH": 201305,
  "BEGIN_DAY": 31,
  "BEGIN_TIME": 1920,
  "END_YEARMONTH": 201305,
  "END_DAY": 31,
  "END_TIME": 1920,
  "EPISODE_ID": 75610,
  "EVENT_ID": 456443,
  "STATE": "LAKE ST CLAIR",
  "STATE_FIPS": 81,
  "YEAR": 2013,
  "MONTH_NAME": "May",
  "EVENT_TYPE": "Marine Thunderstorm Wind",
  "CZ_TYPE": "Z",
  "CZ_FIPS": 423,
  "CZ_NAME": "DETROIT RIVER",
  "WFO": "DTX",
  "BEGIN_DATE_TIME": "31-MAY-13 19:20:00",
  "CZ_TIMEZONE": "EST-5",
  "END_DATE_TIME": "31-MAY-13 19:20:00",
  "INJURIES_DIRECT": 0,
  "INJURIES_INDIRECT": 0,
  "DEATHS_DIRECT": 0,
  "DEATHS_INDIRECT": 0,
  "DAMAGE_PROPERTY": "0.00K",
  "DAMAGE_CROPS": "0.00K",
  "SOURCE": "Trained Spotter",
  "MAGNITUDE": 50,
  "MAGNITUDE_TYPE": "EG",
  "FLOOD_CAUSE": "",
  "CATEGORY": "",
  "TOR_F_SCALE": "",
  "TOR_LENGTH": "",
  "TOR_WIDTH": "",
  "TOR_OTHER_WFO": "",
  "TOR_OTHER_CZ_STATE": "",
  "TOR_OTHER_CZ_FIPS": "",
  "TOR_OTHER_CZ_NAME": "",
  "BEGIN_RANGE": 1,
  "BEGIN_AZIMUTH": "NNE",
  "BEGIN_LOCATION": "WYANDOTTE",
  "END_RANGE": 1,
  "END_AZIMUTH": "NNE",
  "END_LOCATION": "WYANDOTTE",
  "BEGIN_LAT": 42.2134,
  "BEGIN_LON": -83.1625,
  "END_LAT": 42.2134,
  "END_LON": -83.1625,
  "text": "A severe thunderstorm moved into the Detroit River.",
  "EVENT_NARRATIVE": "A thunderstorm which brought down large tree limbs north of Wyandotte moved into the Detroit River.",
  "DATA_SOURCE": "CSV"
}
