{
  "BEGIN_YEARMONTH": 201305,
  "BEGIN_DAY": 21,
  "BEGIN_TIME": 1925,
  "END_YEARMONTH": 201305,
  "END_DAY": 21,
  "END_TIME": 1925,
  "EPISODE_ID": 73783,
  "EVENT_ID": 446366,
  "STATE": "TENNESSEE",
  "STATE_FIPS": 47,
  "YEAR": 2013,
  "MONTH_NAME": "May",
  "EVENT_TYPE": "Hail",
  "CZ_TYPE": "C",
  "CZ_FIPS": 163,
  "CZ_NAME": "SULLIVAN",
  "WFO": "MRX",
  "BEGIN_DATE_TIME": "21-MAY-13 19:25:00",
  "CZ_TIMEZONE": "EST-5",
  "END_DATE_TIME": "21-MAY-13 19:25:00",
  "INJURIES_DIRECT": 0,
  "INJURIES_INDIRECT": 0,
  "DEATHS_DIRECT": 0,
  "DEATHS_INDIRECT": 0,
  "DAMAGE_PROPERTY": "",
  "DAMAGE_CROPS": "",
  "SOURCE": "Trained Spotter",
  "MAGNITUDE": 1,
  "MAGNITUDE_TYPE": "",
  "FLOOD_CAUSE": "",
  "CATEGORY": "",
  "TOR_F_SCALE": "",
  "TOR_LENGTH": "",
  "TOR_WIDTH": "",
  "TOR_OTHER_WFO": "",
  "TOR_OTHER_CZ_STATE": "",
  "TOR_OTHER_CZ_FIPS": "",
  "TOR_OTHER_CZ_NAME": "",
  "BEGIN_RANGE": 1,
  "BEGIN_AZIMUTH": "SE",
  "BEGIN_LOCATION": "GALLOWAY MILL",
  "END_RANGE": 1,
  "END_AZIMUTH": "SE",
  "END_LOCATION": "GALLOWAY MILL",
  "BEGIN_LAT": 36.46,
  "BEGIN_LON": -82.27,
  "END_LAT": 36.46,
  "END_LON": -82.27,
  "text": "An outflow boundary from a complex of thunderstorms building across the Mid South interacted with moderate to strongly unstable air across Eastern Tennessee mainly north of interstate 40. The slow moving storms produced mainly wind damage with some hail as well as some flash flooding.",
  "EVENT_NARRATIVE": "Quarter size hail was reported in Bluff City.",
  "DATA_SOURCE": "CSV"
}
