{
  "BEGIN_YEARMONTH": 201305,
  "BEGIN_DAY": 1,
  "BEGIN_TIME": 1700,
  "END_YEARMONTH": 201305,
  "END_DAY": 2,
  "END_TIME": 300,
  "EPISODE_ID": 72677,
  "EVENT_ID": 438492,
  "STATE": "IOWA",
  "STATE_FIPS": 19,
  "YEAR": 2013,
  "MONTH_NAME": "May",
  "EVENT_TYPE": "Winter Weather",
  "CZ_TYPE": "Z",
  "CZ_FIPS": 56,
  "CZ_NAME": "SHELBY",
  "WFO": "OAX",
  "BEGIN_DATE_TIME": "01-MAY-13 17:00:00",
  "CZ_TIMEZONE": "CST-6",
  "END_DATE_TIME": "02-MAY-13 03:00:00",
  "INJURIES_DIRECT": 0,
  "INJURIES_INDIRECT": 0,
  "DEATHS_DIRECT": 0,
  "DEATHS_INDIRECT": 0,
  "DAMAGE_PROPERTY": "0.00K",
  "DAMAGE_CROPS": "0.00K",
  "SOURCE": "COOP Observer",
  "MAGNITUDE": "",
  "MAGNITUDE_TYPE": "",
  "FLOOD_CAUSE": "",
  "CATEGORY": "",
  "TOR_F_SCALE": "",
  "TOR_LENGTH": "",
  "TOR_WIDTH": "",
  "TOR_OTHER_WFO": "",
  "TOR_OTHER_CZ_STATE": "",
  "TOR_OTHER_CZ_FIPS": "",
  "TOR_OTHER_CZ_NAME": "",
  "BEGIN_RANGE": "",
  "BEGIN_AZIMUTH": "",
  "BEGIN_LOCATION": "",
  "END_RANGE": "",
  "END_AZIMUTH": "",
  "END_LOCATION": "",
  "BEGIN_LAT": "",
  "BEGIN_LON": "",
  "END_LAT": "",
  "END_LON": "",
  "text": "A unseasonably cold upper level system brought snow, or sleet that changed to snow to much of western Iowa on May 1st into the early morning hours of May 2nd. Snow and sleet intensities were enhanced by scattered thunderstorms that moved across the area. Snowfall totals of 1 to 3 inches fell over most of the region with a swath of 3 to 5 inches reported from Pottawattamie county north through Harlan, Little Sioux and Castana with even an isolated report of around 6 inches a little east of Missouri Valley.  |The snow and sleet created slushy and rutted roads and winds gusting over 20 mph combined with poor visibilities in moderate snow making for a period of difficult driving conditions which caused some vehicles to slide into ditches, especially along I29 north of Council Bluffs.",
  "EVENT_NARRATIVE": "",
  "DATA_SOURCE": "CSV"
}
