{
  "BEGIN_YEARMONTH": 201307,
  "BEGIN_DAY": 19,
  "BEGIN_TIME": 1054,
  "END_YEARMONTH": 201307,
  "END_DAY": 19,
  "END_TIME": 1530,
  "EPISODE_ID": 77554,
  "EVENT_ID": 468057,
  "STATE": "MARYLAND",
  "STATE_FIPS": 24,
  "YEAR": 2013,
  "MONTH_NAME": "July",
  "EVENT_TYPE": "Excessive Heat",
  "CZ_TYPE": "Z",
  "CZ_FIPS": 11,
  "CZ_NAME": "SOUTHERN BALTIMORE",
  "WFO": "LWX",
  "BEGIN_DATE_TIME": "19-JUL-13 10:54:00",
  "CZ_TIMEZONE": "EST-5",
  "END_DATE_TIME": "19-JUL-13 15:30:00",
  "INJURIES_DIRECT": 0,
  "INJURIES_INDIRECT": 0,
  "DEATHS_DIRECT": 0,
  "DEATHS_INDIRECT": 0,
  "DAMAGE_PROPERTY": "0.00K",
  "DAMAGE_CROPS": "0.00K",
  "SOURCE": "AWOS",
  "MAGNITUDE": "",
  "MAGNITUDE_TYPE": "",
  "FLOOD_CAUSE": "",
  "CATEGORY": "",
  "TOR_F_SCALE": "",
  "TOR_LENGTH": "",
  "TOR_WIDTH": "",
  "TOR_OTHER_WFO": "",
  "TOR_OTHER_CZ_STATE": "",
  "TOR_OTHER_CZ_FIPS": "",
  "TOR_OTHER_CZ_NAME": "",
  "BEGIN_RANGE": "",
  "BEGIN_AZIMUTH": "",
  "BEGIN_LOCATION": "",
  "END_RANGE": "",
  "END_AZIMUTH": "",
  "END_LOCATION": "",
  "BEGIN_LAT": "",
  "BEGIN_LON": "",
  "END_LAT": "",
  "END_LON": "",
  "text": "High pressure was located over much of the eastern United States for a consecutive day and light southerly flow persisted all week which led to above normal temperatures and dew points in the mid 70s.",
  "EVENT_NARRATIVE": "Heat indices were around 110 degrees at Martins State Airport and Maryland Science Center.",
  "DATA_SOURCE": "CSV"
}
