{
  "BEGIN_YEARMONTH": 201302,
  "BEGIN_DAY": 8,
  "BEGIN_TIME": 2100,
  "END_YEARMONTH": 201302,
  "END_DAY": 9,
  "END_TIME": 600,
  "EPISODE_ID": 71943,
  "EVENT_ID": 435820,
  "STATE": "NEW HAMPSHIRE",
  "STATE_FIPS": 33,
  "YEAR": 2013,
  "MONTH_NAME": "February",
  "EVENT_TYPE": "Blizzard",
  "CZ_TYPE": "Z",
  "CZ_FIPS": 12,
  "CZ_NAME": "EASTERN HILLSBOROUGH",
  "WFO": "BOX",
  "BEGIN_DATE_TIME": "08-FEB-13 21:00:00",
  "CZ_TIMEZONE": "EST-5",
  "END_DATE_TIME": "09-FEB-13 06:00:00",
  "INJURIES_DIRECT": 0,
  "INJURIES_INDIRECT": 0,
  "DEATHS_DIRECT": 0,
  "DEATHS_INDIRECT": 0,
  "DAMAGE_PROPERTY": "0.00K",
  "DAMAGE_CROPS": "0.00K",
  "SOURCE": "ASOS",
  "MAGNITUDE": "",
  "MAGNITUDE_TYPE": "",
  "FLOOD_CAUSE": "",
  "CATEGORY": "",
  "TOR_F_SCALE": "",
  "TOR_LENGTH": "",
  "TOR_WIDTH": "",
  "TOR_OTHER_WFO": "",
  "TOR_OTHER_CZ_STATE": "",
  "TOR_OTHER_CZ_FIPS": "",
  "TOR_OTHER_CZ_NAME": "",
  "BEGIN_RANGE": "",
  "BEGIN_AZIMUTH": "",
  "BEGIN_LOCATION": "",
  "END_RANGE": "",
  "END_AZIMUTH": "",
  "END_LOCATION": "",
  "BEGIN_LAT": "",
  "BEGIN_LON": "",
  "END_LAT": "",
  "END_LON": "",
  "text": "An historic winter storm deposited tremendous amounts of snow over all of southern New England, mainly from the mid-afternoon on Friday, February 8 and lasting into the daylight hours of Saturday, February 9. What made this an amazing storm was the widespread coverage of heavy snowfall.  Most locations received 2 to 2.5 feet of snow!  A stationary band of even heavier snowfall persisted from southwest NH through central MA and on to the southwest across central and western CT. In those areas, reports averaged closer to 2.5 to 3 feet! Isolated thunderstorms were common across the entire region during the height of the storm.||A low pressure system advancing from the Great Lakes region combined forces with a very moist low pressure system moving northeast from the Gulf Coast states. Explosive deepening took place Friday evening, February 8, as a low center moved from the North Carolina coast to south of Nantucket.  Strong high pressure to the north of New England helped ensure that cold air remained in place over the area. Snowfall gained intensity during the afternoon, but during the night, 2 to 3 inch per hour amounts were common throughout the region. The band of heaviest snowfall, with 3 to 5 inches per hour for several hours, extended from southwest NH to central and western CT.  Snow ended in the morning in western and central MA, southwest NH, most of CT and RI, and in the early afternoon across eastern MA.",
  "EVENT_NARRATIVE": "Blizzard conditions were observed on the Automated Surface Observing System at Manchester-Boston Regional Airport (KMHT) for a total of three hours.  End time of this event was estimated due to the loss of wind sensors at almost all ASOS stations in Southern New England.",
  "DATA_SOURCE": "CSV"
}
