{
  "BEGIN_YEARMONTH": 201306,
  "BEGIN_DAY": 18,
  "BEGIN_TIME": 1613,
  "END_YEARMONTH": 201306,
  "END_DAY": 18,
  "END_TIME": 2213,
  "EPISODE_ID": 76356,
  "EVENT_ID": 460474,
  "STATE": "VIRGINIA",
  "STATE_FIPS": 51,
  "YEAR": 2013,
  "MONTH_NAME": "June",
  "EVENT_TYPE": "Flash Flood",
  "CZ_TYPE": "C",
  "CZ_FIPS": 3,
  "CZ_NAME": "ALBEMARLE",
  "WFO": "LWX",
  "BEGIN_DATE_TIME": "18-JUN-13 16:13:00",
  "CZ_TIMEZONE": "EST-5",
  "END_DATE_TIME": "18-JUN-13 22:13:00",
  "INJURIES_DIRECT": 0,
  "INJURIES_INDIRECT": 0,
  "DEATHS_DIRECT": 0,
  "DEATHS_INDIRECT": 0,
  "DAMAGE_PROPERTY": "0.00K",
  "DAMAGE_CROPS": "0.00K",
  "SOURCE": "911 Call Center",
  "MAGNITUDE": "",
  "MAGNITUDE_TYPE": "",
  "FLOOD_CAUSE": "Heavy Rain",
  "CATEGORY": "",
  "TOR_F_SCALE": "",
  "TOR_LENGTH": "",
  "TOR_WIDTH": "",
  "TOR_OTHER_WFO": "",
  "TOR_OTHER_CZ_STATE": "",
  "TOR_OTHER_CZ_FIPS": "",
  "TOR_OTHER_CZ_NAME": "",
  "BEGIN_RANGE": 1,
  "BEGIN_AZIMUTH": "NE",
  "BEGIN_LOCATION": "NORTH GARDEN",
  "END_RANGE": 1,
  "END_AZIMUTH": "NE",
  "END_LOCATION": "NORTH GARDEN",
  "BEGIN_LAT": 37.9416,
  "BEGIN_LON": -78.6345,
  "END_LAT": 37.94,
  "END_LON": -78.6345,
  "text": "A weak cold front moved through the region and stalled over the area.  Convergence along the boundary led to heavy showers.  A few breaks in the clouds led to an increase in instability and thunderstorms that produced heavy rain in activity.",
  "EVENT_NARRATIVE": "Plank Road was closed due to high water in North Garden.",
  "DATA_SOURCE": "CSV"
}
