{
  "BEGIN_YEARMONTH": 201305,
  "BEGIN_DAY": 30,
  "BEGIN_TIME": 1525,
  "END_YEARMONTH": 201305,
  "END_DAY": 30,
  "END_TIME": 1525,
  "EPISODE_ID": 75601,
  "EVENT_ID": 456355,
  "STATE": "MICHIGAN",
  "STATE_FIPS": 26,
  "YEAR": 2013,
  "MONTH_NAME": "May",
  "EVENT_TYPE": "Hail",
  "CZ_TYPE": "C",
  "CZ_FIPS": 17,
  "CZ_NAME": "BAY",
  "WFO": "DTX",
  "BEGIN_DATE_TIME": "30-MAY-13 15:25:00",
  "CZ_TIMEZONE": "EST-5",
  "END_DATE_TIME": "30-MAY-13 15:25:00",
  "INJURIES_DIRECT": 0,
  "INJURIES_INDIRECT": 0,
  "DEATHS_DIRECT": 0,
  "DEATHS_INDIRECT": 0,
  "DAMAGE_PROPERTY": "0.00K",
  "DAMAGE_CROPS": "0.00K",
  "SOURCE": "Public",
  "MAGNITUDE": 0.75,
  "MAGNITUDE_TYPE": "",
  "FLOOD_CAUSE": "",
  "CATEGORY": "",
  "TOR_F_SCALE": "",
  "TOR_LENGTH": "",
  "TOR_WIDTH": "",
  "TOR_OTHER_WFO": "",
  "TOR_OTHER_CZ_STATE": "",
  "TOR_OTHER_CZ_FIPS": "",
  "TOR_OTHER_CZ_NAME": "",
  "BEGIN_RANGE": 1,
  "BEGIN_AZIMUTH": "W",
  "BEGIN_LOCATION": "CRUMP",
  "END_RANGE": 1,
  "END_AZIMUTH": "W",
  "END_LOCATION": "CRUMP",
  "BEGIN_LAT": 43.75,
  "BEGIN_LON": -84.09,
  "END_LAT": 43.75,
  "END_LON": -84.09,
  "text": "Several severe thunderstorms developed with good afternoon instability.",
  "EVENT_NARRATIVE": "",
  "DATA_SOURCE": "CSV"
}
