{
  "BEGIN_YEARMONTH": 201303,
  "BEGIN_DAY": 18,
  "BEGIN_TIME": 2200,
  "END_YEARMONTH": 201303,
  "END_DAY": 19,
  "END_TIME": 2100,
  "EPISODE_ID": 72349,
  "EVENT_ID": 437735,
  "STATE": "NEW HAMPSHIRE",
  "STATE_FIPS": 33,
  "YEAR": 2013,
  "MONTH_NAME": "March",
  "EVENT_TYPE": "Heavy Snow",
  "CZ_TYPE": "Z",
  "CZ_FIPS": 12,
  "CZ_NAME": "EASTERN HILLSBOROUGH",
  "WFO": "BOX",
  "BEGIN_DATE_TIME": "18-MAR-13 22:00:00",
  "CZ_TIMEZONE": "EST-5",
  "END_DATE_TIME": "19-MAR-13 21:00:00",
  "INJURIES_DIRECT": 0,
  "INJURIES_INDIRECT": 0,
  "DEATHS_DIRECT": 0,
  "DEATHS_INDIRECT": 0,
  "DAMAGE_PROPERTY": "0.00K",
  "DAMAGE_CROPS": "0.00K",
  "SOURCE": "COOP Observer",
  "MAGNITUDE": "",
  "MAGNITUDE_TYPE": "",
  "FLOOD_CAUSE": "",
  "CATEGORY": "",
  "TOR_F_SCALE": "",
  "TOR_LENGTH": "",
  "TOR_WIDTH": "",
  "TOR_OTHER_WFO": "",
  "TOR_OTHER_CZ_STATE": "",
  "TOR_OTHER_CZ_FIPS": "",
  "TOR_OTHER_CZ_NAME": "",
  "BEGIN_RANGE": "",
  "BEGIN_AZIMUTH": "",
  "BEGIN_LOCATION": "",
  "END_RANGE": "",
  "END_AZIMUTH": "",
  "END_LOCATION": "",
  "BEGIN_LAT": "",
  "BEGIN_LON": "",
  "END_LAT": "",
  "END_LON": "",
  "text": "A coastal storm moved across the southern New England coastline, spreading a wintry mix of precipitation across much of the area.  While the precipitation started as snow for most locations, snow quickly transitioned to sleet and freezing rain across portions of Connecticut, Rhode Island, and southeastern Massachusetts.  Areas of northern Massachusetts and southwestern New Hampshire remained all snow and received around a foot of snow.",
  "EVENT_NARRATIVE": "Seven to fourteen inches of snow fell across eastern Hillsborough County.",
  "DATA_SOURCE": "CSV"
}
