{
  "BEGIN_YEARMONTH": 201305,
  "BEGIN_DAY": 29,
  "BEGIN_TIME": 1400,
  "END_YEARMONTH": 201305,
  "END_DAY": 29,
  "END_TIME": 1900,
  "EPISODE_ID": 75055,
  "EVENT_ID": 453834,
  "STATE": "MONTANA",
  "STATE_FIPS": 30,
  "YEAR": 2013,
  "MONTH_NAME": "May",
  "EVENT_TYPE": "Debris Flow",
  "CZ_TYPE": "C",
  "CZ_FIPS": 65,
  "CZ_NAME": "MUSSELSHELL",
  "WFO": "BYZ",
  "BEGIN_DATE_TIME": "29-MAY-13 14:00:00",
  "CZ_TIMEZONE": "MST-7",
  "END_DATE_TIME": "29-MAY-13 19:00:00",
  "INJURIES_DIRECT": 0,
  "INJURIES_INDIRECT": 0,
  "DEATHS_DIRECT": 0,
  "DEATHS_INDIRECT": 0,
  "DAMAGE_PROPERTY": "0.00K",
  "DAMAGE_CROPS": "0.00K",
  "SOURCE": "Emergency Manager",
  "MAGNITUDE": "",
  "MAGNITUDE_TYPE": "",
  "FLOOD_CAUSE": "Heavy Rain / Burn Area",
  "CATEGORY": "",
  "TOR_F_SCALE": "",
  "TOR_LENGTH": "",
  "TOR_WIDTH": "",
  "TOR_OTHER_WFO": "",
  "TOR_OTHER_CZ_STATE": "",
  "TOR_OTHER_CZ_FIPS": "",
  "TOR_OTHER_CZ_NAME": "",
  "BEGIN_RANGE": 6,
  "BEGIN_AZIMUTH": "S",
  "BEGIN_LOCATION": "KLEIN",
  "END_RANGE": 9,
  "END_AZIMUTH": "S",
  "END_LOCATION": "KLEIN",
  "BEGIN_LAT": 46.3121,
  "BEGIN_LON": -108.5373,
  "END_LAT": 46.2677,
  "END_LON": -108.4975,
  "text": "Heavy thunderstorms moved across the Dahl and Chalky Fire burn scar areas.",
  "EVENT_NARRATIVE": "Flash flooding occurred in the Dahl Fire burn scar area, especially along the drainages on the western side of the burn area. Water flowed across Buckskin Road and flooding was also significant in the Harper Coulee.",
  "DATA_SOURCE": "CSV"
}
