{
  "BEGIN_YEARMONTH": 201305,
  "BEGIN_DAY": 21,
  "BEGIN_TIME": 1830,
  "END_YEARMONTH": 201305,
  "END_DAY": 21,
  "END_TIME": 1830,
  "EPISODE_ID": 73783,
  "EVENT_ID": 446363,
  "STATE": "TENNESSEE",
  "STATE_FIPS": 47,
  "YEAR": 2013,
  "MONTH_NAME": "May",
  "EVENT_TYPE": "Thunderstorm Wind",
  "CZ_TYPE": "C",
  "CZ_FIPS": 89,
  "CZ_NAME": "JEFFERSON",
  "WFO": "MRX",
  "BEGIN_DATE_TIME": "21-MAY-13 18:30:00",
  "CZ_TIMEZONE": "EST-5",
  "END_DATE_TIME": "21-MAY-13 18:30:00",
  "INJURIES_DIRECT": 0,
  "INJURIES_INDIRECT": 0,
  "DEATHS_DIRECT": 0,
  "DEATHS_INDIRECT": 0,
  "DAMAGE_PROPERTY": "",
  "DAMAGE_CROPS": "",
  "SOURCE": "NWS Employee",
  "MAGNITUDE": 50,
  "MAGNITUDE_TYPE": "EG",
  "FLOOD_CAUSE": "",
  "CATEGORY": "",
  "TOR_F_SCALE": "",
  "TOR_LENGTH": "",
  "TOR_WIDTH": "",
  "TOR_OTHER_WFO": "",
  "TOR_OTHER_CZ_STATE": "",
  "TOR_OTHER_CZ_FIPS": "",
  "TOR_OTHER_CZ_NAME": "",
  "BEGIN_RANGE": 1,
  "BEGIN_AZIMUTH": "W",
  "BEGIN_LOCATION": "JEFFERSON CITY",
  "END_RANGE": 1,
  "END_AZIMUTH": "W",
  "END_LOCATION": "JEFFERSON CITY",
  "BEGIN_LAT": 36.12,
  "BEGIN_LON": -83.49,
  "END_LAT": 36.12,
  "END_LON": -83.49,
  "text": "An outflow boundary from a complex of thunderstorms building across the Mid South interacted with moderate to strongly unstable air across Eastern Tennessee mainly north of interstate 40. The slow moving storms produced mainly wind damage with some hail as well as some flash flooding.",
  "EVENT_NARRATIVE": "A few trees were reported down near East Dumplin Valley Road.",
  "DATA_SOURCE": "CSV"
}
