{
  "BEGIN_YEARMONTH": 201305,
  "BEGIN_DAY": 1,
  "BEGIN_TIME": 0,
  "END_YEARMONTH": 201305,
  "END_DAY": 31,
  "END_TIME": 2359,
  "EPISODE_ID": 75685,
  "EVENT_ID": 456844,
  "STATE": "TEXAS",
  "STATE_FIPS": 48,
  "YEAR": 2013,
  "MONTH_NAME": "May",
  "EVENT_TYPE": "Drought",
  "CZ_TYPE": "Z",
  "CZ_FIPS": 204,
  "CZ_NAME": "MEDINA",
  "WFO": "EWX",
  "BEGIN_DATE_TIME": "01-MAY-13 00:00:00",
  "CZ_TIMEZONE": "CST-6",
  "END_DATE_TIME": "31-MAY-13 23:59:00",
  "INJURIES_DIRECT": 0,
  "INJURIES_INDIRECT": 0,
  "DEATHS_DIRECT": 0,
  "DEATHS_INDIRECT": 0,
  "DAMAGE_PROPERTY": "0.00K",
  "DAMAGE_CROPS": "0.00K",
  "SOURCE": "Official NWS Observations",
  "MAGNITUDE": "",
  "MAGNITUDE_TYPE": "",
  "FLOOD_CAUSE": "",
  "CATEGORY": "",
  "TOR_F_SCALE": "",
  "TOR_LENGTH": "",
  "TOR_WIDTH": "",
  "TOR_OTHER_WFO": "",
  "TOR_OTHER_CZ_STATE": "",
  "TOR_OTHER_CZ_FIPS": "",
  "TOR_OTHER_CZ_NAME": "",
  "BEGIN_RANGE": "",
  "BEGIN_AZIMUTH": "",
  "BEGIN_LOCATION": "",
  "END_RANGE": "",
  "END_AZIMUTH": "",
  "END_LOCATION": "",
  "BEGIN_LAT": "",
  "BEGIN_LON": "",
  "END_LAT": "",
  "END_LON": "",
  "text": "May brought some much needed rain to South Central Texas. Much of the area received above normal rainfall and 14 counties moved to better than severe (Stage D2) drought. In addition, Bandera, Kerr, Medina, Real, Uvalde, and Williamson Counties improved a category to stage D2. All the other counties stayed the same with Kinney, Maverick, and Val Verde in exceptional (Stage D4) drought category, Dimmit, Edwards, and Zavala in extreme (Stage D3), and Bastrop, De Witt, Frio, Gillespie, Lee, and Llano in severe (Stage D2) category. Fire danger at the end of the month was low to moderate. Of the counties in D2 or worse drought seven had outdoor burn bans in effect at the end of the month. These were Dimmit, Edwards, Frio, Kinney, Maverick, Medina, and Val Verde. The seven day stream flow averages were much below normal (less than 10 percent) across the Colorado River basin. The Guadalupe, Nueces, Rio Grande, and Frio River basins were reporting below normal (10 to 24 percent) flow. Area lakes and reservoirs continued below normal pool elevations. Lake Amistad was around 61 feet below normal at 1056.3 feet which is a new record low for the lake. Lake Travis was 52 feet below normal and Medina Lake near 82 feet below normal which left it at 5.5 percent of capacity. The Edwards Aquifer saw some improvement from the rain in May, but was still 8 feet below normal, and 4.2 feet below the level at the end of May 2012. Uvalde was in stage 5 water restrictions and Kerrville was in stage 1.",
  "EVENT_NARRATIVE": "May brought some much needed rain to South Central Texas. Much of the area received above normal rainfall and 14 counties moved to better than severe (Stage D2) drought. In addition, Bandera, Kerr, Medina, Real, Uvalde, and Williamson Counties improved a category to stage D2. All the other counties stayed the same with Kinney, Maverick, and Val Verde in exceptional (Stage D4) drought category, Dimmit, Edwards, and Zavala in extreme (Stage D3), and Bastrop, De Witt, Frio, Gillespie, Lee, and Llano in severe (Stage D2) category. Fire danger at the end of the month was low to moderate. Of the counties in D2 or worse drought seven had outdoor burn bans in effect at the end of the month. These were Dimmit, Edwards, Frio, Kinney, Maverick, Medina, and Val Verde. The seven day stream flow averages were much below normal (less than 10 percent) across the Colorado River basin. The Guadalupe, Nueces, Rio Grande, and Frio River basins were reporting below normal (10 to 24 percent) flow. Area lakes and reservoirs continued below normal pool elevations. Lake Amistad was around 61 feet below normal at 1056.3 feet which is a new record low for the lake. Lake Travis was 52 feet below normal and Medina Lake near 82 feet below normal which left it at 5.5 percent of capacity. The Edwards Aquifer saw some improvement from the rain in May, but was still 8 feet below normal, and 4.2 feet below the level at the end of May 2012. Uvalde was in stage 5 water restrictions and Kerrville was in stage 1.",
  "DATA_SOURCE": "CSV"
}
