{
  "BEGIN_YEARMONTH": 201305,
  "BEGIN_DAY": 23,
  "BEGIN_TIME": 1830,
  "END_YEARMONTH": 201305,
  "END_DAY": 23,
  "END_TIME": 2030,
  "EPISODE_ID": 75807,
  "EVENT_ID": 457552,
  "STATE": "MARYLAND",
  "STATE_FIPS": 24,
  "YEAR": 2013,
  "MONTH_NAME": "May",
  "EVENT_TYPE": "Flash Flood",
  "CZ_TYPE": "C",
  "CZ_FIPS": 31,
  "CZ_NAME": "MONTGOMERY",
  "WFO": "LWX",
  "BEGIN_DATE_TIME": "23-MAY-13 18:30:00",
  "CZ_TIMEZONE": "EST-5",
  "END_DATE_TIME": "23-MAY-13 20:30:00",
  "INJURIES_DIRECT": 0,
  "INJURIES_INDIRECT": 0,
  "DEATHS_DIRECT": 0,
  "DEATHS_INDIRECT": 0,
  "DAMAGE_PROPERTY": "0.00K",
  "DAMAGE_CROPS": "0.00K",
  "SOURCE": "Trained Spotter",
  "MAGNITUDE": "",
  "MAGNITUDE_TYPE": "",
  "FLOOD_CAUSE": "Heavy Rain",
  "CATEGORY": "",
  "TOR_F_SCALE": "",
  "TOR_LENGTH": "",
  "TOR_WIDTH": "",
  "TOR_OTHER_WFO": "",
  "TOR_OTHER_CZ_STATE": "",
  "TOR_OTHER_CZ_FIPS": "",
  "TOR_OTHER_CZ_NAME": "",
  "BEGIN_RANGE": 1,
  "BEGIN_AZIMUTH": "E",
  "BEGIN_LOCATION": "CEDAR GROVE",
  "END_RANGE": 1,
  "END_AZIMUTH": "E",
  "END_LOCATION": "CEDAR GROVE",
  "BEGIN_LAT": 39.2512,
  "BEGIN_LON": -77.2081,
  "END_LAT": 39.2501,
  "END_LON": -77.2083,
  "text": "A cold front was approaching from the west. Ahead of it temperatures reached their convective temps and wind speeds increased. Thunderstorms formed along a lee trough.",
  "EVENT_NARRATIVE": "Loghouse Road was impassable at Magruder Branch.",
  "DATA_SOURCE": "CSV"
}
