{
  "BEGIN_YEARMONTH": 201304,
  "BEGIN_DAY": 10,
  "BEGIN_TIME": 1345,
  "END_YEARMONTH": 201304,
  "END_DAY": 10,
  "END_TIME": 1345,
  "EPISODE_ID": 72767,
  "EVENT_ID": 439074,
  "STATE": "MISSOURI",
  "STATE_FIPS": 29,
  "YEAR": 2013,
  "MONTH_NAME": "April",
  "EVENT_TYPE": "Hail",
  "CZ_TYPE": "C",
  "CZ_FIPS": 71,
  "CZ_NAME": "FRANKLIN",
  "WFO": "LSX",
  "BEGIN_DATE_TIME": "10-APR-13 13:45:00",
  "CZ_TIMEZONE": "CST-6",
  "END_DATE_TIME": "10-APR-13 13:45:00",
  "INJURIES_DIRECT": 0,
  "INJURIES_INDIRECT": 0,
  "DEATHS_DIRECT": 0,
  "DEATHS_INDIRECT": 0,
  "DAMAGE_PROPERTY": "0.00K",
  "DAMAGE_CROPS": "0.00K",
  "SOURCE": "Amateur Radio",
  "MAGNITUDE": 1,
  "MAGNITUDE_TYPE": "",
  "FLOOD_CAUSE": "",
  "CATEGORY": "",
  "TOR_F_SCALE": "",
  "TOR_LENGTH": "",
  "TOR_WIDTH": "",
  "TOR_OTHER_WFO": "",
  "TOR_OTHER_CZ_STATE": "",
  "TOR_OTHER_CZ_FIPS": "",
  "TOR_OTHER_CZ_NAME": "",
  "BEGIN_RANGE": 2,
  "BEGIN_AZIMUTH": "NNE",
  "BEGIN_LOCATION": "JEFFRIESBURG",
  "END_RANGE": 2,
  "END_AZIMUTH": "NNE",
  "END_LOCATION": "JEFFRIESBURG",
  "BEGIN_LAT": 38.4609,
  "BEGIN_LON": -91.0657,
  "END_LAT": 38.4609,
  "END_LON": -91.0657,
  "text": "A strong weather system moved through the region, triggering showers and thunderstorms.  There were numerous reports of large hail, as well as damaging winds and three tornadoes.",
  "EVENT_NARRATIVE": "",
  "DATA_SOURCE": "CSV"
}
