{
  "BEGIN_YEARMONTH": 201308,
  "BEGIN_DAY": 12,
  "BEGIN_TIME": 255,
  "END_YEARMONTH": 201308,
  "END_DAY": 12,
  "END_TIME": 650,
  "EPISODE_ID": 78981,
  "EVENT_ID": 474194,
  "STATE": "VIRGINIA",
  "STATE_FIPS": 51,
  "YEAR": 2013,
  "MONTH_NAME": "August",
  "EVENT_TYPE": "Dense Fog",
  "CZ_TYPE": "Z",
  "CZ_FIPS": 30,
  "CZ_NAME": "WARREN",
  "WFO": "LWX",
  "BEGIN_DATE_TIME": "12-AUG-13 02:55:00",
  "CZ_TIMEZONE": "EST-5",
  "END_DATE_TIME": "12-AUG-13 06:50:00",
  "INJURIES_DIRECT": 0,
  "INJURIES_INDIRECT": 0,
  "DEATHS_DIRECT": 0,
  "DEATHS_INDIRECT": 0,
  "DAMAGE_PROPERTY": "0.00K",
  "DAMAGE_CROPS": "0.00K",
  "SOURCE": "AWOS",
  "MAGNITUDE": "",
  "MAGNITUDE_TYPE": "",
  "FLOOD_CAUSE": "",
  "CATEGORY": "",
  "TOR_F_SCALE": "",
  "TOR_LENGTH": "",
  "TOR_WIDTH": "",
  "TOR_OTHER_WFO": "",
  "TOR_OTHER_CZ_STATE": "",
  "TOR_OTHER_CZ_FIPS": "",
  "TOR_OTHER_CZ_NAME": "",
  "BEGIN_RANGE": "",
  "BEGIN_AZIMUTH": "",
  "BEGIN_LOCATION": "",
  "END_RANGE": "",
  "END_AZIMUTH": "",
  "END_LOCATION": "",
  "BEGIN_LAT": "",
  "BEGIN_LON": "",
  "END_LAT": "",
  "END_LON": "",
  "text": "A stationary boundary existed across the Mason Dixon line while dewpoints in the 60s and 70s persisted into the morning hours. Dense fog formed in Central Virginia and Shenandoah Valley.",
  "EVENT_NARRATIVE": "Visibilities of a quarter mile were estimated at Luray Airport.",
  "DATA_SOURCE": "CSV"
}
