{
  "BEGIN_YEARMONTH": 201305,
  "BEGIN_DAY": 22,
  "BEGIN_TIME": 1618,
  "END_YEARMONTH": 201305,
  "END_DAY": 22,
  "END_TIME": 1618,
  "EPISODE_ID": 73786,
  "EVENT_ID": 446389,
  "STATE": "VIRGINIA",
  "STATE_FIPS": 51,
  "YEAR": 2013,
  "MONTH_NAME": "May",
  "EVENT_TYPE": "Thunderstorm Wind",
  "CZ_TYPE": "C",
  "CZ_FIPS": 169,
  "CZ_NAME": "SCOTT",
  "WFO": "MRX",
  "BEGIN_DATE_TIME": "22-MAY-13 16:18:00",
  "CZ_TIMEZONE": "EST-5",
  "END_DATE_TIME": "22-MAY-13 16:18:00",
  "INJURIES_DIRECT": 0,
  "INJURIES_INDIRECT": 0,
  "DEATHS_DIRECT": 0,
  "DEATHS_INDIRECT": 0,
  "DAMAGE_PROPERTY": "",
  "DAMAGE_CROPS": "",
  "SOURCE": "State Official",
  "MAGNITUDE": 50,
  "MAGNITUDE_TYPE": "EG",
  "FLOOD_CAUSE": "",
  "CATEGORY": "",
  "TOR_F_SCALE": "",
  "TOR_LENGTH": "",
  "TOR_WIDTH": "",
  "TOR_OTHER_WFO": "",
  "TOR_OTHER_CZ_STATE": "",
  "TOR_OTHER_CZ_FIPS": "",
  "TOR_OTHER_CZ_NAME": "",
  "BEGIN_RANGE": 0,
  "BEGIN_AZIMUTH": "N",
  "BEGIN_LOCATION": "NICKELSVILLE",
  "END_RANGE": 0,
  "END_AZIMUTH": "N",
  "END_LOCATION": "NICKELSVILLE",
  "BEGIN_LAT": 36.75,
  "BEGIN_LON": -82.42,
  "END_LAT": 36.75,
  "END_LON": -82.42,
  "text": "Severe thunderstorms formed along an outflow boundary across the Mid South and moved into the Southern Appalachians during the afternoon and early evening. The |result of the early Spring event was mostly wind damage along with some small hail.",
  "EVENT_NARRATIVE": "Numerous trees were reported down around Nickelsville and Fort Blackmore.",
  "DATA_SOURCE": "CSV"
}
