{
  "BEGIN_YEARMONTH": 201305,
  "BEGIN_DAY": 25,
  "BEGIN_TIME": 1900,
  "END_YEARMONTH": 201305,
  "END_DAY": 25,
  "END_TIME": 1900,
  "EPISODE_ID": 74324,
  "EVENT_ID": 449844,
  "STATE": "MONTANA",
  "STATE_FIPS": 30,
  "YEAR": 2013,
  "MONTH_NAME": "May",
  "EVENT_TYPE": "Hail",
  "CZ_TYPE": "C",
  "CZ_FIPS": 87,
  "CZ_NAME": "ROSEBUD",
  "WFO": "BYZ",
  "BEGIN_DATE_TIME": "25-MAY-13 19:00:00",
  "CZ_TIMEZONE": "MST-7",
  "END_DATE_TIME": "25-MAY-13 19:00:00",
  "INJURIES_DIRECT": 0,
  "INJURIES_INDIRECT": 0,
  "DEATHS_DIRECT": 0,
  "DEATHS_INDIRECT": 0,
  "DAMAGE_PROPERTY": "0.00K",
  "DAMAGE_CROPS": "0.00K",
  "SOURCE": "Trained Spotter",
  "MAGNITUDE": 1,
  "MAGNITUDE_TYPE": "",
  "FLOOD_CAUSE": "",
  "CATEGORY": "",
  "TOR_F_SCALE": "",
  "TOR_LENGTH": "",
  "TOR_WIDTH": "",
  "TOR_OTHER_WFO": "",
  "TOR_OTHER_CZ_STATE": "",
  "TOR_OTHER_CZ_FIPS": "",
  "TOR_OTHER_CZ_NAME": "",
  "BEGIN_RANGE": 4,
  "BEGIN_AZIMUTH": "NW",
  "BEGIN_LOCATION": "COLSTRIP",
  "END_RANGE": 4,
  "END_AZIMUTH": "NW",
  "END_LOCATION": "COLSTRIP",
  "BEGIN_LAT": 45.92,
  "BEGIN_LON": -106.63,
  "END_LAT": 45.92,
  "END_LON": -106.63,
  "text": "Steep lapse rates, moderate instability and vertically veering wind profiles with 40-50 kt deep-layer shear resulted in the development of severe thunderstorms producing large hail and funnel clouds across Southeast Montana.",
  "EVENT_NARRATIVE": "",
  "DATA_SOURCE": "CSV"
}
