{
  "BEGIN_YEARMONTH": 201305,
  "BEGIN_DAY": 8,
  "BEGIN_TIME": 1853,
  "END_YEARMONTH": 201305,
  "END_DAY": 8,
  "END_TIME": 1853,
  "EPISODE_ID": 75817,
  "EVENT_ID": 457635,
  "STATE": "KANSAS",
  "STATE_FIPS": 20,
  "YEAR": 2013,
  "MONTH_NAME": "May",
  "EVENT_TYPE": "Hail",
  "CZ_TYPE": "C",
  "CZ_FIPS": 33,
  "CZ_NAME": "COMANCHE",
  "WFO": "DDC",
  "BEGIN_DATE_TIME": "08-MAY-13 18:53:00",
  "CZ_TIMEZONE": "CST-6",
  "END_DATE_TIME": "08-MAY-13 18:53:00",
  "INJURIES_DIRECT": 0,
  "INJURIES_INDIRECT": 0,
  "DEATHS_DIRECT": 0,
  "DEATHS_INDIRECT": 0,
  "DAMAGE_PROPERTY": "",
  "DAMAGE_CROPS": "",
  "SOURCE": "Trained Spotter",
  "MAGNITUDE": 1,
  "MAGNITUDE_TYPE": "",
  "FLOOD_CAUSE": "",
  "CATEGORY": "",
  "TOR_F_SCALE": "",
  "TOR_LENGTH": "",
  "TOR_WIDTH": "",
  "TOR_OTHER_WFO": "",
  "TOR_OTHER_CZ_STATE": "",
  "TOR_OTHER_CZ_FIPS": "",
  "TOR_OTHER_CZ_NAME": "",
  "BEGIN_RANGE": 1,
  "BEGIN_AZIMUTH": "N",
  "BEGIN_LOCATION": "COLDWATER",
  "END_RANGE": 1,
  "END_AZIMUTH": "N",
  "END_LOCATION": "COLDWATER",
  "BEGIN_LAT": 37.29,
  "BEGIN_LON": -99.33,
  "END_LAT": 37.29,
  "END_LON": -99.33,
  "text": "A second day of severe weather moved across the area.  An upper level wind maximum entered the high plains as deep moisture and strong heating persisted.  Thunderstorms erupted during the late afternoon.",
  "EVENT_NARRATIVE": "",
  "DATA_SOURCE": "CSV"
}
