{
  "BEGIN_YEARMONTH": 201305,
  "BEGIN_DAY": 8,
  "BEGIN_TIME": 1757,
  "END_YEARMONTH": 201305,
  "END_DAY": 8,
  "END_TIME": 1757,
  "EPISODE_ID": 75817,
  "EVENT_ID": 457634,
  "STATE": "KANSAS",
  "STATE_FIPS": 20,
  "YEAR": 2013,
  "MONTH_NAME": "May",
  "EVENT_TYPE": "Thunderstorm Wind",
  "CZ_TYPE": "C",
  "CZ_FIPS": 55,
  "CZ_NAME": "FINNEY",
  "WFO": "DDC",
  "BEGIN_DATE_TIME": "08-MAY-13 17:57:00",
  "CZ_TIMEZONE": "CST-6",
  "END_DATE_TIME": "08-MAY-13 17:57:00",
  "INJURIES_DIRECT": 0,
  "INJURIES_INDIRECT": 0,
  "DEATHS_DIRECT": 0,
  "DEATHS_INDIRECT": 0,
  "DAMAGE_PROPERTY": "",
  "DAMAGE_CROPS": "",
  "SOURCE": "Public",
  "MAGNITUDE": 61,
  "MAGNITUDE_TYPE": "EG",
  "FLOOD_CAUSE": "",
  "CATEGORY": "",
  "TOR_F_SCALE": "",
  "TOR_LENGTH": "",
  "TOR_WIDTH": "",
  "TOR_OTHER_WFO": "",
  "TOR_OTHER_CZ_STATE": "",
  "TOR_OTHER_CZ_FIPS": "",
  "TOR_OTHER_CZ_NAME": "",
  "BEGIN_RANGE": 1,
  "BEGIN_AZIMUTH": "NE",
  "BEGIN_LOCATION": "GARDEN CITY",
  "END_RANGE": 1,
  "END_AZIMUTH": "NE",
  "END_LOCATION": "GARDEN CITY",
  "BEGIN_LAT": 37.98,
  "BEGIN_LON": -100.86,
  "END_LAT": 37.98,
  "END_LON": -100.86,
  "text": "A second day of severe weather moved across the area.  An upper level wind maximum entered the high plains as deep moisture and strong heating persisted.  Thunderstorms erupted during the late afternoon.",
  "EVENT_NARRATIVE": "Winds were estimated to be 70 MPH.",
  "DATA_SOURCE": "CSV"
}
