{
  "BEGIN_YEARMONTH": 201305,
  "BEGIN_DAY": 11,
  "BEGIN_TIME": 1910,
  "END_YEARMONTH": 201305,
  "END_DAY": 11,
  "END_TIME": 1910,
  "EPISODE_ID": 75589,
  "EVENT_ID": 456818,
  "STATE": "LAKE HURON",
  "STATE_FIPS": 90,
  "YEAR": 2013,
  "MONTH_NAME": "May",
  "EVENT_TYPE": "Marine Thunderstorm Wind",
  "CZ_TYPE": "Z",
  "CZ_FIPS": 422,
  "CZ_NAME": "INNER SAGINAW BAY SW OF POINT AU GRES TO BAY PORT MI",
  "WFO": "DTX",
  "BEGIN_DATE_TIME": "11-MAY-13 19:10:00",
  "CZ_TIMEZONE": "EST-5",
  "END_DATE_TIME": "11-MAY-13 19:10:00",
  "INJURIES_DIRECT": 0,
  "INJURIES_INDIRECT": 0,
  "DEATHS_DIRECT": 0,
  "DEATHS_INDIRECT": 0,
  "DAMAGE_PROPERTY": "0.00K",
  "DAMAGE_CROPS": "0.00K",
  "SOURCE": "C-MAN Station",
  "MAGNITUDE": 35,
  "MAGNITUDE_TYPE": "MG",
  "FLOOD_CAUSE": "",
  "CATEGORY": "",
  "TOR_F_SCALE": "",
  "TOR_LENGTH": "",
  "TOR_WIDTH": "",
  "TOR_OTHER_WFO": "",
  "TOR_OTHER_CZ_STATE": "",
  "TOR_OTHER_CZ_FIPS": "",
  "TOR_OTHER_CZ_NAME": "",
  "BEGIN_RANGE": 0,
  "BEGIN_AZIMUTH": "N",
  "BEGIN_LOCATION": "SAGINAW BAY LIGHT",
  "END_RANGE": 0,
  "END_AZIMUTH": "N",
  "END_LOCATION": "SAGINAW BAY LIGHT",
  "BEGIN_LAT": 43.81,
  "BEGIN_LON": -83.72,
  "END_LAT": 43.81,
  "END_LON": -83.72,
  "text": "Thunderstorms moving through Saginaw Bay produced frequent wind gusts between 35 and 48 knots.",
  "EVENT_NARRATIVE": "",
  "DATA_SOURCE": "CSV"
}
