{
  "BEGIN_YEARMONTH": 201305,
  "BEGIN_DAY": 30,
  "BEGIN_TIME": 1555,
  "END_YEARMONTH": 201305,
  "END_DAY": 30,
  "END_TIME": 1555,
  "EPISODE_ID": 75601,
  "EVENT_ID": 456366,
  "STATE": "MICHIGAN",
  "STATE_FIPS": 26,
  "YEAR": 2013,
  "MONTH_NAME": "May",
  "EVENT_TYPE": "Thunderstorm Wind",
  "CZ_TYPE": "C",
  "CZ_FIPS": 163,
  "CZ_NAME": "WAYNE",
  "WFO": "DTX",
  "BEGIN_DATE_TIME": "30-MAY-13 15:55:00",
  "CZ_TIMEZONE": "EST-5",
  "END_DATE_TIME": "30-MAY-13 15:55:00",
  "INJURIES_DIRECT": 0,
  "INJURIES_INDIRECT": 0,
  "DEATHS_DIRECT": 0,
  "DEATHS_INDIRECT": 0,
  "DAMAGE_PROPERTY": "0.00K",
  "DAMAGE_CROPS": "0.00K",
  "SOURCE": "Trained Spotter",
  "MAGNITUDE": 54,
  "MAGNITUDE_TYPE": "EG",
  "FLOOD_CAUSE": "",
  "CATEGORY": "",
  "TOR_F_SCALE": "",
  "TOR_LENGTH": "",
  "TOR_WIDTH": "",
  "TOR_OTHER_WFO": "",
  "TOR_OTHER_CZ_STATE": "",
  "TOR_OTHER_CZ_FIPS": "",
  "TOR_OTHER_CZ_NAME": "",
  "BEGIN_RANGE": 1,
  "BEGIN_AZIMUTH": "SSE",
  "BEGIN_LOCATION": "TRYONVILLE",
  "END_RANGE": 1,
  "END_AZIMUTH": "SSE",
  "END_LOCATION": "TRYONVILLE",
  "BEGIN_LAT": 42.35,
  "BEGIN_LON": -83.42,
  "END_LAT": 42.35,
  "END_LON": -83.42,
  "text": "Several severe thunderstorms developed with good afternoon instability.",
  "EVENT_NARRATIVE": "Two large trees reported blown down.",
  "DATA_SOURCE": "CSV"
}
