{
  "BEGIN_YEARMONTH": 201306,
  "BEGIN_DAY": 18,
  "BEGIN_TIME": 2025,
  "END_YEARMONTH": 201306,
  "END_DAY": 18,
  "END_TIME": 2225,
  "EPISODE_ID": 76356,
  "EVENT_ID": 460476,
  "STATE": "VIRGINIA",
  "STATE_FIPS": 51,
  "YEAR": 2013,
  "MONTH_NAME": "June",
  "EVENT_TYPE": "Flash Flood",
  "CZ_TYPE": "C",
  "CZ_FIPS": 15,
  "CZ_NAME": "AUGUSTA",
  "WFO": "LWX",
  "BEGIN_DATE_TIME": "18-JUN-13 20:25:00",
  "CZ_TIMEZONE": "EST-5",
  "END_DATE_TIME": "18-JUN-13 22:25:00",
  "INJURIES_DIRECT": 0,
  "INJURIES_INDIRECT": 0,
  "DEATHS_DIRECT": 0,
  "DEATHS_INDIRECT": 0,
  "DAMAGE_PROPERTY": "0.00K",
  "DAMAGE_CROPS": "0.00K",
  "SOURCE": "911 Call Center",
  "MAGNITUDE": "",
  "MAGNITUDE_TYPE": "",
  "FLOOD_CAUSE": "Heavy Rain",
  "CATEGORY": "",
  "TOR_F_SCALE": "",
  "TOR_LENGTH": "",
  "TOR_WIDTH": "",
  "TOR_OTHER_WFO": "",
  "TOR_OTHER_CZ_STATE": "",
  "TOR_OTHER_CZ_FIPS": "",
  "TOR_OTHER_CZ_NAME": "",
  "BEGIN_RANGE": 1,
  "BEGIN_AZIMUTH": "NNW",
  "BEGIN_LOCATION": "CRIMORA",
  "END_RANGE": 1,
  "END_AZIMUTH": "NW",
  "END_LOCATION": "CRIMORA",
  "BEGIN_LAT": 38.1606,
  "BEGIN_LON": -78.8579,
  "END_LAT": 38.1578,
  "END_LON": -78.8585,
  "text": "A weak cold front moved through the region and stalled over the area.  Convergence along the boundary led to heavy showers.  A few breaks in the clouds led to an increase in instability and thunderstorms that produced heavy rain in activity.",
  "EVENT_NARRATIVE": "There was nearly a foot of water flowing over Route 612.",
  "DATA_SOURCE": "CSV"
}
