{
  "BEGIN_YEARMONTH": 201310,
  "BEGIN_DAY": 7,
  "BEGIN_TIME": 1830,
  "END_YEARMONTH": 201310,
  "END_DAY": 7,
  "END_TIME": 1830,
  "EPISODE_ID": 78671,
  "EVENT_ID": 473492,
  "STATE": "NEW HAMPSHIRE",
  "STATE_FIPS": 33,
  "YEAR": 2013,
  "MONTH_NAME": "October",
  "EVENT_TYPE": "Strong Wind",
  "CZ_TYPE": "Z",
  "CZ_FIPS": 12,
  "CZ_NAME": "EASTERN HILLSBOROUGH",
  "WFO": "BOX",
  "BEGIN_DATE_TIME": "07-OCT-13 18:30:00",
  "CZ_TIMEZONE": "EST-5",
  "END_DATE_TIME": "07-OCT-13 18:30:00",
  "INJURIES_DIRECT": 0,
  "INJURIES_INDIRECT": 0,
  "DEATHS_DIRECT": 0,
  "DEATHS_INDIRECT": 0,
  "DAMAGE_PROPERTY": "3.00K",
  "DAMAGE_CROPS": "0.00K",
  "SOURCE": "Amateur Radio",
  "MAGNITUDE": 40,
  "MAGNITUDE_TYPE": "EG",
  "FLOOD_CAUSE": "",
  "CATEGORY": "",
  "TOR_F_SCALE": "",
  "TOR_LENGTH": "",
  "TOR_WIDTH": "",
  "TOR_OTHER_WFO": "",
  "TOR_OTHER_CZ_STATE": "",
  "TOR_OTHER_CZ_FIPS": "",
  "TOR_OTHER_CZ_NAME": "",
  "BEGIN_RANGE": "",
  "BEGIN_AZIMUTH": "",
  "BEGIN_LOCATION": "",
  "END_RANGE": "",
  "END_AZIMUTH": "",
  "END_LOCATION": "",
  "BEGIN_LAT": "",
  "BEGIN_LON": "",
  "END_LAT": "",
  "END_LON": "",
  "text": "A warm front moved northward across southern New England Sunday night (Oct 6) into Monday (Oct 7) creating a warm, moist, unstable atmosphere over the region.  Monday afternoon and evening (Oct 7) a strong cold front brought a line of strong to severe showers and storms through southern New England.  Strong, damaging winds occurred both with the storms and in the tight pressure gradient ahead of the front.",
  "EVENT_NARRATIVE": "A tree on Harbor Avenue was downed.",
  "DATA_SOURCE": "CSV"
}
