{
  "BEGIN_YEARMONTH": 201301,
  "BEGIN_DAY": 20,
  "BEGIN_TIME": 1500,
  "END_YEARMONTH": 201301,
  "END_DAY": 20,
  "END_TIME": 1500,
  "EPISODE_ID": 70071,
  "EVENT_ID": 420683,
  "STATE": "NEW HAMPSHIRE",
  "STATE_FIPS": 33,
  "YEAR": 2013,
  "MONTH_NAME": "January",
  "EVENT_TYPE": "Strong Wind",
  "CZ_TYPE": "Z",
  "CZ_FIPS": 12,
  "CZ_NAME": "EASTERN HILLSBOROUGH",
  "WFO": "BOX",
  "BEGIN_DATE_TIME": "20-JAN-13 15:00:00",
  "CZ_TIMEZONE": "EST-5",
  "END_DATE_TIME": "20-JAN-13 15:00:00",
  "INJURIES_DIRECT": 0,
  "INJURIES_INDIRECT": 0,
  "DEATHS_DIRECT": 0,
  "DEATHS_INDIRECT": 0,
  "DAMAGE_PROPERTY": "10.00K",
  "DAMAGE_CROPS": "0.00K",
  "SOURCE": "Amateur Radio",
  "MAGNITUDE": 40,
  "MAGNITUDE_TYPE": "EG",
  "FLOOD_CAUSE": "",
  "CATEGORY": "",
  "TOR_F_SCALE": "",
  "TOR_LENGTH": "",
  "TOR_WIDTH": "",
  "TOR_OTHER_WFO": "",
  "TOR_OTHER_CZ_STATE": "",
  "TOR_OTHER_CZ_FIPS": "",
  "TOR_OTHER_CZ_NAME": "",
  "BEGIN_RANGE": "",
  "BEGIN_AZIMUTH": "",
  "BEGIN_LOCATION": "",
  "END_RANGE": "",
  "END_AZIMUTH": "",
  "END_LOCATION": "",
  "BEGIN_LAT": "",
  "BEGIN_LON": "",
  "END_LAT": "",
  "END_LON": "",
  "text": "A cold front moved across Southern New England, resulting in strong cold air advection and gusty winds.",
  "EVENT_NARRATIVE": "Trees and wires were downed on Longview and North Roads in Hancock.  Trees and wires were downed on Union Street and on Greenfield Road in Peterborough.",
  "DATA_SOURCE": "CSV"
}
