{
  "BEGIN_YEARMONTH": 201305,
  "BEGIN_DAY": 22,
  "BEGIN_TIME": 1740,
  "END_YEARMONTH": 201305,
  "END_DAY": 22,
  "END_TIME": 1740,
  "EPISODE_ID": 73785,
  "EVENT_ID": 446383,
  "STATE": "TENNESSEE",
  "STATE_FIPS": 47,
  "YEAR": 2013,
  "MONTH_NAME": "May",
  "EVENT_TYPE": "Thunderstorm Wind",
  "CZ_TYPE": "C",
  "CZ_FIPS": 91,
  "CZ_NAME": "JOHNSON",
  "WFO": "MRX",
  "BEGIN_DATE_TIME": "22-MAY-13 17:40:00",
  "CZ_TIMEZONE": "EST-5",
  "END_DATE_TIME": "22-MAY-13 17:40:00",
  "INJURIES_DIRECT": 0,
  "INJURIES_INDIRECT": 0,
  "DEATHS_DIRECT": 0,
  "DEATHS_INDIRECT": 0,
  "DAMAGE_PROPERTY": "",
  "DAMAGE_CROPS": "",
  "SOURCE": "Department of Highways",
  "MAGNITUDE": 50,
  "MAGNITUDE_TYPE": "EG",
  "FLOOD_CAUSE": "",
  "CATEGORY": "",
  "TOR_F_SCALE": "",
  "TOR_LENGTH": "",
  "TOR_WIDTH": "",
  "TOR_OTHER_WFO": "",
  "TOR_OTHER_CZ_STATE": "",
  "TOR_OTHER_CZ_FIPS": "",
  "TOR_OTHER_CZ_NAME": "",
  "BEGIN_RANGE": 1,
  "BEGIN_AZIMUTH": "SW",
  "BEGIN_LOCATION": "MOUNTAIN CITY",
  "END_RANGE": 1,
  "END_AZIMUTH": "SW",
  "END_LOCATION": "MOUNTAIN CITY",
  "BEGIN_LAT": 36.47,
  "BEGIN_LON": -81.81,
  "END_LAT": 36.47,
  "END_LON": -81.81,
  "text": "Severe thunderstorms formed along an outflow boundary across the Mid South and moved into the Southern Appalachians during the afternoon and early evening. The result of the early Spring event was mostly wind damage along with some small hail.",
  "EVENT_NARRATIVE": "A few trees were reported down in the vicinity of Mountain City.",
  "DATA_SOURCE": "CSV"
}
