{
  "BEGIN_YEARMONTH": 201306,
  "BEGIN_DAY": 13,
  "BEGIN_TIME": 733,
  "END_YEARMONTH": 201306,
  "END_DAY": 13,
  "END_TIME": 733,
  "EPISODE_ID": 76347,
  "EVENT_ID": 461414,
  "STATE": "VIRGINIA",
  "STATE_FIPS": 51,
  "YEAR": 2013,
  "MONTH_NAME": "June",
  "EVENT_TYPE": "Hail",
  "CZ_TYPE": "C",
  "CZ_FIPS": 61,
  "CZ_NAME": "FAUQUIER",
  "WFO": "LWX",
  "BEGIN_DATE_TIME": "13-JUN-13 07:33:00",
  "CZ_TIMEZONE": "EST-5",
  "END_DATE_TIME": "13-JUN-13 07:33:00",
  "INJURIES_DIRECT": 0,
  "INJURIES_INDIRECT": 0,
  "DEATHS_DIRECT": 0,
  "DEATHS_INDIRECT": 0,
  "DAMAGE_PROPERTY": "0.00K",
  "DAMAGE_CROPS": "0.00K",
  "SOURCE": "Trained Spotter",
  "MAGNITUDE": 1,
  "MAGNITUDE_TYPE": "",
  "FLOOD_CAUSE": "",
  "CATEGORY": "",
  "TOR_F_SCALE": "",
  "TOR_LENGTH": "",
  "TOR_WIDTH": "",
  "TOR_OTHER_WFO": "",
  "TOR_OTHER_CZ_STATE": "",
  "TOR_OTHER_CZ_FIPS": "",
  "TOR_OTHER_CZ_NAME": "",
  "BEGIN_RANGE": 0,
  "BEGIN_AZIMUTH": "N",
  "BEGIN_LOCATION": "CRESTHILL",
  "END_RANGE": 0,
  "END_AZIMUTH": "N",
  "END_LOCATION": "CRESTHILL",
  "BEGIN_LAT": 38.7761,
  "BEGIN_LON": -78.0007,
  "END_LAT": 38.7761,
  "END_LON": -78.0007,
  "text": "A cold front stalled across the Mid Atlantic and low pressure formed and moved along it. Southerly flow advected gulf moisture into the region and showers and thunderstorms easily formed. Heavy rain, hail, damaging winds and tornadoes occurred throughout the day.",
  "EVENT_NARRATIVE": "",
  "DATA_SOURCE": "CSV"
}
