{
  "BEGIN_YEARMONTH": 201307,
  "BEGIN_DAY": 22,
  "BEGIN_TIME": 2312,
  "END_YEARMONTH": 201307,
  "END_DAY": 22,
  "END_TIME": 2313,
  "EPISODE_ID": 78081,
  "EVENT_ID": 470256,
  "STATE": "MARYLAND",
  "STATE_FIPS": 24,
  "YEAR": 2013,
  "MONTH_NAME": "July",
  "EVENT_TYPE": "Tornado",
  "CZ_TYPE": "C",
  "CZ_FIPS": 25,
  "CZ_NAME": "HARFORD",
  "WFO": "LWX",
  "BEGIN_DATE_TIME": "22-JUL-13 23:12:00",
  "CZ_TIMEZONE": "EST-5",
  "END_DATE_TIME": "22-JUL-13 23:13:00",
  "INJURIES_DIRECT": 0,
  "INJURIES_INDIRECT": 0,
  "DEATHS_DIRECT": 0,
  "DEATHS_INDIRECT": 0,
  "DAMAGE_PROPERTY": "3.00K",
  "DAMAGE_CROPS": "2.00K",
  "SOURCE": "NWS Storm Survey",
  "MAGNITUDE": "",
  "MAGNITUDE_TYPE": "",
  "FLOOD_CAUSE": "",
  "CATEGORY": "",
  "TOR_F_SCALE": "EF0",
  "TOR_LENGTH": 0.8,
  "TOR_WIDTH": 100,
  "TOR_OTHER_WFO": "",
  "TOR_OTHER_CZ_STATE": "",
  "TOR_OTHER_CZ_FIPS": "",
  "TOR_OTHER_CZ_NAME": "",
  "BEGIN_RANGE": 1,
  "BEGIN_AZIMUTH": "E",
  "BEGIN_LOCATION": "DARLINGTON",
  "END_RANGE": 2,
  "END_AZIMUTH": "E",
  "END_LOCATION": "DARLINGTON",
  "BEGIN_LAT": 39.628,
  "BEGIN_LON": -76.182,
  "END_LAT": 39.632,
  "END_LON": -76.169,
  "text": "A surface trough was over the area while an upper level disturbance moved overhead. Showers and thunderstorms produced heavy rainfall as they moved eastward towards the I-95 corridor.",
  "EVENT_NARRATIVE": "The tornado initially touched down in the 1300 block of Stafford Road where a pole barn was destroyed and a nearby house had exterior damage including removal of a window, siding and insulation.  The tornado then traveled on an east-northeast path along Stafford Road where numerous trees were topped and snapped and numerous crops were damaged along a convergent path in a cornfield.  The tornado lifted in the 1100 block of Stafford Road.",
  "DATA_SOURCE": "CSV"
}
