{
  "BEGIN_YEARMONTH": 201304,
  "BEGIN_DAY": 19,
  "BEGIN_TIME": 200,
  "END_YEARMONTH": 201304,
  "END_DAY": 30,
  "END_TIME": 2359,
  "EPISODE_ID": 75472,
  "EVENT_ID": 455688,
  "STATE": "ILLINOIS",
  "STATE_FIPS": 17,
  "YEAR": 2013,
  "MONTH_NAME": "April",
  "EVENT_TYPE": "Flood",
  "CZ_TYPE": "C",
  "CZ_FIPS": 9,
  "CZ_NAME": "BROWN",
  "WFO": "LSX",
  "BEGIN_DATE_TIME": "19-APR-13 02:00:00",
  "CZ_TIMEZONE": "CST-6",
  "END_DATE_TIME": "30-APR-13 23:59:00",
  "INJURIES_DIRECT": 0,
  "INJURIES_INDIRECT": 0,
  "DEATHS_DIRECT": 0,
  "DEATHS_INDIRECT": 0,
  "DAMAGE_PROPERTY": "5.00K",
  "DAMAGE_CROPS": "10.00K",
  "SOURCE": "River/Stream Gage",
  "MAGNITUDE": "",
  "MAGNITUDE_TYPE": "",
  "FLOOD_CAUSE": "Heavy Rain",
  "CATEGORY": "",
  "TOR_F_SCALE": "",
  "TOR_LENGTH": "",
  "TOR_WIDTH": "",
  "TOR_OTHER_WFO": "",
  "TOR_OTHER_CZ_STATE": "",
  "TOR_OTHER_CZ_FIPS": "",
  "TOR_OTHER_CZ_NAME": "",
  "BEGIN_RANGE": 4,
  "BEGIN_AZIMUTH": "N",
  "BEGIN_LOCATION": "LA GRANGE",
  "END_RANGE": 4,
  "END_AZIMUTH": "N",
  "END_LOCATION": "LA GRANGE",
  "BEGIN_LAT": 39.9827,
  "BEGIN_LON": -90.5177,
  "END_LAT": 39.993,
  "END_LON": -90.5328,
  "text": "Heavy spring rain caused several rivers in Illinois to hit major flood levels. The Illinois River, Kaskaskia River, La Moine River, and the Mississippi all hit major flood levels at various locations. The Mississippi River and the Illinois River all remained above flood stage into May. The Illinois River at La Grange set a new record reaching 34.50 feet on April 27th.",
  "EVENT_NARRATIVE": "The Illinois River At La Grange set a new record reaching 34.50 feet on April 27th. The river remained above flood stage into May. Agriculture lowland damage was the only know damage.",
  "DATA_SOURCE": "CSV"
}
