{
  "BEGIN_YEARMONTH": 201407,
  "BEGIN_DAY": 1,
  "BEGIN_TIME": 0,
  "END_YEARMONTH": 201407,
  "END_DAY": 31,
  "END_TIME": 2359,
  "EPISODE_ID": 89360,
  "EVENT_ID": 538187,
  "STATE": "OKLAHOMA",
  "STATE_FIPS": 40,
  "YEAR": 2014,
  "MONTH_NAME": "July",
  "EVENT_TYPE": "Drought",
  "CZ_TYPE": "Z",
  "CZ_FIPS": 61,
  "CZ_NAME": "ROGERS",
  "WFO": "TSA",
  "BEGIN_DATE_TIME": "01-JUL-14 00:00:00",
  "CZ_TIMEZONE": "CST-6",
  "END_DATE_TIME": "31-JUL-14 23:59:00",
  "INJURIES_DIRECT": 0,
  "INJURIES_INDIRECT": 0,
  "DEATHS_DIRECT": 0,
  "DEATHS_INDIRECT": 0,
  "DAMAGE_PROPERTY": "0.00K",
  "DAMAGE_CROPS": "0.00K",
  "SOURCE": "Official NWS Observations",
  "MAGNITUDE": "",
  "MAGNITUDE_TYPE": "",
  "FLOOD_CAUSE": "",
  "CATEGORY": "",
  "TOR_F_SCALE": "",
  "TOR_LENGTH": "",
  "TOR_WIDTH": "",
  "TOR_OTHER_WFO": "",
  "TOR_OTHER_CZ_STATE": "",
  "TOR_OTHER_CZ_FIPS": "",
  "TOR_OTHER_CZ_NAME": "",
  "BEGIN_RANGE": "",
  "BEGIN_AZIMUTH": "",
  "BEGIN_LOCATION": "",
  "END_RANGE": "",
  "END_AZIMUTH": "",
  "END_LOCATION": "",
  "BEGIN_LAT": "",
  "BEGIN_LON": "",
  "END_LAT": "",
  "END_LON": "",
  "text": "Several unseasonably strong cold fronts passed through eastern Oklahoma during July 2014. Along with the mild temperatures that came with the fronts, some widespread rainfall fell across the area, especially across southeastern Oklahoma where rainfall was between 100 and 300 percent of the long-term climatological normal. Far northeastern Oklahoma experienced conditions that were drastically different during the month with a lot of the region only receiving between 25 and 50 percent of average rainfall for the month. The long-term drought conditions improved over southeastern Oklahoma but remained across much of northeastern Oklahoma. Severe drought (D2) conditions persisted during the month across portions of Okfuskee, Okmulgee, Tulsa, Washington, Rogers, Nowata, and Craig Counties with extreme drought (D3) conditions continuing across portions of Creek, Pawnee, and Osage Counties. Monetary damage estimates resulting from the drought were not available.",
  "EVENT_NARRATIVE": "",
  "DATA_SOURCE": "CSV"
}
