{
  "BEGIN_YEARMONTH": 201408,
  "BEGIN_DAY": 16,
  "BEGIN_TIME": 2240,
  "END_YEARMONTH": 201408,
  "END_DAY": 17,
  "END_TIME": 300,
  "EPISODE_ID": 87553,
  "EVENT_ID": 528447,
  "STATE": "MINNESOTA",
  "STATE_FIPS": 27,
  "YEAR": 2014,
  "MONTH_NAME": "August",
  "EVENT_TYPE": "Flash Flood",
  "CZ_TYPE": "C",
  "CZ_FIPS": 111,
  "CZ_NAME": "OTTER TAIL",
  "WFO": "FGF",
  "BEGIN_DATE_TIME": "16-AUG-14 22:40:00",
  "CZ_TIMEZONE": "CST-6",
  "END_DATE_TIME": "17-AUG-14 03:00:00",
  "INJURIES_DIRECT": 0,
  "INJURIES_INDIRECT": 0,
  "DEATHS_DIRECT": 0,
  "DEATHS_INDIRECT": 0,
  "DAMAGE_PROPERTY": "5.00K",
  "DAMAGE_CROPS": "0.00K",
  "SOURCE": "Public",
  "MAGNITUDE": "",
  "MAGNITUDE_TYPE": "",
  "FLOOD_CAUSE": "Heavy Rain",
  "CATEGORY": "",
  "TOR_F_SCALE": "",
  "TOR_LENGTH": "",
  "TOR_WIDTH": "",
  "TOR_OTHER_WFO": "",
  "TOR_OTHER_CZ_STATE": "",
  "TOR_OTHER_CZ_FIPS": "",
  "TOR_OTHER_CZ_NAME": "",
  "BEGIN_RANGE": 2,
  "BEGIN_AZIMUTH": "NE",
  "BEGIN_LOCATION": "ERHARD",
  "END_RANGE": 2,
  "END_AZIMUTH": "ESE",
  "END_LOCATION": "ERHARD",
  "BEGIN_LAT": 46.5,
  "BEGIN_LON": -96.07,
  "END_LAT": 46.47,
  "END_LON": -96.07,
  "text": "A compact, well-defined, upper level disturbance tracked along and south of Interstate 94 during the late afternoon and early evening of the 16th. It was an extremely slow moving feature, as wind speeds were very weak. Thunderstorms that were associated with it produced heavy rain, funnel clouds, and isolated strong wind gusts.",
  "EVENT_NARRATIVE": "A boat was sunk by the heavy rain. The rain guage read over four inches, but was blocked by leaves, so an accurate reading was impossible.",
  "DATA_SOURCE": "CSV"
}
