{
  "BEGIN_YEARMONTH": 201405,
  "BEGIN_DAY": 9,
  "BEGIN_TIME": 1700,
  "END_YEARMONTH": 201405,
  "END_DAY": 9,
  "END_TIME": 2030,
  "EPISODE_ID": 84868,
  "EVENT_ID": 512386,
  "STATE": "MISSISSIPPI",
  "STATE_FIPS": 28,
  "YEAR": 2014,
  "MONTH_NAME": "May",
  "EVENT_TYPE": "Heavy Rain",
  "CZ_TYPE": "C",
  "CZ_FIPS": 47,
  "CZ_NAME": "HARRISON",
  "WFO": "LIX",
  "BEGIN_DATE_TIME": "09-MAY-14 17:00:00",
  "CZ_TIMEZONE": "CST-6",
  "END_DATE_TIME": "09-MAY-14 20:30:00",
  "INJURIES_DIRECT": 0,
  "INJURIES_INDIRECT": 0,
  "DEATHS_DIRECT": 0,
  "DEATHS_INDIRECT": 0,
  "DAMAGE_PROPERTY": "0.00K",
  "DAMAGE_CROPS": "0.00K",
  "SOURCE": "Emergency Manager",
  "MAGNITUDE": "",
  "MAGNITUDE_TYPE": "",
  "FLOOD_CAUSE": "",
  "CATEGORY": "",
  "TOR_F_SCALE": "",
  "TOR_LENGTH": "",
  "TOR_WIDTH": "",
  "TOR_OTHER_WFO": "",
  "TOR_OTHER_CZ_STATE": "",
  "TOR_OTHER_CZ_FIPS": "",
  "TOR_OTHER_CZ_NAME": "",
  "BEGIN_RANGE": 0,
  "BEGIN_AZIMUTH": "N",
  "BEGIN_LOCATION": "SAUCIER",
  "END_RANGE": 0,
  "END_AZIMUTH": "N",
  "END_LOCATION": "SAUCIER",
  "BEGIN_LAT": 30.63,
  "BEGIN_LON": -89.13,
  "END_LAT": 30.63,
  "END_LON": -89.13,
  "text": "Very moist and unstable air surged northward over southeast Louisiana and southern Mississippi ahead of a cold front moving through the Great Plains. Thunderstorms developed in this moist airmass, producing very heavy rainfall, which caused flash flooding.",
  "EVENT_NARRATIVE": "The county Emergency Manager relayed a measurement of 7.40 inches of rain in Saucier.",
  "DATA_SOURCE": "CSV"
}
