{
  "BEGIN_YEARMONTH": 201409,
  "BEGIN_DAY": 21,
  "BEGIN_TIME": 500,
  "END_YEARMONTH": 201409,
  "END_DAY": 21,
  "END_TIME": 700,
  "EPISODE_ID": 90082,
  "EVENT_ID": 541266,
  "STATE": "NEVADA",
  "STATE_FIPS": 32,
  "YEAR": 2014,
  "MONTH_NAME": "September",
  "EVENT_TYPE": "Flash Flood",
  "CZ_TYPE": "C",
  "CZ_FIPS": 33,
  "CZ_NAME": "WHITE PINE",
  "WFO": "LKN",
  "BEGIN_DATE_TIME": "21-SEP-14 05:00:00",
  "CZ_TIMEZONE": "PST-8",
  "END_DATE_TIME": "21-SEP-14 07:00:00",
  "INJURIES_DIRECT": 0,
  "INJURIES_INDIRECT": 0,
  "DEATHS_DIRECT": 0,
  "DEATHS_INDIRECT": 0,
  "DAMAGE_PROPERTY": "2.00K",
  "DAMAGE_CROPS": "0.00K",
  "SOURCE": "Department of Highways",
  "MAGNITUDE": "",
  "MAGNITUDE_TYPE": "",
  "FLOOD_CAUSE": "Heavy Rain",
  "CATEGORY": "",
  "TOR_F_SCALE": "",
  "TOR_LENGTH": "",
  "TOR_WIDTH": "",
  "TOR_OTHER_WFO": "",
  "TOR_OTHER_CZ_STATE": "",
  "TOR_OTHER_CZ_FIPS": "",
  "TOR_OTHER_CZ_NAME": "",
  "BEGIN_RANGE": 6,
  "BEGIN_AZIMUTH": "WNW",
  "BEGIN_LOCATION": "PRESTON",
  "END_RANGE": 5,
  "END_AZIMUTH": "WNW",
  "END_LOCATION": "PRESTON",
  "BEGIN_LAT": 38.94,
  "BEGIN_LON": -115.17,
  "END_LAT": 38.9386,
  "END_LON": -115.1653,
  "text": "Thunderstorms with heavy rain produced flash flooding across portions of central and eastern Nevada.",
  "EVENT_NARRATIVE": "Water and  debris from flash flooding flowed across US Highway 6. Debris came down from an old burn scar. A rain gauge in the vicinity recorded 1.11  inches of rain. Damages are estimated.",
  "DATA_SOURCE": "CSV"
}
