{
  "BEGIN_YEARMONTH": 201405,
  "BEGIN_DAY": 27,
  "BEGIN_TIME": 1945,
  "END_YEARMONTH": 201405,
  "END_DAY": 27,
  "END_TIME": 1950,
  "EPISODE_ID": 86829,
  "EVENT_ID": 524246,
  "STATE": "ATLANTIC NORTH",
  "STATE_FIPS": 88,
  "YEAR": 2014,
  "MONTH_NAME": "May",
  "EVENT_TYPE": "Marine Thunderstorm Wind",
  "CZ_TYPE": "Z",
  "CZ_FIPS": 536,
  "CZ_NAME": "TIDAL POTOMAC INDIAN HD TO COBB IS MD",
  "WFO": "LWX",
  "BEGIN_DATE_TIME": "27-MAY-14 19:45:00",
  "CZ_TIMEZONE": "EST-5",
  "END_DATE_TIME": "27-MAY-14 19:50:00",
  "INJURIES_DIRECT": 0,
  "INJURIES_INDIRECT": 0,
  "DEATHS_DIRECT": 0,
  "DEATHS_INDIRECT": 0,
  "DAMAGE_PROPERTY": "0.00K",
  "DAMAGE_CROPS": "0.00K",
  "SOURCE": "Mesonet",
  "MAGNITUDE": 35,
  "MAGNITUDE_TYPE": "MG",
  "FLOOD_CAUSE": "",
  "CATEGORY": "",
  "TOR_F_SCALE": "",
  "TOR_LENGTH": "",
  "TOR_WIDTH": "",
  "TOR_OTHER_WFO": "",
  "TOR_OTHER_CZ_STATE": "",
  "TOR_OTHER_CZ_FIPS": "",
  "TOR_OTHER_CZ_NAME": "",
  "BEGIN_RANGE": 0,
  "BEGIN_AZIMUTH": "NNE",
  "BEGIN_LOCATION": "MONROE CREEK",
  "END_RANGE": 0,
  "END_AZIMUTH": "NNE",
  "END_LOCATION": "MONROE CREEK",
  "BEGIN_LAT": 38.232,
  "BEGIN_LON": -76.949,
  "END_LAT": 38.232,
  "END_LON": -76.949,
  "text": "A strong cold front moved through the Mid Atlantic. Southerly flow ahead of the frontal boundary led to increased instability. Showers and thunderstorms formed along a pre-frontal trough east of the Blue Ridge. Some storms were capable of damaging winds and large hail.",
  "EVENT_NARRATIVE": "Wind gusts of 34-35 knots were measured at Monroe Creek.",
  "DATA_SOURCE": "CSV"
}
