{
  "BEGIN_YEARMONTH": 201405,
  "BEGIN_DAY": 22,
  "BEGIN_TIME": 1405,
  "END_YEARMONTH": 201405,
  "END_DAY": 22,
  "END_TIME": 1410,
  "EPISODE_ID": 85069,
  "EVENT_ID": 513730,
  "STATE": "NEW YORK",
  "STATE_FIPS": 36,
  "YEAR": 2014,
  "MONTH_NAME": "May",
  "EVENT_TYPE": "Hail",
  "CZ_TYPE": "C",
  "CZ_FIPS": 57,
  "CZ_NAME": "MONTGOMERY",
  "WFO": "ALY",
  "BEGIN_DATE_TIME": "22-MAY-14 14:05:00",
  "CZ_TIMEZONE": "EST-5",
  "END_DATE_TIME": "22-MAY-14 14:10:00",
  "INJURIES_DIRECT": 0,
  "INJURIES_INDIRECT": 0,
  "DEATHS_DIRECT": 0,
  "DEATHS_INDIRECT": 0,
  "DAMAGE_PROPERTY": "",
  "DAMAGE_CROPS": "",
  "SOURCE": "Trained Spotter",
  "MAGNITUDE": 1.75,
  "MAGNITUDE_TYPE": "",
  "FLOOD_CAUSE": "",
  "CATEGORY": "",
  "TOR_F_SCALE": "",
  "TOR_LENGTH": "",
  "TOR_WIDTH": "",
  "TOR_OTHER_WFO": "",
  "TOR_OTHER_CZ_STATE": "",
  "TOR_OTHER_CZ_FIPS": "",
  "TOR_OTHER_CZ_NAME": "",
  "BEGIN_RANGE": 1,
  "BEGIN_AZIMUTH": "WNW",
  "BEGIN_LOCATION": "FT JOHNSON",
  "END_RANGE": 1,
  "END_AZIMUTH": "WNW",
  "END_LOCATION": "FT JOHNSON",
  "BEGIN_LAT": 42.9574,
  "BEGIN_LON": -74.2394,
  "END_LAT": 42.9574,
  "END_LON": -74.2394,
  "text": "A potent shortwave trough was moving from the eastern Great Lakes towards upstate New York during the afternoon on Thursday, May 22nd.  A complex frontal system was moving from west to east during the mid afternoon hours, with the triple point of where the occluded, cold and warm fronts meet situated over the Mohawk Valley.  There was a significant gradient along the warm front, between warm and unstable air over the Mohawk Valley and cooler, more stable air over far eastern New York that originated off the western Atlantic Ocean.||As a result, a large supercell thunderstorm developed along this boundary over the southern Adirondacks and eastern Mohawk Valley and it quickly strengthened.  It produced very large hail as large as 4 inches in diameter in the Amsterdam area.  As this storm continued to strengthen even further, it moved south to southeast towards the Helderbergs and western parts of the Capital Region, where it produced a tornado.  The tornado was on the ground for 7 miles and reached EF3 strength with maximum winds of 140 MPH, as it passed through the town of Duanesburg. The tornado dissipated once it reached western Albany County, and the more stable air in place allowed thunderstorms to weaken as they reached the Hudson Valley. Aside from one additional report of large hail in the mid-Hudson valley, no other thunderstorms reached severe levels and the threat for storms diminished by the evening with passage of the occluded boundary.",
  "EVENT_NARRATIVE": "A trained spotter reported golf ball sized hail occurring during a thunderstorm in Fort Johnson.",
  "DATA_SOURCE": "CSV"
}
