{
  "BEGIN_YEARMONTH": 201408,
  "BEGIN_DAY": 2,
  "BEGIN_TIME": 1750,
  "END_YEARMONTH": 201408,
  "END_DAY": 2,
  "END_TIME": 1900,
  "EPISODE_ID": 88660,
  "EVENT_ID": 534613,
  "STATE": "IDAHO",
  "STATE_FIPS": 16,
  "YEAR": 2014,
  "MONTH_NAME": "August",
  "EVENT_TYPE": "Thunderstorm Wind",
  "CZ_TYPE": "C",
  "CZ_FIPS": 55,
  "CZ_NAME": "KOOTENAI",
  "WFO": "OTX",
  "BEGIN_DATE_TIME": "02-AUG-14 17:50:00",
  "CZ_TIMEZONE": "PST-8",
  "END_DATE_TIME": "02-AUG-14 19:00:00",
  "INJURIES_DIRECT": 0,
  "INJURIES_INDIRECT": 0,
  "DEATHS_DIRECT": 0,
  "DEATHS_INDIRECT": 0,
  "DAMAGE_PROPERTY": "50.00K",
  "DAMAGE_CROPS": "0.00K",
  "SOURCE": "Broadcast Media",
  "MAGNITUDE": 50,
  "MAGNITUDE_TYPE": "EG",
  "FLOOD_CAUSE": "",
  "CATEGORY": "",
  "TOR_F_SCALE": "",
  "TOR_LENGTH": "",
  "TOR_WIDTH": "",
  "TOR_OTHER_WFO": "",
  "TOR_OTHER_CZ_STATE": "",
  "TOR_OTHER_CZ_FIPS": "",
  "TOR_OTHER_CZ_NAME": "",
  "BEGIN_RANGE": 1,
  "BEGIN_AZIMUTH": "NNW",
  "BEGIN_LOCATION": "STATE LINE VLG",
  "END_RANGE": 3,
  "END_AZIMUTH": "S",
  "END_LOCATION": "COR D ALENE MAGEE US",
  "BEGIN_LAT": 47.7118,
  "BEGIN_LON": -117.0401,
  "END_LAT": 47.7838,
  "END_LON": -116.2738,
  "text": "A strong upper-level ridge during the end of July and beginning August helped fuel a moist and unstable air mass over the region. The ridge broke down on the 1st of August and was overrun by two weak midlevel impulses on August 2nd. As the second impulse passed over Northeastern Washington and Northern Idaho strong storms developed.  Meanwhile, dewpoint depressions over Northern Idaho had spread between 40 and 50 degrees Fahrenheit. The rain and hail cooled outflow winds from storms over Northeastern Washington and North Idaho put out damaging outflow winds which moved northwest to southeast and gained momentum while tracking off the Selkirk Mountain Range.  Winds ranging between 50 and 70 miles per hour blew through Priest Lake, Sandpoint, Lake Pend Oreille, and Prichard.  Meanwhile, isolated thunderstorms were developing along a decaying outflow boundary tracking west to east across the Washington, Idaho border, each producing local tree damage.  Priest Lake, Sandpoint, and communities surrounding Lake Pend Oreille were the hardest hit areas.",
  "EVENT_NARRATIVE": "Coeur D Alene Press reported that thunderstorms brought high winds and downed trees across portions of Post Falls, Hayden, Spirit Lake, and northern Coeur D'Alene.  The Stateline Speedway and several other businesses on Pleasant View Road lost power and were forced to cancel the Idaho 200 race.  The storm and strong winds also sparked a quick grass fire causing Love's Travel Center to evacuate.  The storm was also blamed for a house fire on Cimmaron Street in Post Falls and another one at Fir and 13th Street caused by downed power lines.",
  "DATA_SOURCE": "CSV"
}
