{
  "BEGIN_YEARMONTH": 201408,
  "BEGIN_DAY": 17,
  "BEGIN_TIME": 0,
  "END_YEARMONTH": 201408,
  "END_DAY": 17,
  "END_TIME": 400,
  "EPISODE_ID": 87553,
  "EVENT_ID": 528450,
  "STATE": "MINNESOTA",
  "STATE_FIPS": 27,
  "YEAR": 2014,
  "MONTH_NAME": "August",
  "EVENT_TYPE": "Flash Flood",
  "CZ_TYPE": "C",
  "CZ_FIPS": 111,
  "CZ_NAME": "OTTER TAIL",
  "WFO": "FGF",
  "BEGIN_DATE_TIME": "17-AUG-14 00:00:00",
  "CZ_TIMEZONE": "CST-6",
  "END_DATE_TIME": "17-AUG-14 04:00:00",
  "INJURIES_DIRECT": 0,
  "INJURIES_INDIRECT": 0,
  "DEATHS_DIRECT": 0,
  "DEATHS_INDIRECT": 0,
  "DAMAGE_PROPERTY": "15.00K",
  "DAMAGE_CROPS": "0.00K",
  "SOURCE": "COOP Observer",
  "MAGNITUDE": "",
  "MAGNITUDE_TYPE": "",
  "FLOOD_CAUSE": "Heavy Rain",
  "CATEGORY": "",
  "TOR_F_SCALE": "",
  "TOR_LENGTH": "",
  "TOR_WIDTH": "",
  "TOR_OTHER_WFO": "",
  "TOR_OTHER_CZ_STATE": "",
  "TOR_OTHER_CZ_FIPS": "",
  "TOR_OTHER_CZ_NAME": "",
  "BEGIN_RANGE": 1,
  "BEGIN_AZIMUTH": "NNW",
  "BEGIN_LOCATION": "OTTERTAIL",
  "END_RANGE": 1,
  "END_AZIMUTH": "SW",
  "END_LOCATION": "OTTERTAIL",
  "BEGIN_LAT": 46.45,
  "BEGIN_LON": -95.56,
  "END_LAT": 46.42,
  "END_LON": -95.56,
  "text": "A compact, well-defined, upper level disturbance tracked along and south of Interstate 94 during the late afternoon and early evening of the 16th. It was an extremely slow moving feature, as wind speeds were very weak. Thunderstorms that were associated with it produced heavy rain, funnel clouds, and isolated strong wind gusts.",
  "EVENT_NARRATIVE": "Several secondary and county roads were overtopped and damaged due to flood waters. The Leaf River was reported flowing upstream due to higher downstream water.",
  "DATA_SOURCE": "CSV"
}
