{
  "BEGIN_YEARMONTH": 201408,
  "BEGIN_DAY": 23,
  "BEGIN_TIME": 1655,
  "END_YEARMONTH": 201408,
  "END_DAY": 23,
  "END_TIME": 1655,
  "EPISODE_ID": 89307,
  "EVENT_ID": 537921,
  "STATE": "FLORIDA",
  "STATE_FIPS": 12,
  "YEAR": 2014,
  "MONTH_NAME": "August",
  "EVENT_TYPE": "Thunderstorm Wind",
  "CZ_TYPE": "C",
  "CZ_FIPS": 107,
  "CZ_NAME": "PUTNAM",
  "WFO": "JAX",
  "BEGIN_DATE_TIME": "23-AUG-14 16:55:00",
  "CZ_TIMEZONE": "EST-5",
  "END_DATE_TIME": "23-AUG-14 16:55:00",
  "INJURIES_DIRECT": 0,
  "INJURIES_INDIRECT": 0,
  "DEATHS_DIRECT": 0,
  "DEATHS_INDIRECT": 0,
  "DAMAGE_PROPERTY": "",
  "DAMAGE_CROPS": "",
  "SOURCE": "Trained Spotter",
  "MAGNITUDE": 50,
  "MAGNITUDE_TYPE": "EG",
  "FLOOD_CAUSE": "",
  "CATEGORY": "",
  "TOR_F_SCALE": "",
  "TOR_LENGTH": "",
  "TOR_WIDTH": "",
  "TOR_OTHER_WFO": "",
  "TOR_OTHER_CZ_STATE": "",
  "TOR_OTHER_CZ_FIPS": "",
  "TOR_OTHER_CZ_NAME": "",
  "BEGIN_RANGE": 1,
  "BEGIN_AZIMUTH": "N",
  "BEGIN_LOCATION": "CRESCENT CITY",
  "END_RANGE": 1,
  "END_AZIMUTH": "N",
  "END_LOCATION": "CRESCENT CITY",
  "BEGIN_LAT": 29.44,
  "BEGIN_LON": -81.52,
  "END_LAT": 29.44,
  "END_LON": -81.52,
  "text": "Dominant upper level ridge continued to bring above normal temperatures, while active sea breezes over an unstable air mass triggered scattered severe storms during the late afternoon and early evening.",
  "EVENT_NARRATIVE": "A large tree limb was blow down. The time of event was based on radar.",
  "DATA_SOURCE": "CSV"
}
