{
  "BEGIN_YEARMONTH": 201408,
  "BEGIN_DAY": 7,
  "BEGIN_TIME": 1845,
  "END_YEARMONTH": 201408,
  "END_DAY": 7,
  "END_TIME": 1845,
  "EPISODE_ID": 88574,
  "EVENT_ID": 534033,
  "STATE": "TENNESSEE",
  "STATE_FIPS": 47,
  "YEAR": 2014,
  "MONTH_NAME": "August",
  "EVENT_TYPE": "Thunderstorm Wind",
  "CZ_TYPE": "C",
  "CZ_FIPS": 165,
  "CZ_NAME": "SUMNER",
  "WFO": "OHX",
  "BEGIN_DATE_TIME": "07-AUG-14 18:45:00",
  "CZ_TIMEZONE": "CST-6",
  "END_DATE_TIME": "07-AUG-14 18:45:00",
  "INJURIES_DIRECT": 0,
  "INJURIES_INDIRECT": 0,
  "DEATHS_DIRECT": 0,
  "DEATHS_INDIRECT": 0,
  "DAMAGE_PROPERTY": "2.00K",
  "DAMAGE_CROPS": "0.00K",
  "SOURCE": "Social Media",
  "MAGNITUDE": 52,
  "MAGNITUDE_TYPE": "EG",
  "FLOOD_CAUSE": "",
  "CATEGORY": "",
  "TOR_F_SCALE": "",
  "TOR_LENGTH": "",
  "TOR_WIDTH": "",
  "TOR_OTHER_WFO": "",
  "TOR_OTHER_CZ_STATE": "",
  "TOR_OTHER_CZ_FIPS": "",
  "TOR_OTHER_CZ_NAME": "",
  "BEGIN_RANGE": 0,
  "BEGIN_AZIMUTH": "N",
  "BEGIN_LOCATION": "PORTLAND",
  "END_RANGE": 0,
  "END_AZIMUTH": "N",
  "END_LOCATION": "PORTLAND",
  "BEGIN_LAT": 36.58,
  "BEGIN_LON": -86.52,
  "END_LAT": 36.58,
  "END_LON": -86.52,
  "text": "Numerous showers and thunderstorms affected central and northern parts of Middle Tennessee during the afternoon and evening hours on August 7. A few reports of wind damage were received.",
  "EVENT_NARRATIVE": "Trees were reportedly blown down in Portland.",
  "DATA_SOURCE": "CSV"
}
