{
  "BEGIN_YEARMONTH": 201408,
  "BEGIN_DAY": 19,
  "BEGIN_TIME": 1500,
  "END_YEARMONTH": 201408,
  "END_DAY": 19,
  "END_TIME": 1500,
  "EPISODE_ID": 89300,
  "EVENT_ID": 537906,
  "STATE": "FLORIDA",
  "STATE_FIPS": 12,
  "YEAR": 2014,
  "MONTH_NAME": "August",
  "EVENT_TYPE": "Thunderstorm Wind",
  "CZ_TYPE": "C",
  "CZ_FIPS": 3,
  "CZ_NAME": "BAKER",
  "WFO": "JAX",
  "BEGIN_DATE_TIME": "19-AUG-14 15:00:00",
  "CZ_TIMEZONE": "EST-5",
  "END_DATE_TIME": "19-AUG-14 15:00:00",
  "INJURIES_DIRECT": 0,
  "INJURIES_INDIRECT": 0,
  "DEATHS_DIRECT": 0,
  "DEATHS_INDIRECT": 0,
  "DAMAGE_PROPERTY": "",
  "DAMAGE_CROPS": "",
  "SOURCE": "Trained Spotter",
  "MAGNITUDE": 50,
  "MAGNITUDE_TYPE": "EG",
  "FLOOD_CAUSE": "",
  "CATEGORY": "",
  "TOR_F_SCALE": "",
  "TOR_LENGTH": "",
  "TOR_WIDTH": "",
  "TOR_OTHER_WFO": "",
  "TOR_OTHER_CZ_STATE": "",
  "TOR_OTHER_CZ_FIPS": "",
  "TOR_OTHER_CZ_NAME": "",
  "BEGIN_RANGE": 3,
  "BEGIN_AZIMUTH": "E",
  "BEGIN_LOCATION": "TAYLOR",
  "END_RANGE": 3,
  "END_AZIMUTH": "E",
  "END_LOCATION": "TAYLOR",
  "BEGIN_LAT": 30.43,
  "BEGIN_LON": -82.23,
  "END_LAT": 30.43,
  "END_LON": -82.23,
  "text": "A mean ridge was building over the Fl peninsula while fast westerly steering flow of 15-20 mph prevailed over SE Georgia. The combination of an unstable airmass, high moisture and forcing from outflow boundaries triggered a few severe storms in the afternoon.",
  "EVENT_NARRATIVE": "Trees were blown down along County Road 250.",
  "DATA_SOURCE": "CSV"
}
