{
  "BEGIN_YEARMONTH": 201408,
  "BEGIN_DAY": 12,
  "BEGIN_TIME": 1600,
  "END_YEARMONTH": 201408,
  "END_DAY": 12,
  "END_TIME": 1800,
  "EPISODE_ID": 87970,
  "EVENT_ID": 530941,
  "STATE": "ARIZONA",
  "STATE_FIPS": 4,
  "YEAR": 2014,
  "MONTH_NAME": "August",
  "EVENT_TYPE": "Heavy Rain",
  "CZ_TYPE": "C",
  "CZ_FIPS": 13,
  "CZ_NAME": "MARICOPA",
  "WFO": "PSR",
  "BEGIN_DATE_TIME": "12-AUG-14 16:00:00",
  "CZ_TIMEZONE": "MST-7",
  "END_DATE_TIME": "12-AUG-14 18:00:00",
  "INJURIES_DIRECT": 0,
  "INJURIES_INDIRECT": 0,
  "DEATHS_DIRECT": 0,
  "DEATHS_INDIRECT": 0,
  "DAMAGE_PROPERTY": "0.00K",
  "DAMAGE_CROPS": "0.00K",
  "SOURCE": "Trained Spotter",
  "MAGNITUDE": "",
  "MAGNITUDE_TYPE": "",
  "FLOOD_CAUSE": "",
  "CATEGORY": "",
  "TOR_F_SCALE": "",
  "TOR_LENGTH": "",
  "TOR_WIDTH": "",
  "TOR_OTHER_WFO": "",
  "TOR_OTHER_CZ_STATE": "",
  "TOR_OTHER_CZ_FIPS": "",
  "TOR_OTHER_CZ_NAME": "",
  "BEGIN_RANGE": 2,
  "BEGIN_AZIMUTH": "NNW",
  "BEGIN_LOCATION": "GILBERT",
  "END_RANGE": 2,
  "END_AZIMUTH": "NNW",
  "END_LOCATION": "GILBERT",
  "BEGIN_LAT": 33.38,
  "BEGIN_LON": -111.79,
  "END_LAT": 33.38,
  "END_LON": -111.79,
  "text": "Thunderstorms continued to develop across south central Arizona during the afternoon hours on August 12th, and they persisted well into the evening. Many of the storms affected the greater Phoenix metropolitan area. Due to excessively moist atmospheric conditions, a Flash Flood Watch was in effect from noon August 12th through 5 am on Wednesday August 13th. Many of the thunderstorms produced locally heavy rain with rainfall rates in excess of 2 inches per hour at times. The heavy rain led to urban flooding, flash flooding, and eventually areal flooding which affected much of the greater Phoenix area, especially the southeast and south central portions.",
  "EVENT_NARRATIVE": "Scattered to numerous thunderstorms developed across the southeastern portions of the greater Phoenix metropolitan area during the afternoon hours on August 12th, and they affected communities such as Mesa and Gilbert. The stronger storms produced locally heavy rainfall with peak rain rates in excess of 2 inches per hour. The heavy rain led to significant urban flooding; at 1639MST a trained spotter 4 miles northwest of Gilbert reported very heavy rain and street flooding at the intersection of Baseline Road and Gilbert Road. The rain was so heavy that visibility was lowered to near zero miles. A Flash Flood Warning was in effect at the time of the spotter report.",
  "DATA_SOURCE": "CSV"
}
