{
  "BEGIN_YEARMONTH": 201401,
  "BEGIN_DAY": 9,
  "BEGIN_TIME": 1819,
  "END_YEARMONTH": 201401,
  "END_DAY": 9,
  "END_TIME": 1820,
  "EPISODE_ID": 80618,
  "EVENT_ID": 482601,
  "STATE": "FLORIDA",
  "STATE_FIPS": 12,
  "YEAR": 2014,
  "MONTH_NAME": "January",
  "EVENT_TYPE": "Thunderstorm Wind",
  "CZ_TYPE": "C",
  "CZ_FIPS": 85,
  "CZ_NAME": "MARTIN",
  "WFO": "MLB",
  "BEGIN_DATE_TIME": "09-JAN-14 18:19:00",
  "CZ_TIMEZONE": "EST-5",
  "END_DATE_TIME": "09-JAN-14 18:20:00",
  "INJURIES_DIRECT": 0,
  "INJURIES_INDIRECT": 0,
  "DEATHS_DIRECT": 0,
  "DEATHS_INDIRECT": 0,
  "DAMAGE_PROPERTY": "150.00K",
  "DAMAGE_CROPS": "0.00K",
  "SOURCE": "NWS Storm Survey",
  "MAGNITUDE": 70,
  "MAGNITUDE_TYPE": "EG",
  "FLOOD_CAUSE": "",
  "CATEGORY": "",
  "TOR_F_SCALE": "",
  "TOR_LENGTH": "",
  "TOR_WIDTH": "",
  "TOR_OTHER_WFO": "",
  "TOR_OTHER_CZ_STATE": "",
  "TOR_OTHER_CZ_FIPS": "",
  "TOR_OTHER_CZ_NAME": "",
  "BEGIN_RANGE": 1,
  "BEGIN_AZIMUTH": "WNW",
  "BEGIN_LOCATION": "HOBE SOUND",
  "END_RANGE": 1,
  "END_AZIMUTH": "WSW",
  "END_LOCATION": "HOBE SOUND",
  "BEGIN_LAT": 27.0717,
  "BEGIN_LON": -80.1382,
  "END_LAT": 27.068,
  "END_LON": -80.1395,
  "text": "A persistent cluster of heavy showers and thunderstorms moved down the coast of St. Lucie and Martin Counties and produced a localized area of very high winds within the town of Hobe Sound. Twenty mobile homes sustained mainly minor wind damage, with moderate damage to two homes.",
  "EVENT_NARRATIVE": "A NWS Storm Survey confirmed a zone of straight-line wind damage approximately aligned northeast to southwest, approximately one-third of a mile long and up to about 300 feet wide, affecting the Woodbridge Mobile Home park in the town of Hobe Sound. Twenty mobile homes sustained wind damage. Carports and awnings were removed from homes, and several homes had parts of their metal roofs peeled back. Two large trees sustained damage, primarily from debris impact. Damage estimates totalled $150,000.",
  "DATA_SOURCE": "CSV"
}
