{
  "BEGIN_YEARMONTH": 201408,
  "BEGIN_DAY": 12,
  "BEGIN_TIME": 2100,
  "END_YEARMONTH": 201408,
  "END_DAY": 12,
  "END_TIME": 2259,
  "EPISODE_ID": 89451,
  "EVENT_ID": 541646,
  "STATE": "NORTH CAROLINA",
  "STATE_FIPS": 37,
  "YEAR": 2014,
  "MONTH_NAME": "August",
  "EVENT_TYPE": "Flash Flood",
  "CZ_TYPE": "C",
  "CZ_FIPS": 101,
  "CZ_NAME": "JOHNSTON",
  "WFO": "RAH",
  "BEGIN_DATE_TIME": "12-AUG-14 21:00:00",
  "CZ_TIMEZONE": "EST-5",
  "END_DATE_TIME": "12-AUG-14 22:59:00",
  "INJURIES_DIRECT": 0,
  "INJURIES_INDIRECT": 0,
  "DEATHS_DIRECT": 0,
  "DEATHS_INDIRECT": 0,
  "DAMAGE_PROPERTY": "5.00K",
  "DAMAGE_CROPS": "0.00K",
  "SOURCE": "Broadcast Media",
  "MAGNITUDE": "",
  "MAGNITUDE_TYPE": "",
  "FLOOD_CAUSE": "Heavy Rain",
  "CATEGORY": "",
  "TOR_F_SCALE": "",
  "TOR_LENGTH": "",
  "TOR_WIDTH": "",
  "TOR_OTHER_WFO": "",
  "TOR_OTHER_CZ_STATE": "",
  "TOR_OTHER_CZ_FIPS": "",
  "TOR_OTHER_CZ_NAME": "",
  "BEGIN_RANGE": 1,
  "BEGIN_AZIMUTH": "ENE",
  "BEGIN_LOCATION": "WILSONS MILLS",
  "END_RANGE": 1,
  "END_AZIMUTH": "ENE",
  "END_LOCATION": "WILSONS MILLS",
  "BEGIN_LAT": 35.5838,
  "BEGIN_LON": -78.3569,
  "END_LAT": 35.5837,
  "END_LON": -78.355,
  "text": "A cluster of showers and storms develop across the triangle region of central North Carolina. A few of these storms became severe and produced damaging wind gusts. In addition, these storms produced heavy rain, resulting in significant flash flooding in Wake and Johnston Counties.",
  "EVENT_NARRATIVE": "One person was rescued from their car in flood waters in the Wilson's Mills area.",
  "DATA_SOURCE": "CSV"
}
