{
  "BEGIN_YEARMONTH": 201408,
  "BEGIN_DAY": 7,
  "BEGIN_TIME": 1905,
  "END_YEARMONTH": 201408,
  "END_DAY": 7,
  "END_TIME": 1905,
  "EPISODE_ID": 88574,
  "EVENT_ID": 534034,
  "STATE": "TENNESSEE",
  "STATE_FIPS": 47,
  "YEAR": 2014,
  "MONTH_NAME": "August",
  "EVENT_TYPE": "Thunderstorm Wind",
  "CZ_TYPE": "C",
  "CZ_FIPS": 149,
  "CZ_NAME": "RUTHERFORD",
  "WFO": "OHX",
  "BEGIN_DATE_TIME": "07-AUG-14 19:05:00",
  "CZ_TIMEZONE": "CST-6",
  "END_DATE_TIME": "07-AUG-14 19:05:00",
  "INJURIES_DIRECT": 0,
  "INJURIES_INDIRECT": 0,
  "DEATHS_DIRECT": 0,
  "DEATHS_INDIRECT": 0,
  "DAMAGE_PROPERTY": "5.00K",
  "DAMAGE_CROPS": "0.00K",
  "SOURCE": "Emergency Manager",
  "MAGNITUDE": 52,
  "MAGNITUDE_TYPE": "EG",
  "FLOOD_CAUSE": "",
  "CATEGORY": "",
  "TOR_F_SCALE": "",
  "TOR_LENGTH": "",
  "TOR_WIDTH": "",
  "TOR_OTHER_WFO": "",
  "TOR_OTHER_CZ_STATE": "",
  "TOR_OTHER_CZ_FIPS": "",
  "TOR_OTHER_CZ_NAME": "",
  "BEGIN_RANGE": 1,
  "BEGIN_AZIMUTH": "SE",
  "BEGIN_LOCATION": "J PERCY PRIEST RES S",
  "END_RANGE": 1,
  "END_AZIMUTH": "SE",
  "END_LOCATION": "J PERCY PRIEST RES S",
  "BEGIN_LAT": 36.0433,
  "BEGIN_LON": -86.493,
  "END_LAT": 36.0433,
  "END_LON": -86.493,
  "text": "Numerous showers and thunderstorms affected central and northern parts of Middle Tennessee during the afternoon and evening hours on August 7. A few reports of wind damage were received.",
  "EVENT_NARRATIVE": "Docks were damaged at Fate Sanders Marina on Percy Priest Lake.",
  "DATA_SOURCE": "CSV"
}
