{
  "BEGIN_YEARMONTH": 201408,
  "BEGIN_DAY": 25,
  "BEGIN_TIME": 1539,
  "END_YEARMONTH": 201408,
  "END_DAY": 25,
  "END_TIME": 1539,
  "EPISODE_ID": 87880,
  "EVENT_ID": 530533,
  "STATE": "ARKANSAS",
  "STATE_FIPS": 5,
  "YEAR": 2014,
  "MONTH_NAME": "August",
  "EVENT_TYPE": "Thunderstorm Wind",
  "CZ_TYPE": "C",
  "CZ_FIPS": 115,
  "CZ_NAME": "POPE",
  "WFO": "LZK",
  "BEGIN_DATE_TIME": "25-AUG-14 15:39:00",
  "CZ_TIMEZONE": "CST-6",
  "END_DATE_TIME": "25-AUG-14 15:39:00",
  "INJURIES_DIRECT": 0,
  "INJURIES_INDIRECT": 0,
  "DEATHS_DIRECT": 0,
  "DEATHS_INDIRECT": 0,
  "DAMAGE_PROPERTY": "20.00K",
  "DAMAGE_CROPS": "0.00K",
  "SOURCE": "COOP Observer",
  "MAGNITUDE": 43,
  "MAGNITUDE_TYPE": "EG",
  "FLOOD_CAUSE": "",
  "CATEGORY": "",
  "TOR_F_SCALE": "",
  "TOR_LENGTH": "",
  "TOR_WIDTH": "",
  "TOR_OTHER_WFO": "",
  "TOR_OTHER_CZ_STATE": "",
  "TOR_OTHER_CZ_FIPS": "",
  "TOR_OTHER_CZ_NAME": "",
  "BEGIN_RANGE": 0,
  "BEGIN_AZIMUTH": "N",
  "BEGIN_LOCATION": "LONG POOL",
  "END_RANGE": 0,
  "END_AZIMUTH": "N",
  "END_LOCATION": "LONG POOL",
  "BEGIN_LAT": 35.55,
  "BEGIN_LON": -93.16,
  "END_LAT": 35.55,
  "END_LON": -93.16,
  "text": "Daytime heating led to the development of isolated thunderstorms on the afternoon of the 25th.",
  "EVENT_NARRATIVE": "Some damage occurred to roofs on barns and houses, and large limbs were blown down.",
  "DATA_SOURCE": "CSV"
}
