{
  "BEGIN_YEARMONTH": 201406,
  "BEGIN_DAY": 25,
  "BEGIN_TIME": 1826,
  "END_YEARMONTH": 201406,
  "END_DAY": 25,
  "END_TIME": 1826,
  "EPISODE_ID": 86763,
  "EVENT_ID": 527260,
  "STATE": "NEW YORK",
  "STATE_FIPS": 36,
  "YEAR": 2014,
  "MONTH_NAME": "June",
  "EVENT_TYPE": "Lightning",
  "CZ_TYPE": "C",
  "CZ_FIPS": 21,
  "CZ_NAME": "COLUMBIA",
  "WFO": "ALY",
  "BEGIN_DATE_TIME": "25-JUN-14 18:26:00",
  "CZ_TIMEZONE": "EST-5",
  "END_DATE_TIME": "25-JUN-14 18:26:00",
  "INJURIES_DIRECT": 0,
  "INJURIES_INDIRECT": 0,
  "DEATHS_DIRECT": 0,
  "DEATHS_INDIRECT": 0,
  "DAMAGE_PROPERTY": "2.00K",
  "DAMAGE_CROPS": "0.00K",
  "SOURCE": "911 Call Center",
  "MAGNITUDE": "",
  "MAGNITUDE_TYPE": "",
  "FLOOD_CAUSE": "",
  "CATEGORY": "",
  "TOR_F_SCALE": "",
  "TOR_LENGTH": "",
  "TOR_WIDTH": "",
  "TOR_OTHER_WFO": "",
  "TOR_OTHER_CZ_STATE": "",
  "TOR_OTHER_CZ_FIPS": "",
  "TOR_OTHER_CZ_NAME": "",
  "BEGIN_RANGE": 1,
  "BEGIN_AZIMUTH": "NNW",
  "BEGIN_LOCATION": "WESTGHENT",
  "END_RANGE": 1,
  "END_AZIMUTH": "NNW",
  "END_LOCATION": "WESTGHENT",
  "BEGIN_LAT": 42.3306,
  "BEGIN_LON": -73.7043,
  "END_LAT": 42.3306,
  "END_LON": -73.7043,
  "text": "A very moist and humid air mass was in place across the region on Wednesday, June 25th.  As a slow moving cold front approached from the west, bands of heavy rain showers and thunderstorms developed ahead of the boundary.  As these showers and thunderstorms repeatedly passed over the same locations, the heavy rainfall led to significant runoff, which caused flash flooding in some areas.  Many roads were closed due to the flooding and some homes were affected by water as well.  In addition, a few of the storms produced wind damage to trees and some damaging lightning strikes.  ||The threat for heavy rainfall and flooding ended late on the evening of June 25th, as the storm's cold front passed through the region from west to east.",
  "EVENT_NARRATIVE": "A lightning strike caused a transformer to explode at the intersection of State Route 9H and Falls Road in the town of Ghent.",
  "DATA_SOURCE": "CSV"
}
