{
  "BEGIN_YEARMONTH": 201408,
  "BEGIN_DAY": 17,
  "BEGIN_TIME": 1621,
  "END_YEARMONTH": 201408,
  "END_DAY": 17,
  "END_TIME": 1621,
  "EPISODE_ID": 88047,
  "EVENT_ID": 531473,
  "STATE": "ARIZONA",
  "STATE_FIPS": 4,
  "YEAR": 2014,
  "MONTH_NAME": "August",
  "EVENT_TYPE": "Thunderstorm Wind",
  "CZ_TYPE": "C",
  "CZ_FIPS": 7,
  "CZ_NAME": "GILA",
  "WFO": "PSR",
  "BEGIN_DATE_TIME": "17-AUG-14 16:21:00",
  "CZ_TIMEZONE": "MST-7",
  "END_DATE_TIME": "17-AUG-14 16:21:00",
  "INJURIES_DIRECT": 0,
  "INJURIES_INDIRECT": 0,
  "DEATHS_DIRECT": 0,
  "DEATHS_INDIRECT": 0,
  "DAMAGE_PROPERTY": "0.00K",
  "DAMAGE_CROPS": "0.00K",
  "SOURCE": "Trained Spotter",
  "MAGNITUDE": 61,
  "MAGNITUDE_TYPE": "MG",
  "FLOOD_CAUSE": "",
  "CATEGORY": "",
  "TOR_F_SCALE": "",
  "TOR_LENGTH": "",
  "TOR_WIDTH": "",
  "TOR_OTHER_WFO": "",
  "TOR_OTHER_CZ_STATE": "",
  "TOR_OTHER_CZ_FIPS": "",
  "TOR_OTHER_CZ_NAME": "",
  "BEGIN_RANGE": 2,
  "BEGIN_AZIMUTH": "NNE",
  "BEGIN_LOCATION": "RADIUM",
  "END_RANGE": 2,
  "END_AZIMUTH": "NNE",
  "END_LOCATION": "RADIUM",
  "BEGIN_LAT": 33.45,
  "BEGIN_LON": -110.77,
  "END_LAT": 33.45,
  "END_LON": -110.77,
  "text": "Thunderstorms developed across portions of southern Gila county during the afternoon hours on August 17th, and due to favorable atmospheric conditions they were able to generate gusty and damaging microburst winds with peak gusts in excess of 60 mph. Some of the communities affected included Globe and Claypool. Gusty outflow winds were sufficient to cause roof damage near Globe. Severe Thunderstorm Warnings were issued as a result of the strong thunderstorms; fortunately no injuries were reported.",
  "EVENT_NARRATIVE": "Thunderstorms developed across portions of southern Gila county during the afternoon hours on August 17th and some of them affected the community of Claypool. The stronger storms generated gusty outflow winds in excess of 60 mph; a trained weather spotter located about 3 miles east of Claypool measured a wind gust to 70 mph. No damage was reported due to the strong winds.",
  "DATA_SOURCE": "CSV"
}
