{
  "BEGIN_YEARMONTH": 201408,
  "BEGIN_DAY": 12,
  "BEGIN_TIME": 2015,
  "END_YEARMONTH": 201408,
  "END_DAY": 12,
  "END_TIME": 2115,
  "EPISODE_ID": 89451,
  "EVENT_ID": 541096,
  "STATE": "NORTH CAROLINA",
  "STATE_FIPS": 37,
  "YEAR": 2014,
  "MONTH_NAME": "August",
  "EVENT_TYPE": "Flash Flood",
  "CZ_TYPE": "C",
  "CZ_FIPS": 183,
  "CZ_NAME": "WAKE",
  "WFO": "RAH",
  "BEGIN_DATE_TIME": "12-AUG-14 20:15:00",
  "CZ_TIMEZONE": "EST-5",
  "END_DATE_TIME": "12-AUG-14 21:15:00",
  "INJURIES_DIRECT": 0,
  "INJURIES_INDIRECT": 0,
  "DEATHS_DIRECT": 0,
  "DEATHS_INDIRECT": 0,
  "DAMAGE_PROPERTY": "10.00K",
  "DAMAGE_CROPS": "0.00K",
  "SOURCE": "Amateur Radio",
  "MAGNITUDE": "",
  "MAGNITUDE_TYPE": "",
  "FLOOD_CAUSE": "Heavy Rain",
  "CATEGORY": "",
  "TOR_F_SCALE": "",
  "TOR_LENGTH": "",
  "TOR_WIDTH": "",
  "TOR_OTHER_WFO": "",
  "TOR_OTHER_CZ_STATE": "",
  "TOR_OTHER_CZ_FIPS": "",
  "TOR_OTHER_CZ_NAME": "",
  "BEGIN_RANGE": 1,
  "BEGIN_AZIMUTH": "SSW",
  "BEGIN_LOCATION": "MORRISVILLE",
  "END_RANGE": 2,
  "END_AZIMUTH": "WNW",
  "END_LOCATION": "CARY",
  "BEGIN_LAT": 35.8001,
  "BEGIN_LON": -78.8393,
  "END_LAT": 35.7855,
  "END_LON": -78.8316,
  "text": "A cluster of showers and storms develop across the triangle region of central North Carolina. A few of these storms became severe and produced damaging wind gusts. In addition, these storms produced heavy rain, resulting in significant flash flooding in Wake and Johnston Counties.",
  "EVENT_NARRATIVE": "Several cars were reported stuck in flood waters near the intersection of Highouse Road, with several water rescues preformed.",
  "DATA_SOURCE": "CSV"
}
