{
  "BEGIN_YEARMONTH": 201406,
  "BEGIN_DAY": 25,
  "BEGIN_TIME": 2045,
  "END_YEARMONTH": 201406,
  "END_DAY": 25,
  "END_TIME": 2222,
  "EPISODE_ID": 86763,
  "EVENT_ID": 527254,
  "STATE": "NEW YORK",
  "STATE_FIPS": 36,
  "YEAR": 2014,
  "MONTH_NAME": "June",
  "EVENT_TYPE": "Flash Flood",
  "CZ_TYPE": "C",
  "CZ_FIPS": 21,
  "CZ_NAME": "COLUMBIA",
  "WFO": "ALY",
  "BEGIN_DATE_TIME": "25-JUN-14 20:45:00",
  "CZ_TIMEZONE": "EST-5",
  "END_DATE_TIME": "25-JUN-14 22:22:00",
  "INJURIES_DIRECT": 0,
  "INJURIES_INDIRECT": 0,
  "DEATHS_DIRECT": 0,
  "DEATHS_INDIRECT": 0,
  "DAMAGE_PROPERTY": "0.00K",
  "DAMAGE_CROPS": "0.00K",
  "SOURCE": "911 Call Center",
  "MAGNITUDE": "",
  "MAGNITUDE_TYPE": "",
  "FLOOD_CAUSE": "Heavy Rain",
  "CATEGORY": "",
  "TOR_F_SCALE": "",
  "TOR_LENGTH": "",
  "TOR_WIDTH": "",
  "TOR_OTHER_WFO": "",
  "TOR_OTHER_CZ_STATE": "",
  "TOR_OTHER_CZ_FIPS": "",
  "TOR_OTHER_CZ_NAME": "",
  "BEGIN_RANGE": 1,
  "BEGIN_AZIMUTH": "SSW",
  "BEGIN_LOCATION": "COLUMBIAVILLE",
  "END_RANGE": 1,
  "END_AZIMUTH": "SSW",
  "END_LOCATION": "COLUMBIAVILLE",
  "BEGIN_LAT": 42.3119,
  "BEGIN_LON": -73.7549,
  "END_LAT": 42.3102,
  "END_LON": -73.7551,
  "text": "A very moist and humid air mass was in place across the region on Wednesday, June 25th.  As a slow moving cold front approached from the west, bands of heavy rain showers and thunderstorms developed ahead of the boundary.  As these showers and thunderstorms repeatedly passed over the same locations, the heavy rainfall led to significant runoff, which caused flash flooding in some areas.  Many roads were closed due to the flooding and some homes were affected by water as well.  In addition, a few of the storms produced wind damage to trees and some damaging lightning strikes.  ||The threat for heavy rainfall and flooding ended late on the evening of June 25th, as the storm's cold front passed through the region from west to east.",
  "EVENT_NARRATIVE": "Thunderstorm heavy rainfall caused flash flooding in the town of Stockport.  A portion of U.S. Route 9, near the intersection with County Route 22, was impassible due to high water.",
  "DATA_SOURCE": "CSV"
}
