{
  "BEGIN_YEARMONTH": 201408,
  "BEGIN_DAY": 17,
  "BEGIN_TIME": 2105,
  "END_YEARMONTH": 201408,
  "END_DAY": 17,
  "END_TIME": 2110,
  "EPISODE_ID": 88055,
  "EVENT_ID": 531528,
  "STATE": "KANSAS",
  "STATE_FIPS": 20,
  "YEAR": 2014,
  "MONTH_NAME": "August",
  "EVENT_TYPE": "Thunderstorm Wind",
  "CZ_TYPE": "C",
  "CZ_FIPS": 157,
  "CZ_NAME": "REPUBLIC",
  "WFO": "TOP",
  "BEGIN_DATE_TIME": "17-AUG-14 21:05:00",
  "CZ_TIMEZONE": "CST-6",
  "END_DATE_TIME": "17-AUG-14 21:10:00",
  "INJURIES_DIRECT": 0,
  "INJURIES_INDIRECT": 0,
  "DEATHS_DIRECT": 0,
  "DEATHS_INDIRECT": 0,
  "DAMAGE_PROPERTY": "",
  "DAMAGE_CROPS": "",
  "SOURCE": "Trained Spotter",
  "MAGNITUDE": 56,
  "MAGNITUDE_TYPE": "EG",
  "FLOOD_CAUSE": "",
  "CATEGORY": "",
  "TOR_F_SCALE": "",
  "TOR_LENGTH": "",
  "TOR_WIDTH": "",
  "TOR_OTHER_WFO": "",
  "TOR_OTHER_CZ_STATE": "",
  "TOR_OTHER_CZ_FIPS": "",
  "TOR_OTHER_CZ_NAME": "",
  "BEGIN_RANGE": 1,
  "BEGIN_AZIMUTH": "S",
  "BEGIN_LOCATION": "SCANDIA",
  "END_RANGE": 1,
  "END_AZIMUTH": "S",
  "END_LOCATION": "SCANDIA",
  "BEGIN_LAT": 39.79,
  "BEGIN_LON": -97.78,
  "END_LAT": 39.79,
  "END_LON": -97.78,
  "text": "On the afternoon of the 17th a complex of thunderstorms developed over northern Nebraska and started moving south. Over time a strong cold pool developed and drove the storms into north central Kansas by the evening. These storms caused severe wind damage to certain locations before the nocturnal inversion began preventing the winds from reaching the surface.",
  "EVENT_NARRATIVE": "Power lines and trees down which are blocking emergency services from entering the town.",
  "DATA_SOURCE": "CSV"
}
