{
  "BEGIN_YEARMONTH": 201406,
  "BEGIN_DAY": 25,
  "BEGIN_TIME": 2131,
  "END_YEARMONTH": 201406,
  "END_DAY": 25,
  "END_TIME": 2131,
  "EPISODE_ID": 87312,
  "EVENT_ID": 526946,
  "STATE": "MASSACHUSETTS",
  "STATE_FIPS": 25,
  "YEAR": 2014,
  "MONTH_NAME": "June",
  "EVENT_TYPE": "Lightning",
  "CZ_TYPE": "C",
  "CZ_FIPS": 3,
  "CZ_NAME": "BERKSHIRE",
  "WFO": "ALY",
  "BEGIN_DATE_TIME": "25-JUN-14 21:31:00",
  "CZ_TIMEZONE": "EST-5",
  "END_DATE_TIME": "25-JUN-14 21:31:00",
  "INJURIES_DIRECT": 0,
  "INJURIES_INDIRECT": 0,
  "DEATHS_DIRECT": 0,
  "DEATHS_INDIRECT": 0,
  "DAMAGE_PROPERTY": "1.00K",
  "DAMAGE_CROPS": "0.00K",
  "SOURCE": "Public",
  "MAGNITUDE": "",
  "MAGNITUDE_TYPE": "",
  "FLOOD_CAUSE": "",
  "CATEGORY": "",
  "TOR_F_SCALE": "",
  "TOR_LENGTH": "",
  "TOR_WIDTH": "",
  "TOR_OTHER_WFO": "",
  "TOR_OTHER_CZ_STATE": "",
  "TOR_OTHER_CZ_FIPS": "",
  "TOR_OTHER_CZ_NAME": "",
  "BEGIN_RANGE": 1,
  "BEGIN_AZIMUTH": "ENE",
  "BEGIN_LOCATION": "RICHMOND FURNACE",
  "END_RANGE": 1,
  "END_AZIMUTH": "ENE",
  "END_LOCATION": "RICHMOND FURNACE",
  "BEGIN_LAT": 42.3726,
  "BEGIN_LON": -73.3678,
  "END_LAT": 42.3726,
  "END_LON": -73.3678,
  "text": "A very moist and humid air mass was in place across the region on Wednesday, June 25th. As a slow moving cold front approached from the west, bands of heavy rain showers and thunderstorms developed ahead of the boundary. As these showers and thunderstorms repeatedly passed over the same locations, the heavy rainfall led to significant runoff, which caused flash flooding in some areas. Many roads were closed due to the flooding and some homes were affected by water as well. In addition, a few of the storms produced damaging lightning strikes as well. ||The threat for heavy rainfall and flooding ended late on the evening of June 25th, as the storm's cold front passed through the region from west to east.",
  "EVENT_NARRATIVE": "Lightning downed wires at the intersection of Lenox Road and Route 41 in Richmond.",
  "DATA_SOURCE": "CSV"
}
