{
  "BEGIN_YEARMONTH": 201401,
  "BEGIN_DAY": 11,
  "BEGIN_TIME": 1642,
  "END_YEARMONTH": 201401,
  "END_DAY": 11,
  "END_TIME": 1642,
  "EPISODE_ID": 82716,
  "EVENT_ID": 498411,
  "STATE": "ATLANTIC NORTH",
  "STATE_FIPS": 88,
  "YEAR": 2014,
  "MONTH_NAME": "January",
  "EVENT_TYPE": "Marine Thunderstorm Wind",
  "CZ_TYPE": "Z",
  "CZ_FIPS": 650,
  "CZ_NAME": "FENWICK IS DE TO CHINCOTEAGUE VA OUT 20NM",
  "WFO": "AKQ",
  "BEGIN_DATE_TIME": "11-JAN-14 16:42:00",
  "CZ_TIMEZONE": "EST-5",
  "END_DATE_TIME": "11-JAN-14 16:42:00",
  "INJURIES_DIRECT": 0,
  "INJURIES_INDIRECT": 0,
  "DEATHS_DIRECT": 0,
  "DEATHS_INDIRECT": 0,
  "DAMAGE_PROPERTY": "0.00K",
  "DAMAGE_CROPS": "0.00K",
  "SOURCE": "C-MAN Station",
  "MAGNITUDE": 39,
  "MAGNITUDE_TYPE": "MG",
  "FLOOD_CAUSE": "",
  "CATEGORY": "",
  "TOR_F_SCALE": "",
  "TOR_LENGTH": "",
  "TOR_WIDTH": "",
  "TOR_OTHER_WFO": "",
  "TOR_OTHER_CZ_STATE": "",
  "TOR_OTHER_CZ_FIPS": "",
  "TOR_OTHER_CZ_NAME": "",
  "BEGIN_RANGE": 0,
  "BEGIN_AZIMUTH": "N",
  "BEGIN_LOCATION": "OCEAN CITY INLET STATION (OCIM2)",
  "END_RANGE": 0,
  "END_AZIMUTH": "N",
  "END_LOCATION": "OCEAN CITY INLET STATION (OCIM2)",
  "BEGIN_LAT": 38.33,
  "BEGIN_LON": -75.03,
  "END_LAT": 38.33,
  "END_LON": -75.03,
  "text": "Isolated thunderstorm in advance of a cold front produced gusty winds across portions of the Maryland Coastal Waters.",
  "EVENT_NARRATIVE": "Wind gust of 39 knots was measured at the Ocean City Inlet Station (OCIM2).",
  "DATA_SOURCE": "CSV"
}
