{
  "BEGIN_YEARMONTH": 201408,
  "BEGIN_DAY": 21,
  "BEGIN_TIME": 1635,
  "END_YEARMONTH": 201408,
  "END_DAY": 21,
  "END_TIME": 1635,
  "EPISODE_ID": 89304,
  "EVENT_ID": 537914,
  "STATE": "FLORIDA",
  "STATE_FIPS": 12,
  "YEAR": 2014,
  "MONTH_NAME": "August",
  "EVENT_TYPE": "Thunderstorm Wind",
  "CZ_TYPE": "C",
  "CZ_FIPS": 107,
  "CZ_NAME": "PUTNAM",
  "WFO": "JAX",
  "BEGIN_DATE_TIME": "21-AUG-14 16:35:00",
  "CZ_TIMEZONE": "EST-5",
  "END_DATE_TIME": "21-AUG-14 16:35:00",
  "INJURIES_DIRECT": 0,
  "INJURIES_INDIRECT": 0,
  "DEATHS_DIRECT": 0,
  "DEATHS_INDIRECT": 0,
  "DAMAGE_PROPERTY": "",
  "DAMAGE_CROPS": "",
  "SOURCE": "State Official",
  "MAGNITUDE": 50,
  "MAGNITUDE_TYPE": "EG",
  "FLOOD_CAUSE": "",
  "CATEGORY": "",
  "TOR_F_SCALE": "",
  "TOR_LENGTH": "",
  "TOR_WIDTH": "",
  "TOR_OTHER_WFO": "",
  "TOR_OTHER_CZ_STATE": "",
  "TOR_OTHER_CZ_FIPS": "",
  "TOR_OTHER_CZ_NAME": "",
  "BEGIN_RANGE": 3,
  "BEGIN_AZIMUTH": "SSE",
  "BEGIN_LOCATION": "GRANDIN",
  "END_RANGE": 3,
  "END_AZIMUTH": "SSE",
  "END_LOCATION": "GRANDIN",
  "BEGIN_LAT": 29.68,
  "BEGIN_LON": -81.9,
  "END_LAT": 29.68,
  "END_LON": -81.9,
  "text": "Drier northerly flow was in place in the upper levels, however PWAT values remained near 1.75 inches. Focus for evening storms was the Atlantic coast sea breeze over a hot and unstable air mass. Drier mid level air aided in down-burst formation.",
  "EVENT_NARRATIVE": "Significant tree damage occurred with both trees and power lines blown down near County Road 315 West of Lake Grandin. The time of damage was based on radar.",
  "DATA_SOURCE": "CSV"
}
