{
  "BEGIN_YEARMONTH": 201408,
  "BEGIN_DAY": 24,
  "BEGIN_TIME": 55,
  "END_YEARMONTH": 201408,
  "END_DAY": 24,
  "END_TIME": 55,
  "EPISODE_ID": 89830,
  "EVENT_ID": 540459,
  "STATE": "MINNESOTA",
  "STATE_FIPS": 27,
  "YEAR": 2014,
  "MONTH_NAME": "August",
  "EVENT_TYPE": "Thunderstorm Wind",
  "CZ_TYPE": "C",
  "CZ_FIPS": 51,
  "CZ_NAME": "GRANT",
  "WFO": "FGF",
  "BEGIN_DATE_TIME": "24-AUG-14 00:55:00",
  "CZ_TIMEZONE": "CST-6",
  "END_DATE_TIME": "24-AUG-14 00:55:00",
  "INJURIES_DIRECT": 0,
  "INJURIES_INDIRECT": 0,
  "DEATHS_DIRECT": 0,
  "DEATHS_INDIRECT": 0,
  "DAMAGE_PROPERTY": "2.00K",
  "DAMAGE_CROPS": "0.00K",
  "SOURCE": "Fire Department/Rescue",
  "MAGNITUDE": 50,
  "MAGNITUDE_TYPE": "EG",
  "FLOOD_CAUSE": "",
  "CATEGORY": "",
  "TOR_F_SCALE": "",
  "TOR_LENGTH": "",
  "TOR_WIDTH": "",
  "TOR_OTHER_WFO": "",
  "TOR_OTHER_CZ_STATE": "",
  "TOR_OTHER_CZ_FIPS": "",
  "TOR_OTHER_CZ_NAME": "",
  "BEGIN_RANGE": 2,
  "BEGIN_AZIMUTH": "ENE",
  "BEGIN_LOCATION": "HERMAN",
  "END_RANGE": 2,
  "END_AZIMUTH": "ENE",
  "END_LOCATION": "HERMAN",
  "BEGIN_LAT": 45.81,
  "BEGIN_LON": -96.12,
  "END_LAT": 45.81,
  "END_LON": -96.12,
  "text": "A line of showers and thunderstorms passed through Grant County during the early morning hours of the 24th. This rainfall may have helped to mix some of the stronger winds aloft down to the surface. Several pine trees in the Herman area were blown over by these strong wind gusts.",
  "EVENT_NARRATIVE": "Several ten to twenty foot tall pine trees were blown over during a protracted period of heavy rain and strong gusty winds.",
  "DATA_SOURCE": "CSV"
}
