{
  "BEGIN_YEARMONTH": 201408,
  "BEGIN_DAY": 12,
  "BEGIN_TIME": 2330,
  "END_YEARMONTH": 201408,
  "END_DAY": 13,
  "END_TIME": 330,
  "EPISODE_ID": 89451,
  "EVENT_ID": 541640,
  "STATE": "NORTH CAROLINA",
  "STATE_FIPS": 37,
  "YEAR": 2014,
  "MONTH_NAME": "August",
  "EVENT_TYPE": "Flash Flood",
  "CZ_TYPE": "C",
  "CZ_FIPS": 183,
  "CZ_NAME": "WAKE",
  "WFO": "RAH",
  "BEGIN_DATE_TIME": "12-AUG-14 23:30:00",
  "CZ_TIMEZONE": "EST-5",
  "END_DATE_TIME": "13-AUG-14 03:30:00",
  "INJURIES_DIRECT": 0,
  "INJURIES_INDIRECT": 0,
  "DEATHS_DIRECT": 0,
  "DEATHS_INDIRECT": 0,
  "DAMAGE_PROPERTY": "0.00K",
  "DAMAGE_CROPS": "0.00K",
  "SOURCE": "State Official",
  "MAGNITUDE": "",
  "MAGNITUDE_TYPE": "",
  "FLOOD_CAUSE": "Heavy Rain",
  "CATEGORY": "",
  "TOR_F_SCALE": "",
  "TOR_LENGTH": "",
  "TOR_WIDTH": "",
  "TOR_OTHER_WFO": "",
  "TOR_OTHER_CZ_STATE": "",
  "TOR_OTHER_CZ_FIPS": "",
  "TOR_OTHER_CZ_NAME": "",
  "BEGIN_RANGE": 0,
  "BEGIN_AZIMUTH": "E",
  "BEGIN_LOCATION": "ECHO HGTS",
  "END_RANGE": 0,
  "END_AZIMUTH": "E",
  "END_LOCATION": "ECHO HGTS",
  "BEGIN_LAT": 35.7298,
  "BEGIN_LON": -78.6458,
  "END_LAT": 35.7298,
  "END_LON": -78.6444,
  "text": "A cluster of showers and storms develop across the triangle region of central North Carolina. A few of these storms became severe and produced damaging wind gusts. In addition, these storms produced heavy rain, resulting in significant flash flooding in Wake and Johnston Counties.",
  "EVENT_NARRATIVE": "Durham Drive at Gideon Creek Way were reported closed due to flash flooding.",
  "DATA_SOURCE": "CSV"
}
