{
  "BEGIN_YEARMONTH": 201509,
  "BEGIN_DAY": 2,
  "BEGIN_TIME": 1259,
  "END_YEARMONTH": 201509,
  "END_DAY": 2,
  "END_TIME": 1259,
  "EPISODE_ID": 100045,
  "EVENT_ID": 599489,
  "STATE": "MARYLAND",
  "STATE_FIPS": 24,
  "YEAR": 2015,
  "MONTH_NAME": "September",
  "EVENT_TYPE": "Thunderstorm Wind",
  "CZ_TYPE": "C",
  "CZ_FIPS": 1,
  "CZ_NAME": "ALLEGANY",
  "WFO": "LWX",
  "BEGIN_DATE_TIME": "02-SEP-15 12:59:00",
  "CZ_TIMEZONE": "EST-5",
  "END_DATE_TIME": "02-SEP-15 12:59:00",
  "INJURIES_DIRECT": 0,
  "INJURIES_INDIRECT": 0,
  "DEATHS_DIRECT": 0,
  "DEATHS_INDIRECT": 0,
  "DAMAGE_PROPERTY": "3.00K",
  "DAMAGE_CROPS": "",
  "SOURCE": "Trained Spotter",
  "MAGNITUDE": 52,
  "MAGNITUDE_TYPE": "EG",
  "FLOOD_CAUSE": "",
  "CATEGORY": "",
  "TOR_F_SCALE": "",
  "TOR_LENGTH": "",
  "TOR_WIDTH": "",
  "TOR_OTHER_WFO": "",
  "TOR_OTHER_CZ_STATE": "",
  "TOR_OTHER_CZ_FIPS": "",
  "TOR_OTHER_CZ_NAME": "",
  "BEGIN_RANGE": 1,
  "BEGIN_AZIMUTH": "W",
  "BEGIN_LOCATION": "WOLFE MILL",
  "END_RANGE": 1,
  "END_AZIMUTH": "W",
  "END_LOCATION": "WOLFE MILL",
  "BEGIN_LAT": 39.67,
  "BEGIN_LON": -78.75,
  "END_LAT": 39.67,
  "END_LON": -78.75,
  "text": "Combination of surface trough and passing shortwave aloft provided the forcing to trigger scattered convection, with isolated severe over Maryland. Shear was minimal but MUCAPE values were analyzed to be around 2000 J/kg at the time of initiation.",
  "EVENT_NARRATIVE": "A tree and multiple power lines were reported down in the 1500 lock of Frederick St, resulting in the closure of the road.",
  "DATA_SOURCE": "CSV"
}
