{
  "BEGIN_YEARMONTH": 201502,
  "BEGIN_DAY": 7,
  "BEGIN_TIME": 2200,
  "END_YEARMONTH": 201502,
  "END_DAY": 10,
  "END_TIME": 500,
  "EPISODE_ID": 93902,
  "EVENT_ID": 564486,
  "STATE": "NEW HAMPSHIRE",
  "STATE_FIPS": 33,
  "YEAR": 2015,
  "MONTH_NAME": "February",
  "EVENT_TYPE": "Heavy Snow",
  "CZ_TYPE": "Z",
  "CZ_FIPS": 12,
  "CZ_NAME": "EASTERN HILLSBOROUGH",
  "WFO": "GYX",
  "BEGIN_DATE_TIME": "07-FEB-15 22:00:00",
  "CZ_TIMEZONE": "EST-5",
  "END_DATE_TIME": "10-FEB-15 05:00:00",
  "INJURIES_DIRECT": 0,
  "INJURIES_INDIRECT": 0,
  "DEATHS_DIRECT": 0,
  "DEATHS_INDIRECT": 0,
  "DAMAGE_PROPERTY": "0.00K",
  "DAMAGE_CROPS": "0.00K",
  "SOURCE": "Trained Spotter",
  "MAGNITUDE": "",
  "MAGNITUDE_TYPE": "",
  "FLOOD_CAUSE": "",
  "CATEGORY": "",
  "TOR_F_SCALE": "",
  "TOR_LENGTH": "",
  "TOR_WIDTH": "",
  "TOR_OTHER_WFO": "",
  "TOR_OTHER_CZ_STATE": "",
  "TOR_OTHER_CZ_FIPS": "",
  "TOR_OTHER_CZ_NAME": "",
  "BEGIN_RANGE": "",
  "BEGIN_AZIMUTH": "",
  "BEGIN_LOCATION": "",
  "END_RANGE": "",
  "END_AZIMUTH": "",
  "END_LOCATION": "",
  "BEGIN_LAT": "",
  "BEGIN_LON": "",
  "END_LAT": "",
  "END_LON": "",
  "text": "A series of low pressure areas moving along a stalled frontal boundary brought a moderate to heavy snowfall to the region over about a 60-hour period.  Snowfall amounts generally ranged from 6 to 15 inches with somewhat lesser amounts along the upper Connecticut River Valley.",
  "EVENT_NARRATIVE": "",
  "DATA_SOURCE": "CSV"
}
