{
  "BEGIN_YEARMONTH": 201504,
  "BEGIN_DAY": 8,
  "BEGIN_TIME": 1402,
  "END_YEARMONTH": 201504,
  "END_DAY": 8,
  "END_TIME": 1402,
  "EPISODE_ID": 93374,
  "EVENT_ID": 562811,
  "STATE": "KANSAS",
  "STATE_FIPS": 20,
  "YEAR": 2015,
  "MONTH_NAME": "April",
  "EVENT_TYPE": "Thunderstorm Wind",
  "CZ_TYPE": "C",
  "CZ_FIPS": 133,
  "CZ_NAME": "NEOSHO",
  "WFO": "ICT",
  "BEGIN_DATE_TIME": "08-APR-15 14:02:00",
  "CZ_TIMEZONE": "CST-6",
  "END_DATE_TIME": "08-APR-15 14:02:00",
  "INJURIES_DIRECT": 0,
  "INJURIES_INDIRECT": 0,
  "DEATHS_DIRECT": 0,
  "DEATHS_INDIRECT": 0,
  "DAMAGE_PROPERTY": "",
  "DAMAGE_CROPS": "",
  "SOURCE": "ASOS",
  "MAGNITUDE": 58,
  "MAGNITUDE_TYPE": "MG",
  "FLOOD_CAUSE": "",
  "CATEGORY": "",
  "TOR_F_SCALE": "",
  "TOR_LENGTH": "",
  "TOR_WIDTH": "",
  "TOR_OTHER_WFO": "",
  "TOR_OTHER_CZ_STATE": "",
  "TOR_OTHER_CZ_FIPS": "",
  "TOR_OTHER_CZ_NAME": "",
  "BEGIN_RANGE": 1,
  "BEGIN_AZIMUTH": "SE",
  "BEGIN_LOCATION": "CHANUTE",
  "END_RANGE": 1,
  "END_AZIMUTH": "SE",
  "END_LOCATION": "CHANUTE",
  "BEGIN_LAT": 37.67,
  "BEGIN_LON": -95.46,
  "END_LAT": 37.67,
  "END_LON": -95.46,
  "text": "Two rounds of severe storms occurred during the afternoon and evening of April 8th, 2015. Storms first developed over Southern Kansas and quickly raced into Southeast Kansas during the afternoon. These storms produced 70 to 80 mph winds along with hail up to the size of golf balls. A second round of supercell thunderstorms eventually fired back to the west along a retreating dry line during the early evening over South Central Kansas and Northern Oklahoma. These storms produced several reports of  very large hail and eventually tracked into Kingman county where hail over 3 inches was reported which is larger than the size of baseballs. A brief tornado touchdown occurred southeast of Zenda, Kansas. ||Another supercell thunderstorm formed over eastern Kingman county. Rotating wall clouds were reported near the town of Cheney and a tornado touched down in extreme northwest Sedgwick County and tracked into Southeast Reno county.  The tornado was rated an EF0.",
  "EVENT_NARRATIVE": "",
  "DATA_SOURCE": "CSV"
}
