{
  "BEGIN_YEARMONTH": 201502,
  "BEGIN_DAY": 14,
  "BEGIN_TIME": 800,
  "END_YEARMONTH": 201502,
  "END_DAY": 15,
  "END_TIME": 1700,
  "EPISODE_ID": 93895,
  "EVENT_ID": 564438,
  "STATE": "NEW HAMPSHIRE",
  "STATE_FIPS": 33,
  "YEAR": 2015,
  "MONTH_NAME": "February",
  "EVENT_TYPE": "Heavy Snow",
  "CZ_TYPE": "Z",
  "CZ_FIPS": 12,
  "CZ_NAME": "EASTERN HILLSBOROUGH",
  "WFO": "GYX",
  "BEGIN_DATE_TIME": "14-FEB-15 08:00:00",
  "CZ_TIMEZONE": "EST-5",
  "END_DATE_TIME": "15-FEB-15 17:00:00",
  "INJURIES_DIRECT": 0,
  "INJURIES_INDIRECT": 0,
  "DEATHS_DIRECT": 0,
  "DEATHS_INDIRECT": 0,
  "DAMAGE_PROPERTY": "0.00K",
  "DAMAGE_CROPS": "0.00K",
  "SOURCE": "Trained Spotter",
  "MAGNITUDE": "",
  "MAGNITUDE_TYPE": "",
  "FLOOD_CAUSE": "",
  "CATEGORY": "",
  "TOR_F_SCALE": "",
  "TOR_LENGTH": "",
  "TOR_WIDTH": "",
  "TOR_OTHER_WFO": "",
  "TOR_OTHER_CZ_STATE": "",
  "TOR_OTHER_CZ_FIPS": "",
  "TOR_OTHER_CZ_NAME": "",
  "BEGIN_RANGE": "",
  "BEGIN_AZIMUTH": "",
  "BEGIN_LOCATION": "",
  "END_RANGE": "",
  "END_AZIMUTH": "",
  "END_LOCATION": "",
  "BEGIN_LAT": "",
  "BEGIN_LON": "",
  "END_LAT": "",
  "END_LON": "",
  "text": "Low pressure dropping southeast from Canada on the morning of the 14th intensified rapidly as it developed into two separate areas of low pressure southeast of Cape Cod. While the two lows brought a moderate to heavy snow across the southern half of the state and near blizzard conditions along the coast, the impact was much less than had been expected from the single low that was forecast to develop.  Snowfall amounts ranged from 6 to 12 inches across much of the area with up to 17 inches along the coast.",
  "EVENT_NARRATIVE": "",
  "DATA_SOURCE": "CSV"
}
