{
  "BEGIN_YEARMONTH": 201509,
  "BEGIN_DAY": 4,
  "BEGIN_TIME": 1341,
  "END_YEARMONTH": 201509,
  "END_DAY": 4,
  "END_TIME": 1341,
  "EPISODE_ID": 100047,
  "EVENT_ID": 599492,
  "STATE": "MARYLAND",
  "STATE_FIPS": 24,
  "YEAR": 2015,
  "MONTH_NAME": "September",
  "EVENT_TYPE": "Hail",
  "CZ_TYPE": "C",
  "CZ_FIPS": 1,
  "CZ_NAME": "ALLEGANY",
  "WFO": "LWX",
  "BEGIN_DATE_TIME": "04-SEP-15 13:41:00",
  "CZ_TIMEZONE": "EST-5",
  "END_DATE_TIME": "04-SEP-15 13:41:00",
  "INJURIES_DIRECT": 0,
  "INJURIES_INDIRECT": 0,
  "DEATHS_DIRECT": 0,
  "DEATHS_INDIRECT": 0,
  "DAMAGE_PROPERTY": "",
  "DAMAGE_CROPS": "",
  "SOURCE": "Public",
  "MAGNITUDE": 1,
  "MAGNITUDE_TYPE": "",
  "FLOOD_CAUSE": "",
  "CATEGORY": "",
  "TOR_F_SCALE": "",
  "TOR_LENGTH": "",
  "TOR_WIDTH": "",
  "TOR_OTHER_WFO": "",
  "TOR_OTHER_CZ_STATE": "",
  "TOR_OTHER_CZ_FIPS": "",
  "TOR_OTHER_CZ_NAME": "",
  "BEGIN_RANGE": 1,
  "BEGIN_AZIMUTH": "NNE",
  "BEGIN_LOCATION": "RIDGELEY",
  "END_RANGE": 1,
  "END_AZIMUTH": "NNE",
  "END_LOCATION": "RIDGELEY",
  "BEGIN_LAT": 39.65,
  "BEGIN_LON": -78.64,
  "END_LAT": 39.65,
  "END_LON": -78.64,
  "text": "Showers and thunderstorms were triggered along a nearly stalled back door cold front. Temperatures pushed well into the 80s, with even some 90s, allowing for MLCAPE values of around 2000 J/kg.",
  "EVENT_NARRATIVE": "",
  "DATA_SOURCE": "CSV"
}
