{
  "BEGIN_YEARMONTH": 201509,
  "BEGIN_DAY": 3,
  "BEGIN_TIME": 1440,
  "END_YEARMONTH": 201509,
  "END_DAY": 3,
  "END_TIME": 1440,
  "EPISODE_ID": 98687,
  "EVENT_ID": 593179,
  "STATE": "NEW YORK",
  "STATE_FIPS": 36,
  "YEAR": 2015,
  "MONTH_NAME": "September",
  "EVENT_TYPE": "Hail",
  "CZ_TYPE": "C",
  "CZ_FIPS": 1,
  "CZ_NAME": "ALBANY",
  "WFO": "ALY",
  "BEGIN_DATE_TIME": "03-SEP-15 14:40:00",
  "CZ_TIMEZONE": "EST-5",
  "END_DATE_TIME": "03-SEP-15 14:40:00",
  "INJURIES_DIRECT": 0,
  "INJURIES_INDIRECT": 0,
  "DEATHS_DIRECT": 0,
  "DEATHS_INDIRECT": 0,
  "DAMAGE_PROPERTY": "",
  "DAMAGE_CROPS": "",
  "SOURCE": "Social Media",
  "MAGNITUDE": 0.88,
  "MAGNITUDE_TYPE": "",
  "FLOOD_CAUSE": "",
  "CATEGORY": "",
  "TOR_F_SCALE": "",
  "TOR_LENGTH": "",
  "TOR_WIDTH": "",
  "TOR_OTHER_WFO": "",
  "TOR_OTHER_CZ_STATE": "",
  "TOR_OTHER_CZ_FIPS": "",
  "TOR_OTHER_CZ_NAME": "",
  "BEGIN_RANGE": 2,
  "BEGIN_AZIMUTH": "ESE",
  "BEGIN_LOCATION": "ROESSLEVILLE",
  "END_RANGE": 2,
  "END_AZIMUTH": "ESE",
  "END_LOCATION": "ROESSLEVILLE",
  "BEGIN_LAT": 42.6914,
  "BEGIN_LON": -73.7903,
  "END_LAT": 42.6914,
  "END_LON": -73.7903,
  "text": "An unusually hot and humid air mass was situated over eastern New York during the afternoon on Thursday, September 3rd.  With temperatures in the upper 80s F, the atmosphere became quite unstable.  With no large-scale weather systems close enough to produce widespread activity, thunderstorms were fairly isolated across the region. However, one of these thunderstorms became severe, as it moved southward out of Saratoga County into Albany County during the mid-afternoon hours.  This thunderstorm produced heavy rainfall and gusty winds over the populated Capital Region, causing tree damage in the Colonie area.  Some of these trees fell on cars and power lines, causing power outages across the region.",
  "EVENT_NARRATIVE": "Dime to nickel size hail was reported during a thunderstorm in Colonie.",
  "DATA_SOURCE": "CSV"
}
