{
  "BEGIN_YEARMONTH": 201510,
  "BEGIN_DAY": 9,
  "BEGIN_TIME": 1833,
  "END_YEARMONTH": 201510,
  "END_DAY": 9,
  "END_TIME": 1838,
  "EPISODE_ID": 100740,
  "EVENT_ID": 602786,
  "STATE": "ATLANTIC NORTH",
  "STATE_FIPS": 88,
  "YEAR": 2015,
  "MONTH_NAME": "October",
  "EVENT_TYPE": "Marine Thunderstorm Wind",
  "CZ_TYPE": "Z",
  "CZ_FIPS": 537,
  "CZ_NAME": "TIDAL POTOMAC COBB IS MD TO SMITH PT VA",
  "WFO": "LWX",
  "BEGIN_DATE_TIME": "09-OCT-15 18:33:00",
  "CZ_TIMEZONE": "EST-5",
  "END_DATE_TIME": "09-OCT-15 18:38:00",
  "INJURIES_DIRECT": 0,
  "INJURIES_INDIRECT": 0,
  "DEATHS_DIRECT": 0,
  "DEATHS_INDIRECT": 0,
  "DAMAGE_PROPERTY": "",
  "DAMAGE_CROPS": "",
  "SOURCE": "Mesonet",
  "MAGNITUDE": 44,
  "MAGNITUDE_TYPE": "MG",
  "FLOOD_CAUSE": "",
  "CATEGORY": "",
  "TOR_F_SCALE": "",
  "TOR_LENGTH": "",
  "TOR_WIDTH": "",
  "TOR_OTHER_WFO": "",
  "TOR_OTHER_CZ_STATE": "",
  "TOR_OTHER_CZ_FIPS": "",
  "TOR_OTHER_CZ_NAME": "",
  "BEGIN_RANGE": 18,
  "BEGIN_AZIMUTH": "WNW",
  "BEGIN_LOCATION": "PINEY POINT (PPTM2)",
  "END_RANGE": 18,
  "END_AZIMUTH": "WNW",
  "END_LOCATION": "PINEY POINT (PPTM2)",
  "BEGIN_LAT": 38.243,
  "BEGIN_LON": -76.827,
  "END_LAT": 38.243,
  "END_LON": -76.827,
  "text": "A cold front moved through the region during the afternoon. Deep layer shear values around 40 knots with ML Cape values of around 500 J/kg generated scattered showers with embedded stronger storms.",
  "EVENT_NARRATIVE": "COB reported gusts 31 and 44 knots.",
  "DATA_SOURCE": "CSV"
}
