{
  "BEGIN_YEARMONTH": 201509,
  "BEGIN_DAY": 4,
  "BEGIN_TIME": 1440,
  "END_YEARMONTH": 201509,
  "END_DAY": 4,
  "END_TIME": 1444,
  "EPISODE_ID": 98915,
  "EVENT_ID": 594083,
  "STATE": "GEORGIA",
  "STATE_FIPS": 13,
  "YEAR": 2015,
  "MONTH_NAME": "September",
  "EVENT_TYPE": "Thunderstorm Wind",
  "CZ_TYPE": "C",
  "CZ_FIPS": 33,
  "CZ_NAME": "BURKE",
  "WFO": "CAE",
  "BEGIN_DATE_TIME": "04-SEP-15 14:40:00",
  "CZ_TIMEZONE": "EST-5",
  "END_DATE_TIME": "04-SEP-15 14:44:00",
  "INJURIES_DIRECT": 0,
  "INJURIES_INDIRECT": 0,
  "DEATHS_DIRECT": 0,
  "DEATHS_INDIRECT": 0,
  "DAMAGE_PROPERTY": "2.00K",
  "DAMAGE_CROPS": "0.00K",
  "SOURCE": "Public",
  "MAGNITUDE": 50,
  "MAGNITUDE_TYPE": "EG",
  "FLOOD_CAUSE": "",
  "CATEGORY": "",
  "TOR_F_SCALE": "",
  "TOR_LENGTH": "",
  "TOR_WIDTH": "",
  "TOR_OTHER_WFO": "",
  "TOR_OTHER_CZ_STATE": "",
  "TOR_OTHER_CZ_FIPS": "",
  "TOR_OTHER_CZ_NAME": "",
  "BEGIN_RANGE": 5,
  "BEGIN_AZIMUTH": "ENE",
  "BEGIN_LOCATION": "MAGRUDER",
  "END_RANGE": 5,
  "END_AZIMUTH": "ENE",
  "END_LOCATION": "MAGRUDER",
  "BEGIN_LAT": 32.94,
  "BEGIN_LON": -82.14,
  "END_LAT": 32.94,
  "END_LON": -82.14,
  "text": "Some thunderstorms in the CSRA took down several trees.",
  "EVENT_NARRATIVE": "Public reported a few small trees and large limbs down.",
  "DATA_SOURCE": "CSV"
}
