{
  "BEGIN_YEARMONTH": 201509,
  "BEGIN_DAY": 4,
  "BEGIN_TIME": 1540,
  "END_YEARMONTH": 201509,
  "END_DAY": 4,
  "END_TIME": 1540,
  "EPISODE_ID": 100046,
  "EVENT_ID": 599490,
  "STATE": "WEST VIRGINIA",
  "STATE_FIPS": 54,
  "YEAR": 2015,
  "MONTH_NAME": "September",
  "EVENT_TYPE": "Thunderstorm Wind",
  "CZ_TYPE": "C",
  "CZ_FIPS": 27,
  "CZ_NAME": "HAMPSHIRE",
  "WFO": "LWX",
  "BEGIN_DATE_TIME": "04-SEP-15 15:40:00",
  "CZ_TIMEZONE": "EST-5",
  "END_DATE_TIME": "04-SEP-15 15:40:00",
  "INJURIES_DIRECT": 0,
  "INJURIES_INDIRECT": 0,
  "DEATHS_DIRECT": 0,
  "DEATHS_INDIRECT": 0,
  "DAMAGE_PROPERTY": "1.00K",
  "DAMAGE_CROPS": "",
  "SOURCE": "Trained Spotter",
  "MAGNITUDE": 52,
  "MAGNITUDE_TYPE": "EG",
  "FLOOD_CAUSE": "",
  "CATEGORY": "",
  "TOR_F_SCALE": "",
  "TOR_LENGTH": "",
  "TOR_WIDTH": "",
  "TOR_OTHER_WFO": "",
  "TOR_OTHER_CZ_STATE": "",
  "TOR_OTHER_CZ_FIPS": "",
  "TOR_OTHER_CZ_NAME": "",
  "BEGIN_RANGE": 1,
  "BEGIN_AZIMUTH": "E",
  "BEGIN_LOCATION": "AUGUSTA",
  "END_RANGE": 1,
  "END_AZIMUTH": "E",
  "END_LOCATION": "AUGUSTA",
  "BEGIN_LAT": 39.3,
  "BEGIN_LON": -78.63,
  "END_LAT": 39.3,
  "END_LON": -78.63,
  "text": "Showers and thunderstorms were triggered along a nearly stalled back door cold front. Temperatures pushed well into the 80s, with even some 90s, allowing for MLCAPE values of around 2000 J/kg.",
  "EVENT_NARRATIVE": "A tree was reported down on a power line near the intersection of Northwestern Pike and Sol Shanholtz Rd.",
  "DATA_SOURCE": "CSV"
}
