{
  "BEGIN_YEARMONTH": 201504,
  "BEGIN_DAY": 7,
  "BEGIN_TIME": 1955,
  "END_YEARMONTH": 201504,
  "END_DAY": 7,
  "END_TIME": 1955,
  "EPISODE_ID": 93375,
  "EVENT_ID": 562814,
  "STATE": "KANSAS",
  "STATE_FIPS": 20,
  "YEAR": 2015,
  "MONTH_NAME": "April",
  "EVENT_TYPE": "Thunderstorm Wind",
  "CZ_TYPE": "C",
  "CZ_FIPS": 205,
  "CZ_NAME": "WILSON",
  "WFO": "ICT",
  "BEGIN_DATE_TIME": "07-APR-15 19:55:00",
  "CZ_TIMEZONE": "CST-6",
  "END_DATE_TIME": "07-APR-15 19:55:00",
  "INJURIES_DIRECT": 0,
  "INJURIES_INDIRECT": 0,
  "DEATHS_DIRECT": 0,
  "DEATHS_INDIRECT": 0,
  "DAMAGE_PROPERTY": "",
  "DAMAGE_CROPS": "",
  "SOURCE": "Public",
  "MAGNITUDE": 65,
  "MAGNITUDE_TYPE": "EG",
  "FLOOD_CAUSE": "",
  "CATEGORY": "",
  "TOR_F_SCALE": "",
  "TOR_LENGTH": "",
  "TOR_WIDTH": "",
  "TOR_OTHER_WFO": "",
  "TOR_OTHER_CZ_STATE": "",
  "TOR_OTHER_CZ_FIPS": "",
  "TOR_OTHER_CZ_NAME": "",
  "BEGIN_RANGE": 3,
  "BEGIN_AZIMUTH": "N",
  "BEGIN_LOCATION": "NEODESHA",
  "END_RANGE": 3,
  "END_AZIMUTH": "N",
  "END_LOCATION": "NEODESHA",
  "BEGIN_LAT": 37.47,
  "BEGIN_LON": -95.68,
  "END_LAT": 37.47,
  "END_LON": -95.68,
  "text": "Supercell thunderstorms developed in an unstable air mass during the evening hours of April 7th, 2015.  The supercell thunderstorms produced some reports of hail up to half dollar size and two tornadoes. Both tornadoes were rated as EF0 with brief touchdowns noted.",
  "EVENT_NARRATIVE": "A member of the public reported the gust.",
  "DATA_SOURCE": "CSV"
}
