{
  "BEGIN_YEARMONTH": 201509,
  "BEGIN_DAY": 4,
  "BEGIN_TIME": 1609,
  "END_YEARMONTH": 201509,
  "END_DAY": 4,
  "END_TIME": 1609,
  "EPISODE_ID": 100046,
  "EVENT_ID": 599491,
  "STATE": "WEST VIRGINIA",
  "STATE_FIPS": 54,
  "YEAR": 2015,
  "MONTH_NAME": "September",
  "EVENT_TYPE": "Thunderstorm Wind",
  "CZ_TYPE": "C",
  "CZ_FIPS": 57,
  "CZ_NAME": "MINERAL",
  "WFO": "LWX",
  "BEGIN_DATE_TIME": "04-SEP-15 16:09:00",
  "CZ_TIMEZONE": "EST-5",
  "END_DATE_TIME": "04-SEP-15 16:09:00",
  "INJURIES_DIRECT": 0,
  "INJURIES_INDIRECT": 0,
  "DEATHS_DIRECT": 0,
  "DEATHS_INDIRECT": 0,
  "DAMAGE_PROPERTY": "2.00K",
  "DAMAGE_CROPS": "",
  "SOURCE": "911 Call Center",
  "MAGNITUDE": 61,
  "MAGNITUDE_TYPE": "EG",
  "FLOOD_CAUSE": "",
  "CATEGORY": "",
  "TOR_F_SCALE": "",
  "TOR_LENGTH": "",
  "TOR_WIDTH": "",
  "TOR_OTHER_WFO": "",
  "TOR_OTHER_CZ_STATE": "",
  "TOR_OTHER_CZ_FIPS": "",
  "TOR_OTHER_CZ_NAME": "",
  "BEGIN_RANGE": 1,
  "BEGIN_AZIMUTH": "ESE",
  "BEGIN_LOCATION": "SHAW",
  "END_RANGE": 1,
  "END_AZIMUTH": "ESE",
  "END_LOCATION": "SHAW",
  "BEGIN_LAT": 39.41,
  "BEGIN_LON": -79.11,
  "END_LAT": 39.41,
  "END_LON": -79.11,
  "text": "Showers and thunderstorms were triggered along a nearly stalled back door cold front. Temperatures pushed well into the 80s, with even some 90s, allowing for MLCAPE values of around 2000 J/kg.",
  "EVENT_NARRATIVE": "Several trees were reported down and blocking the entrance to Jennings Randolph Lake Campground.",
  "DATA_SOURCE": "CSV"
}
