{
  "BEGIN_YEARMONTH": 201510,
  "BEGIN_DAY": 12,
  "BEGIN_TIME": 142,
  "END_YEARMONTH": 201510,
  "END_DAY": 12,
  "END_TIME": 622,
  "EPISODE_ID": 100537,
  "EVENT_ID": 602033,
  "STATE": "MARYLAND",
  "STATE_FIPS": 24,
  "YEAR": 2015,
  "MONTH_NAME": "October",
  "EVENT_TYPE": "Dense Fog",
  "CZ_TYPE": "Z",
  "CZ_FIPS": 501,
  "CZ_NAME": "EXTREME WESTERN ALLEGANY",
  "WFO": "LWX",
  "BEGIN_DATE_TIME": "12-OCT-15 01:42:00",
  "CZ_TIMEZONE": "EST-5",
  "END_DATE_TIME": "12-OCT-15 06:22:00",
  "INJURIES_DIRECT": 0,
  "INJURIES_INDIRECT": 0,
  "DEATHS_DIRECT": 0,
  "DEATHS_INDIRECT": 0,
  "DAMAGE_PROPERTY": "",
  "DAMAGE_CROPS": "",
  "SOURCE": "AWOS",
  "MAGNITUDE": "",
  "MAGNITUDE_TYPE": "",
  "FLOOD_CAUSE": "",
  "CATEGORY": "",
  "TOR_F_SCALE": "",
  "TOR_LENGTH": "",
  "TOR_WIDTH": "",
  "TOR_OTHER_WFO": "",
  "TOR_OTHER_CZ_STATE": "",
  "TOR_OTHER_CZ_FIPS": "",
  "TOR_OTHER_CZ_NAME": "",
  "BEGIN_RANGE": "",
  "BEGIN_AZIMUTH": "",
  "BEGIN_LOCATION": "",
  "END_RANGE": "",
  "END_AZIMUTH": "",
  "END_LOCATION": "",
  "BEGIN_LAT": "",
  "BEGIN_LON": "",
  "END_LAT": "",
  "END_LON": "",
  "text": "Persisting high pressure resulting in clear skies and light winds produced localized areas of dense fog.",
  "EVENT_NARRATIVE": "CBE reported reduced visibilities of one quarter mile or less.",
  "DATA_SOURCE": "CSV"
}
