{
  "BEGIN_YEARMONTH": 201510,
  "BEGIN_DAY": 18,
  "BEGIN_TIME": 400,
  "END_YEARMONTH": 201510,
  "END_DAY": 18,
  "END_TIME": 700,
  "EPISODE_ID": 100773,
  "EVENT_ID": 603006,
  "STATE": "VIRGINIA",
  "STATE_FIPS": 51,
  "YEAR": 2015,
  "MONTH_NAME": "October",
  "EVENT_TYPE": "Frost/Freeze",
  "CZ_TYPE": "Z",
  "CZ_FIPS": 504,
  "CZ_NAME": "EASTERN HIGHLAND",
  "WFO": "LWX",
  "BEGIN_DATE_TIME": "18-OCT-15 04:00:00",
  "CZ_TIMEZONE": "EST-5",
  "END_DATE_TIME": "18-OCT-15 07:00:00",
  "INJURIES_DIRECT": 0,
  "INJURIES_INDIRECT": 0,
  "DEATHS_DIRECT": 0,
  "DEATHS_INDIRECT": 0,
  "DAMAGE_PROPERTY": "",
  "DAMAGE_CROPS": "",
  "SOURCE": "Mesonet",
  "MAGNITUDE": "",
  "MAGNITUDE_TYPE": "",
  "FLOOD_CAUSE": "",
  "CATEGORY": "",
  "TOR_F_SCALE": "",
  "TOR_LENGTH": "",
  "TOR_WIDTH": "",
  "TOR_OTHER_WFO": "",
  "TOR_OTHER_CZ_STATE": "",
  "TOR_OTHER_CZ_FIPS": "",
  "TOR_OTHER_CZ_NAME": "",
  "BEGIN_RANGE": "",
  "BEGIN_AZIMUTH": "",
  "BEGIN_LOCATION": "",
  "END_RANGE": "",
  "END_AZIMUTH": "",
  "END_LOCATION": "",
  "BEGIN_LAT": "",
  "BEGIN_LON": "",
  "END_LAT": "",
  "END_LON": "",
  "text": "High pressure built up over the region, resulting in light winds. Initially mostly cloudy skies kept temperatures moderate for the first half of the night. Clearing in the second half led to strong radiational cooling, dropping temperatures below freezing.",
  "EVENT_NARRATIVE": "Multiple stations reported temperatures below 32 degrees Fahrenheit.",
  "DATA_SOURCE": "CSV"
}
