{
  "BEGIN_YEARMONTH": 201504,
  "BEGIN_DAY": 2,
  "BEGIN_TIME": 2212,
  "END_YEARMONTH": 201504,
  "END_DAY": 2,
  "END_TIME": 2214,
  "EPISODE_ID": 93332,
  "EVENT_ID": 560432,
  "STATE": "KANSAS",
  "STATE_FIPS": 20,
  "YEAR": 2015,
  "MONTH_NAME": "April",
  "EVENT_TYPE": "Hail",
  "CZ_TYPE": "C",
  "CZ_FIPS": 9,
  "CZ_NAME": "BARTON",
  "WFO": "ICT",
  "BEGIN_DATE_TIME": "02-APR-15 22:12:00",
  "CZ_TIMEZONE": "CST-6",
  "END_DATE_TIME": "02-APR-15 22:14:00",
  "INJURIES_DIRECT": 0,
  "INJURIES_INDIRECT": 0,
  "DEATHS_DIRECT": 0,
  "DEATHS_INDIRECT": 0,
  "DAMAGE_PROPERTY": "5.00K",
  "DAMAGE_CROPS": "",
  "SOURCE": "Trained Spotter",
  "MAGNITUDE": 1,
  "MAGNITUDE_TYPE": "",
  "FLOOD_CAUSE": "",
  "CATEGORY": "",
  "TOR_F_SCALE": "",
  "TOR_LENGTH": "",
  "TOR_WIDTH": "",
  "TOR_OTHER_WFO": "",
  "TOR_OTHER_CZ_STATE": "",
  "TOR_OTHER_CZ_FIPS": "",
  "TOR_OTHER_CZ_NAME": "",
  "BEGIN_RANGE": 1,
  "BEGIN_AZIMUTH": "ESE",
  "BEGIN_LOCATION": "GREAT BEND",
  "END_RANGE": 1,
  "END_AZIMUTH": "ESE",
  "END_LOCATION": "GREAT BEND",
  "BEGIN_LAT": 38.3605,
  "BEGIN_LON": -98.7506,
  "END_LAT": 38.3605,
  "END_LON": -98.7506,
  "text": "A small compact complex of severe thunderstorms developed near the border of Colorado and Kansas during the late evening hours of April 2nd, 2015.  This severe thunderstorm continued to develop and intensify as it moved east into Central Kansas and took on bow echo-like characteristics. This bow-echo storm later produced quite a punch with damaging straight-line winds and large hail reported across much of Central and South Central Kansas. As the bow-echo approached Sedgwick and Harvey counties, channeled microbursts developed and caused significant straight-line wind damage.  Power was knocked out to over 28,000 residents in the northern sections of Wichita for almost 5 days. Wichita and Maize schools cancelled classes on Friday, April 3rd, due to the power outages.  This dangerous storm continued to move through South Central Kansas during the early morning hours, and took on supercellular characteristics as it moved into Southeast Kansas producing hail up to the size of grapefruits.",
  "EVENT_NARRATIVE": "A trained spotter reported quarter size hail across the east side of town, which was piling up like snow.",
  "DATA_SOURCE": "CSV"
}
