{
  "BEGIN_YEARMONTH": 201510,
  "BEGIN_DAY": 10,
  "BEGIN_TIME": 2215,
  "END_YEARMONTH": 201510,
  "END_DAY": 11,
  "END_TIME": 840,
  "EPISODE_ID": 100533,
  "EVENT_ID": 602024,
  "STATE": "VIRGINIA",
  "STATE_FIPS": 51,
  "YEAR": 2015,
  "MONTH_NAME": "October",
  "EVENT_TYPE": "Dense Fog",
  "CZ_TYPE": "Z",
  "CZ_FIPS": 29,
  "CZ_NAME": "PAGE",
  "WFO": "LWX",
  "BEGIN_DATE_TIME": "10-OCT-15 22:15:00",
  "CZ_TIMEZONE": "EST-5",
  "END_DATE_TIME": "11-OCT-15 08:40:00",
  "INJURIES_DIRECT": 0,
  "INJURIES_INDIRECT": 0,
  "DEATHS_DIRECT": 0,
  "DEATHS_INDIRECT": 0,
  "DAMAGE_PROPERTY": "",
  "DAMAGE_CROPS": "",
  "SOURCE": "AWOS",
  "MAGNITUDE": "",
  "MAGNITUDE_TYPE": "",
  "FLOOD_CAUSE": "",
  "CATEGORY": "",
  "TOR_F_SCALE": "",
  "TOR_LENGTH": "",
  "TOR_WIDTH": "",
  "TOR_OTHER_WFO": "",
  "TOR_OTHER_CZ_STATE": "",
  "TOR_OTHER_CZ_FIPS": "",
  "TOR_OTHER_CZ_NAME": "",
  "BEGIN_RANGE": "",
  "BEGIN_AZIMUTH": "",
  "BEGIN_LOCATION": "",
  "END_RANGE": "",
  "END_AZIMUTH": "",
  "END_LOCATION": "",
  "BEGIN_LAT": "",
  "BEGIN_LON": "",
  "END_LAT": "",
  "END_LON": "",
  "text": "High pressure overhead resulted in mainly clear skies and light winds. A strong nocturnal inversion in place combining with these synoptic conditions produced areas of dense fog.",
  "EVENT_NARRATIVE": "CBE, W99, 8W2 and SHD reported reduced visibilities of one quarter mile or less.",
  "DATA_SOURCE": "CSV"
}
