{
  "BEGIN_YEARMONTH": 201502,
  "BEGIN_DAY": 22,
  "BEGIN_TIME": 100,
  "END_YEARMONTH": 201502,
  "END_DAY": 23,
  "END_TIME": 2300,
  "EPISODE_ID": 92623,
  "EVENT_ID": 555799,
  "STATE": "COLORADO",
  "STATE_FIPS": 8,
  "YEAR": 2015,
  "MONTH_NAME": "February",
  "EVENT_TYPE": "Winter Storm",
  "CZ_TYPE": "Z",
  "CZ_FIPS": 18,
  "CZ_NAME": "NORTHWESTERN SAN JUAN MOUNTAINS",
  "WFO": "GJT",
  "BEGIN_DATE_TIME": "22-FEB-15 01:00:00",
  "CZ_TIMEZONE": "MST-7",
  "END_DATE_TIME": "23-FEB-15 23:00:00",
  "INJURIES_DIRECT": 0,
  "INJURIES_INDIRECT": 0,
  "DEATHS_DIRECT": 0,
  "DEATHS_INDIRECT": 0,
  "DAMAGE_PROPERTY": "0.00K",
  "DAMAGE_CROPS": "0.00K",
  "SOURCE": "Department of Highways",
  "MAGNITUDE": "",
  "MAGNITUDE_TYPE": "",
  "FLOOD_CAUSE": "",
  "CATEGORY": "",
  "TOR_F_SCALE": "",
  "TOR_LENGTH": "",
  "TOR_WIDTH": "",
  "TOR_OTHER_WFO": "",
  "TOR_OTHER_CZ_STATE": "",
  "TOR_OTHER_CZ_FIPS": "",
  "TOR_OTHER_CZ_NAME": "",
  "BEGIN_RANGE": "",
  "BEGIN_AZIMUTH": "",
  "BEGIN_LOCATION": "",
  "END_RANGE": "",
  "END_AZIMUTH": "",
  "END_LOCATION": "",
  "BEGIN_LAT": "",
  "BEGIN_LON": "",
  "END_LAT": "",
  "END_LON": "",
  "text": "A broad upper trough over the western United States initially brought snow to northwest Colorado.  As the trough deepened over the west, the main area of snowfall transitioned to southwest Colorado as the flow aloft became southwesterly.",
  "EVENT_NARRATIVE": "Snowfall amounts of 14 to 26 inches were measured across the area.  Locally higher amounts included 30 inches on Red Mountain Pass and 29 inches at Telluride Ski Area.  Wind gusts of 20 to 40 mph produced areas of blowing and drifting snow.",
  "DATA_SOURCE": "CSV"
}
