{
  "BEGIN_YEARMONTH": 201509,
  "BEGIN_DAY": 12,
  "BEGIN_TIME": 1326,
  "END_YEARMONTH": 201509,
  "END_DAY": 12,
  "END_TIME": 1332,
  "EPISODE_ID": 100019,
  "EVENT_ID": 599478,
  "STATE": "ATLANTIC NORTH",
  "STATE_FIPS": 88,
  "YEAR": 2015,
  "MONTH_NAME": "September",
  "EVENT_TYPE": "Waterspout",
  "CZ_TYPE": "Z",
  "CZ_FIPS": 536,
  "CZ_NAME": "TIDAL POTOMAC INDIAN HD TO COBB IS MD",
  "WFO": "LWX",
  "BEGIN_DATE_TIME": "12-SEP-15 13:26:00",
  "CZ_TIMEZONE": "EST-5",
  "END_DATE_TIME": "12-SEP-15 13:32:00",
  "INJURIES_DIRECT": 0,
  "INJURIES_INDIRECT": 0,
  "DEATHS_DIRECT": 0,
  "DEATHS_INDIRECT": 0,
  "DAMAGE_PROPERTY": "",
  "DAMAGE_CROPS": "",
  "SOURCE": "Trained Spotter",
  "MAGNITUDE": "",
  "MAGNITUDE_TYPE": "",
  "FLOOD_CAUSE": "",
  "CATEGORY": "",
  "TOR_F_SCALE": "",
  "TOR_LENGTH": "",
  "TOR_WIDTH": "",
  "TOR_OTHER_WFO": "",
  "TOR_OTHER_CZ_STATE": "",
  "TOR_OTHER_CZ_FIPS": "",
  "TOR_OTHER_CZ_NAME": "",
  "BEGIN_RANGE": 2,
  "BEGIN_AZIMUTH": "WNW",
  "BEGIN_LOCATION": "COBB POINT",
  "END_RANGE": 2,
  "END_AZIMUTH": "NW",
  "END_LOCATION": "COBB POINT",
  "BEGIN_LAT": 38.2614,
  "BEGIN_LON": -76.8567,
  "END_LAT": 38.2674,
  "END_LON": -76.8518,
  "text": "A warm front extended west to east across central Virginia into the Tidewater Region. Extensive cloud cover north of the frontal boundary kept instability minimal, but with strong low level shear and a moist rich atmosphere near the front, strong thunderstorms were able to form and impact the waters.",
  "EVENT_NARRATIVE": "Trained spotter witnessed the waterspout just offshore, south of Cobb Island. A video taken from Captain John's Crab House showed the waterspout moving through the marine just south of the restaurant. Radar confirmed the timing and track.",
  "DATA_SOURCE": "CSV"
}
