{
  "BEGIN_YEARMONTH": 201501,
  "BEGIN_DAY": 24,
  "BEGIN_TIME": 700,
  "END_YEARMONTH": 201501,
  "END_DAY": 24,
  "END_TIME": 2100,
  "EPISODE_ID": 92625,
  "EVENT_ID": 555067,
  "STATE": "NEW HAMPSHIRE",
  "STATE_FIPS": 33,
  "YEAR": 2015,
  "MONTH_NAME": "January",
  "EVENT_TYPE": "Heavy Snow",
  "CZ_TYPE": "Z",
  "CZ_FIPS": 12,
  "CZ_NAME": "EASTERN HILLSBOROUGH",
  "WFO": "GYX",
  "BEGIN_DATE_TIME": "24-JAN-15 07:00:00",
  "CZ_TIMEZONE": "EST-5",
  "END_DATE_TIME": "24-JAN-15 21:00:00",
  "INJURIES_DIRECT": 0,
  "INJURIES_INDIRECT": 0,
  "DEATHS_DIRECT": 0,
  "DEATHS_INDIRECT": 0,
  "DAMAGE_PROPERTY": "0.00K",
  "DAMAGE_CROPS": "0.00K",
  "SOURCE": "Trained Spotter",
  "MAGNITUDE": "",
  "MAGNITUDE_TYPE": "",
  "FLOOD_CAUSE": "",
  "CATEGORY": "",
  "TOR_F_SCALE": "",
  "TOR_LENGTH": "",
  "TOR_WIDTH": "",
  "TOR_OTHER_WFO": "",
  "TOR_OTHER_CZ_STATE": "",
  "TOR_OTHER_CZ_FIPS": "",
  "TOR_OTHER_CZ_NAME": "",
  "BEGIN_RANGE": "",
  "BEGIN_AZIMUTH": "",
  "BEGIN_LOCATION": "",
  "END_RANGE": "",
  "END_AZIMUTH": "",
  "END_LOCATION": "",
  "BEGIN_LAT": "",
  "BEGIN_LON": "",
  "END_LAT": "",
  "END_LON": "",
  "text": "An area of low pressure moving rapidly northeast along the East Coast on the 24th brought heavy snow to extreme southeastern New Hampshire.  Snowfall amounts of 4 to 8 inches were reported in Rockingham and eastern Hillsborough Counties.",
  "EVENT_NARRATIVE": "",
  "DATA_SOURCE": "CSV"
}
