{
  "BEGIN_YEARMONTH": 201501,
  "BEGIN_DAY": 27,
  "BEGIN_TIME": 600,
  "END_YEARMONTH": 201501,
  "END_DAY": 27,
  "END_TIME": 1200,
  "EPISODE_ID": 92561,
  "EVENT_ID": 554564,
  "STATE": "NEW HAMPSHIRE",
  "STATE_FIPS": 33,
  "YEAR": 2015,
  "MONTH_NAME": "January",
  "EVENT_TYPE": "Blizzard",
  "CZ_TYPE": "Z",
  "CZ_FIPS": 12,
  "CZ_NAME": "EASTERN HILLSBOROUGH",
  "WFO": "GYX",
  "BEGIN_DATE_TIME": "27-JAN-15 06:00:00",
  "CZ_TIMEZONE": "EST-5",
  "END_DATE_TIME": "27-JAN-15 12:00:00",
  "INJURIES_DIRECT": 0,
  "INJURIES_INDIRECT": 0,
  "DEATHS_DIRECT": 0,
  "DEATHS_INDIRECT": 0,
  "DAMAGE_PROPERTY": "0.00K",
  "DAMAGE_CROPS": "0.00K",
  "SOURCE": "AWOS",
  "MAGNITUDE": "",
  "MAGNITUDE_TYPE": "",
  "FLOOD_CAUSE": "",
  "CATEGORY": "",
  "TOR_F_SCALE": "",
  "TOR_LENGTH": "",
  "TOR_WIDTH": "",
  "TOR_OTHER_WFO": "",
  "TOR_OTHER_CZ_STATE": "",
  "TOR_OTHER_CZ_FIPS": "",
  "TOR_OTHER_CZ_NAME": "",
  "BEGIN_RANGE": "",
  "BEGIN_AZIMUTH": "",
  "BEGIN_LOCATION": "",
  "END_RANGE": "",
  "END_AZIMUTH": "",
  "END_LOCATION": "",
  "BEGIN_LAT": "",
  "BEGIN_LON": "",
  "END_LAT": "",
  "END_LON": "",
  "text": "An area of low pressure developed off the Delmarva peninsula on Monday, January 26th,  and intensified rapidly as it moved slowly northward through the 27th.  Snow spread northward across the region Monday night and became heavy on Tuesday, the 27th.   Winds became strong during the day Tuesday leading to blizzard conditions at times along and inland from the coast.  The snow persisted into Tuesday night in many areas with blowing and drifting snow.   Along the coast, large waves combined with a storm surge produced coastal flooding and splash over.  In Hampton, the Tuesday morning tide was 1.43 feet above flood levels (see graph below), inundating many streets on the bay side of town.  ||Snowfall amounts ranged from 10 to more than 30 inches across much of the southeastern part of the state.  Elsewhere, amounts were generally 6 to 14 inches with some lower amounts in the Connecticut River Valley.",
  "EVENT_NARRATIVE": "",
  "DATA_SOURCE": "CSV"
}
