{
  "BEGIN_YEARMONTH": 201510,
  "BEGIN_DAY": 9,
  "BEGIN_TIME": 1554,
  "END_YEARMONTH": 201510,
  "END_DAY": 9,
  "END_TIME": 1554,
  "EPISODE_ID": 100740,
  "EVENT_ID": 602777,
  "STATE": "ATLANTIC NORTH",
  "STATE_FIPS": 88,
  "YEAR": 2015,
  "MONTH_NAME": "October",
  "EVENT_TYPE": "Marine Thunderstorm Wind",
  "CZ_TYPE": "Z",
  "CZ_FIPS": 531,
  "CZ_NAME": "CHESAPEAKE BAY POOLES IS TO SANDY PT MD",
  "WFO": "LWX",
  "BEGIN_DATE_TIME": "09-OCT-15 15:54:00",
  "CZ_TIMEZONE": "EST-5",
  "END_DATE_TIME": "09-OCT-15 15:54:00",
  "INJURIES_DIRECT": 0,
  "INJURIES_INDIRECT": 0,
  "DEATHS_DIRECT": 0,
  "DEATHS_INDIRECT": 0,
  "DAMAGE_PROPERTY": "",
  "DAMAGE_CROPS": "",
  "SOURCE": "ASOS",
  "MAGNITUDE": 34,
  "MAGNITUDE_TYPE": "EG",
  "FLOOD_CAUSE": "",
  "CATEGORY": "",
  "TOR_F_SCALE": "",
  "TOR_LENGTH": "",
  "TOR_WIDTH": "",
  "TOR_OTHER_WFO": "",
  "TOR_OTHER_CZ_STATE": "",
  "TOR_OTHER_CZ_FIPS": "",
  "TOR_OTHER_CZ_NAME": "",
  "BEGIN_RANGE": 0,
  "BEGIN_AZIMUTH": "N",
  "BEGIN_LOCATION": "MARTIN STATE AIRPORT",
  "END_RANGE": 0,
  "END_AZIMUTH": "N",
  "END_LOCATION": "MARTIN STATE AIRPORT",
  "BEGIN_LAT": 39.33,
  "BEGIN_LON": -76.41,
  "END_LAT": 39.33,
  "END_LON": -76.41,
  "text": "A cold front moved through the region during the afternoon. Deep layer shear values around 40 knots with ML Cape values of around 500 J/kg generated scattered showers with embedded stronger storms.",
  "EVENT_NARRATIVE": "KMTN reported gusts between 33 and 34 knots.",
  "DATA_SOURCE": "CSV"
}
