{
  "BEGIN_YEARMONTH": 201502,
  "BEGIN_DAY": 21,
  "BEGIN_TIME": 900,
  "END_YEARMONTH": 201502,
  "END_DAY": 23,
  "END_TIME": 2100,
  "EPISODE_ID": 92623,
  "EVENT_ID": 555801,
  "STATE": "COLORADO",
  "STATE_FIPS": 8,
  "YEAR": 2015,
  "MONTH_NAME": "February",
  "EVENT_TYPE": "Heavy Snow",
  "CZ_TYPE": "Z",
  "CZ_FIPS": 12,
  "CZ_NAME": "WEST ELK AND SAWATCH MOUNTAINS",
  "WFO": "GJT",
  "BEGIN_DATE_TIME": "21-FEB-15 09:00:00",
  "CZ_TIMEZONE": "MST-7",
  "END_DATE_TIME": "23-FEB-15 21:00:00",
  "INJURIES_DIRECT": 0,
  "INJURIES_INDIRECT": 0,
  "DEATHS_DIRECT": 0,
  "DEATHS_INDIRECT": 0,
  "DAMAGE_PROPERTY": "0.00K",
  "DAMAGE_CROPS": "0.00K",
  "SOURCE": "Trained Spotter",
  "MAGNITUDE": "",
  "MAGNITUDE_TYPE": "",
  "FLOOD_CAUSE": "",
  "CATEGORY": "",
  "TOR_F_SCALE": "",
  "TOR_LENGTH": "",
  "TOR_WIDTH": "",
  "TOR_OTHER_WFO": "",
  "TOR_OTHER_CZ_STATE": "",
  "TOR_OTHER_CZ_FIPS": "",
  "TOR_OTHER_CZ_NAME": "",
  "BEGIN_RANGE": "",
  "BEGIN_AZIMUTH": "",
  "BEGIN_LOCATION": "",
  "END_RANGE": "",
  "END_AZIMUTH": "",
  "END_LOCATION": "",
  "BEGIN_LAT": "",
  "BEGIN_LON": "",
  "END_LAT": "",
  "END_LON": "",
  "text": "A broad upper trough over the western United States initially brought snow to northwest Colorado.  As the trough deepened over the west, the main area of snowfall transitioned to southwest Colorado as the flow aloft became southwesterly.",
  "EVENT_NARRATIVE": "Snowfall amounts of 10 to 20 inches were measured across the area.",
  "DATA_SOURCE": "CSV"
}
