{
  "BEGIN_YEARMONTH": 201510,
  "BEGIN_DAY": 18,
  "BEGIN_TIME": 1436,
  "END_YEARMONTH": 201510,
  "END_DAY": 18,
  "END_TIME": 1436,
  "EPISODE_ID": 100741,
  "EVENT_ID": 602788,
  "STATE": "ATLANTIC NORTH",
  "STATE_FIPS": 88,
  "YEAR": 2015,
  "MONTH_NAME": "October",
  "EVENT_TYPE": "Marine Thunderstorm Wind",
  "CZ_TYPE": "Z",
  "CZ_FIPS": 538,
  "CZ_NAME": "PATAPSCO RIVER INCLUDING BALTIMORE HARBOR",
  "WFO": "LWX",
  "BEGIN_DATE_TIME": "18-OCT-15 14:36:00",
  "CZ_TIMEZONE": "EST-5",
  "END_DATE_TIME": "18-OCT-15 14:36:00",
  "INJURIES_DIRECT": 0,
  "INJURIES_INDIRECT": 0,
  "DEATHS_DIRECT": 0,
  "DEATHS_INDIRECT": 0,
  "DAMAGE_PROPERTY": "",
  "DAMAGE_CROPS": "",
  "SOURCE": "Mesonet",
  "MAGNITUDE": 34,
  "MAGNITUDE_TYPE": "EG",
  "FLOOD_CAUSE": "",
  "CATEGORY": "",
  "TOR_F_SCALE": "",
  "TOR_LENGTH": "",
  "TOR_WIDTH": "",
  "TOR_OTHER_WFO": "",
  "TOR_OTHER_CZ_STATE": "",
  "TOR_OTHER_CZ_FIPS": "",
  "TOR_OTHER_CZ_NAME": "",
  "BEGIN_RANGE": 4,
  "BEGIN_AZIMUTH": "NNW",
  "BEGIN_LOCATION": "RIVIERA BEACH",
  "END_RANGE": 4,
  "END_AZIMUTH": "NNW",
  "END_LOCATION": "RIVIERA BEACH",
  "BEGIN_LAT": 39.22,
  "BEGIN_LON": -76.528,
  "END_LAT": 39.22,
  "END_LON": -76.528,
  "text": "Shortwave rounding the base of an upper level trough extended over the eastern US triggered scattered showers, with embedded strong storms.",
  "EVENT_NARRATIVE": "FSKM2 reported gusts between 32 and 34 knots.",
  "DATA_SOURCE": "CSV"
}
