{
  "BEGIN_YEARMONTH": 201510,
  "BEGIN_DAY": 9,
  "BEGIN_TIME": 1618,
  "END_YEARMONTH": 201510,
  "END_DAY": 9,
  "END_TIME": 1618,
  "EPISODE_ID": 100740,
  "EVENT_ID": 602779,
  "STATE": "ATLANTIC NORTH",
  "STATE_FIPS": 88,
  "YEAR": 2015,
  "MONTH_NAME": "October",
  "EVENT_TYPE": "Marine Thunderstorm Wind",
  "CZ_TYPE": "Z",
  "CZ_FIPS": 538,
  "CZ_NAME": "PATAPSCO RIVER INCLUDING BALTIMORE HARBOR",
  "WFO": "LWX",
  "BEGIN_DATE_TIME": "09-OCT-15 16:18:00",
  "CZ_TIMEZONE": "EST-5",
  "END_DATE_TIME": "09-OCT-15 16:18:00",
  "INJURIES_DIRECT": 0,
  "INJURIES_INDIRECT": 0,
  "DEATHS_DIRECT": 0,
  "DEATHS_INDIRECT": 0,
  "DAMAGE_PROPERTY": "",
  "DAMAGE_CROPS": "",
  "SOURCE": "Mesonet",
  "MAGNITUDE": 35,
  "MAGNITUDE_TYPE": "MG",
  "FLOOD_CAUSE": "",
  "CATEGORY": "",
  "TOR_F_SCALE": "",
  "TOR_LENGTH": "",
  "TOR_WIDTH": "",
  "TOR_OTHER_WFO": "",
  "TOR_OTHER_CZ_STATE": "",
  "TOR_OTHER_CZ_FIPS": "",
  "TOR_OTHER_CZ_NAME": "",
  "BEGIN_RANGE": 4,
  "BEGIN_AZIMUTH": "NNW",
  "BEGIN_LOCATION": "RIVIERA BEACH",
  "END_RANGE": 4,
  "END_AZIMUTH": "NNW",
  "END_LOCATION": "RIVIERA BEACH",
  "BEGIN_LAT": 39.22,
  "BEGIN_LON": -76.528,
  "END_LAT": 39.22,
  "END_LON": -76.528,
  "text": "A cold front moved through the region during the afternoon. Deep layer shear values around 40 knots with ML Cape values of around 500 J/kg generated scattered showers with embedded stronger storms.",
  "EVENT_NARRATIVE": "FSKM2 reported gusts of 35 knots.",
  "DATA_SOURCE": "CSV"
}
