{
  "BEGIN_YEARMONTH": 201608,
  "BEGIN_DAY": 12,
  "BEGIN_TIME": 1606,
  "END_YEARMONTH": 201608,
  "END_DAY": 12,
  "END_TIME": 1606,
  "EPISODE_ID": 107804,
  "EVENT_ID": 646026,
  "STATE": "MASSACHUSETTS",
  "STATE_FIPS": 25,
  "YEAR": 2016,
  "MONTH_NAME": "August",
  "EVENT_TYPE": "Thunderstorm Wind",
  "CZ_TYPE": "C",
  "CZ_FIPS": 3,
  "CZ_NAME": "BERKSHIRE",
  "WFO": "ALY",
  "BEGIN_DATE_TIME": "12-AUG-16 16:06:00",
  "CZ_TIMEZONE": "EST-5",
  "END_DATE_TIME": "12-AUG-16 16:06:00",
  "INJURIES_DIRECT": 0,
  "INJURIES_INDIRECT": 0,
  "DEATHS_DIRECT": 0,
  "DEATHS_INDIRECT": 0,
  "DAMAGE_PROPERTY": "",
  "DAMAGE_CROPS": "",
  "SOURCE": "Amateur Radio",
  "MAGNITUDE": 50,
  "MAGNITUDE_TYPE": "EG",
  "FLOOD_CAUSE": "",
  "CATEGORY": "",
  "TOR_F_SCALE": "",
  "TOR_LENGTH": "",
  "TOR_WIDTH": "",
  "TOR_OTHER_WFO": "",
  "TOR_OTHER_CZ_STATE": "",
  "TOR_OTHER_CZ_FIPS": "",
  "TOR_OTHER_CZ_NAME": "",
  "BEGIN_RANGE": 3,
  "BEGIN_AZIMUTH": "NNW",
  "BEGIN_LOCATION": "PITTSFIELD",
  "END_RANGE": 3,
  "END_AZIMUTH": "NNW",
  "END_LOCATION": "PITTSFIELD",
  "BEGIN_LAT": 42.4913,
  "BEGIN_LON": -73.2737,
  "END_LAT": 42.4913,
  "END_LON": -73.2737,
  "text": "With a warm and humid air mass in place, scattered thunderstorms developed during the late afternoon hours on Friday, August 12th. Although these thunderstorms had little upper level support, one of the thunderstorms produced damaging wind gusts to trees and power lines.",
  "EVENT_NARRATIVE": "Wires were reported down on Pecks Road in Pittsfield due to thunderstorm winds.",
  "DATA_SOURCE": "CSV"
}
