{
  "BEGIN_YEARMONTH": 201612,
  "BEGIN_DAY": 4,
  "BEGIN_TIME": 400,
  "END_YEARMONTH": 201612,
  "END_DAY": 5,
  "END_TIME": 500,
  "EPISODE_ID": 111575,
  "EVENT_ID": 665687,
  "STATE": "WYOMING",
  "STATE_FIPS": 56,
  "YEAR": 2016,
  "MONTH_NAME": "December",
  "EVENT_TYPE": "Winter Storm",
  "CZ_TYPE": "Z",
  "CZ_FIPS": 13,
  "CZ_NAME": "JACKSON HOLE",
  "WFO": "RIW",
  "BEGIN_DATE_TIME": "04-DEC-16 04:00:00",
  "CZ_TIMEZONE": "MST-7",
  "END_DATE_TIME": "05-DEC-16 05:00:00",
  "INJURIES_DIRECT": 0,
  "INJURIES_INDIRECT": 0,
  "DEATHS_DIRECT": 0,
  "DEATHS_INDIRECT": 0,
  "DAMAGE_PROPERTY": "0.00K",
  "DAMAGE_CROPS": "0.00K",
  "SOURCE": "Trained Spotter",
  "MAGNITUDE": "",
  "MAGNITUDE_TYPE": "",
  "FLOOD_CAUSE": "",
  "CATEGORY": "",
  "TOR_F_SCALE": "",
  "TOR_LENGTH": "",
  "TOR_WIDTH": "",
  "TOR_OTHER_WFO": "",
  "TOR_OTHER_CZ_STATE": "",
  "TOR_OTHER_CZ_FIPS": "",
  "TOR_OTHER_CZ_NAME": "",
  "BEGIN_RANGE": "",
  "BEGIN_AZIMUTH": "",
  "BEGIN_LOCATION": "",
  "END_RANGE": "",
  "END_AZIMUTH": "",
  "END_LOCATION": "",
  "BEGIN_LAT": "",
  "BEGIN_LON": "",
  "END_LAT": "",
  "END_LON": "",
  "text": "The combination of a moist Pacific Air mass, strong jet dynamics and cold front passage brought heavy snow to portions of western and central Wyoming. The heaviest snow fell in northwestern Wyoming. Some of the highest amounts of snow recorded were 27 inches at the Two Oceans Plateau SNOTEL site in Yellowstone Park, 21 inches at the top of the Jackson Hole Resort and 18 inches at South Pass in the Wind River Range. In the lower elevations of the west, amounts generally ranged from 4 to 9 inches. Heavy snow also fell around Casper in central Wyoming, where 7 to 10 inches of snow fell across the city. The snow was accompanied by strong winds over 50 mph in many places which resulted in blowing and drifting of the snow as well as some road closures.",
  "EVENT_NARRATIVE": "Snowfall amounts ranged from 7 to 10 inches around the Jackson Valley.",
  "DATA_SOURCE": "CSV"
}
