{
  "BEGIN_YEARMONTH": 201602,
  "BEGIN_DAY": 24,
  "BEGIN_TIME": 1830,
  "END_YEARMONTH": 201602,
  "END_DAY": 24,
  "END_TIME": 2115,
  "EPISODE_ID": 103608,
  "EVENT_ID": 619260,
  "STATE": "VIRGINIA",
  "STATE_FIPS": 51,
  "YEAR": 2016,
  "MONTH_NAME": "February",
  "EVENT_TYPE": "Flash Flood",
  "CZ_TYPE": "C",
  "CZ_FIPS": 177,
  "CZ_NAME": "SPOTSYLVANIA",
  "WFO": "LWX",
  "BEGIN_DATE_TIME": "24-FEB-16 18:30:00",
  "CZ_TIMEZONE": "EST-5",
  "END_DATE_TIME": "24-FEB-16 21:15:00",
  "INJURIES_DIRECT": 0,
  "INJURIES_INDIRECT": 0,
  "DEATHS_DIRECT": 0,
  "DEATHS_INDIRECT": 0,
  "DAMAGE_PROPERTY": "0.00K",
  "DAMAGE_CROPS": "0.00K",
  "SOURCE": "Newspaper",
  "MAGNITUDE": "",
  "MAGNITUDE_TYPE": "",
  "FLOOD_CAUSE": "Heavy Rain",
  "CATEGORY": "",
  "TOR_F_SCALE": "",
  "TOR_LENGTH": "",
  "TOR_WIDTH": "",
  "TOR_OTHER_WFO": "",
  "TOR_OTHER_CZ_STATE": "",
  "TOR_OTHER_CZ_FIPS": "",
  "TOR_OTHER_CZ_NAME": "",
  "BEGIN_RANGE": 1,
  "BEGIN_AZIMUTH": "ENE",
  "BEGIN_LOCATION": "FIVE MILE",
  "END_RANGE": 1,
  "END_AZIMUTH": "ENE",
  "END_LOCATION": "FIVE MILE",
  "BEGIN_LAT": 38.2848,
  "BEGIN_LON": -77.5311,
  "END_LAT": 38.2836,
  "END_LON": -77.5313,
  "text": "Strong low pressure moved from the deep south to the Great Lakes. Strong warm air advection coupled with moisture led to showers and thunderstorms across the area. Activity strengthened in the afternoon and multiple rounds of heavy rain moved across the area. Many rivers reached flood stage across the Mid-Atlantic.",
  "EVENT_NARRATIVE": "Salem Church Road was flooded and closed near Jackson Road.",
  "DATA_SOURCE": "CSV"
}
