{
  "BEGIN_YEARMONTH": 201607,
  "BEGIN_DAY": 16,
  "BEGIN_TIME": 1246,
  "END_YEARMONTH": 201607,
  "END_DAY": 16,
  "END_TIME": 1246,
  "EPISODE_ID": 108812,
  "EVENT_ID": 651828,
  "STATE": "NORTH CAROLINA",
  "STATE_FIPS": 37,
  "YEAR": 2016,
  "MONTH_NAME": "July",
  "EVENT_TYPE": "Thunderstorm Wind",
  "CZ_TYPE": "C",
  "CZ_FIPS": 111,
  "CZ_NAME": "MCDOWELL",
  "WFO": "GSP",
  "BEGIN_DATE_TIME": "16-JUL-16 12:46:00",
  "CZ_TIMEZONE": "EST-5",
  "END_DATE_TIME": "16-JUL-16 12:46:00",
  "INJURIES_DIRECT": 0,
  "INJURIES_INDIRECT": 0,
  "DEATHS_DIRECT": 0,
  "DEATHS_INDIRECT": 0,
  "DAMAGE_PROPERTY": "0.00K",
  "DAMAGE_CROPS": "0.00K",
  "SOURCE": "Broadcast Media",
  "MAGNITUDE": 50,
  "MAGNITUDE_TYPE": "EG",
  "FLOOD_CAUSE": "",
  "CATEGORY": "",
  "TOR_F_SCALE": "",
  "TOR_LENGTH": "",
  "TOR_WIDTH": "",
  "TOR_OTHER_WFO": "",
  "TOR_OTHER_CZ_STATE": "",
  "TOR_OTHER_CZ_FIPS": "",
  "TOR_OTHER_CZ_NAME": "",
  "BEGIN_RANGE": 2,
  "BEGIN_AZIMUTH": "ENE",
  "BEGIN_LOCATION": "OLD FT",
  "END_RANGE": 2,
  "END_AZIMUTH": "ENE",
  "END_LOCATION": "OLD FT",
  "BEGIN_LAT": 35.64,
  "BEGIN_LON": -82.14,
  "END_LAT": 35.64,
  "END_LON": -82.14,
  "text": "Scattered thunderstorms developed near the Blue Ridge during the afternoon and moved slowly east some of the storms produced heavy rainfall, brief damaging winds, and intense lightning, with a fatality linked to one lightning strike at the entrance to Mount Mitchell State Park.",
  "EVENT_NARRATIVE": "Media reported two trees blown down along I-40 in the Old Fort area.",
  "DATA_SOURCE": "CSV"
}
