{
  "BEGIN_YEARMONTH": 201608,
  "BEGIN_DAY": 12,
  "BEGIN_TIME": 1613,
  "END_YEARMONTH": 201608,
  "END_DAY": 12,
  "END_TIME": 1613,
  "EPISODE_ID": 107804,
  "EVENT_ID": 646028,
  "STATE": "MASSACHUSETTS",
  "STATE_FIPS": 25,
  "YEAR": 2016,
  "MONTH_NAME": "August",
  "EVENT_TYPE": "Thunderstorm Wind",
  "CZ_TYPE": "C",
  "CZ_FIPS": 3,
  "CZ_NAME": "BERKSHIRE",
  "WFO": "ALY",
  "BEGIN_DATE_TIME": "12-AUG-16 16:13:00",
  "CZ_TIMEZONE": "EST-5",
  "END_DATE_TIME": "12-AUG-16 16:13:00",
  "INJURIES_DIRECT": 0,
  "INJURIES_INDIRECT": 0,
  "DEATHS_DIRECT": 0,
  "DEATHS_INDIRECT": 0,
  "DAMAGE_PROPERTY": "",
  "DAMAGE_CROPS": "",
  "SOURCE": "Social Media",
  "MAGNITUDE": 50,
  "MAGNITUDE_TYPE": "EG",
  "FLOOD_CAUSE": "",
  "CATEGORY": "",
  "TOR_F_SCALE": "",
  "TOR_LENGTH": "",
  "TOR_WIDTH": "",
  "TOR_OTHER_WFO": "",
  "TOR_OTHER_CZ_STATE": "",
  "TOR_OTHER_CZ_FIPS": "",
  "TOR_OTHER_CZ_NAME": "",
  "BEGIN_RANGE": 1,
  "BEGIN_AZIMUTH": "NW",
  "BEGIN_LOCATION": "STEVENS CORNER",
  "END_RANGE": 1,
  "END_AZIMUTH": "NW",
  "END_LOCATION": "STEVENS CORNER",
  "BEGIN_LAT": 42.4099,
  "BEGIN_LON": -73.3499,
  "END_LAT": 42.4099,
  "END_LON": -73.3499,
  "text": "With a warm and humid air mass in place, scattered thunderstorms developed during the late afternoon hours on Friday, August 12th. Although these thunderstorms had little upper level support, one of the thunderstorms produced damaging wind gusts to trees and power lines.",
  "EVENT_NARRATIVE": "Trees and wires were reported down along Route 41 in Richmond due to thunderstorm winds.",
  "DATA_SOURCE": "CSV"
}
