{
  "BEGIN_YEARMONTH": 201607,
  "BEGIN_DAY": 15,
  "BEGIN_TIME": 1725,
  "END_YEARMONTH": 201607,
  "END_DAY": 15,
  "END_TIME": 1725,
  "EPISODE_ID": 108769,
  "EVENT_ID": 651825,
  "STATE": "SOUTH CAROLINA",
  "STATE_FIPS": 45,
  "YEAR": 2016,
  "MONTH_NAME": "July",
  "EVENT_TYPE": "Thunderstorm Wind",
  "CZ_TYPE": "C",
  "CZ_FIPS": 91,
  "CZ_NAME": "YORK",
  "WFO": "GSP",
  "BEGIN_DATE_TIME": "15-JUL-16 17:25:00",
  "CZ_TIMEZONE": "EST-5",
  "END_DATE_TIME": "15-JUL-16 17:25:00",
  "INJURIES_DIRECT": 0,
  "INJURIES_INDIRECT": 0,
  "DEATHS_DIRECT": 0,
  "DEATHS_INDIRECT": 0,
  "DAMAGE_PROPERTY": "0.00K",
  "DAMAGE_CROPS": "0.00K",
  "SOURCE": "NWS Employee",
  "MAGNITUDE": 50,
  "MAGNITUDE_TYPE": "EG",
  "FLOOD_CAUSE": "",
  "CATEGORY": "",
  "TOR_F_SCALE": "",
  "TOR_LENGTH": "",
  "TOR_WIDTH": "",
  "TOR_OTHER_WFO": "",
  "TOR_OTHER_CZ_STATE": "",
  "TOR_OTHER_CZ_FIPS": "",
  "TOR_OTHER_CZ_NAME": "",
  "BEGIN_RANGE": 1,
  "BEGIN_AZIMUTH": "S",
  "BEGIN_LOCATION": "FT MILL",
  "END_RANGE": 1,
  "END_AZIMUTH": "S",
  "END_LOCATION": "FT MILL",
  "BEGIN_LAT": 35.01,
  "BEGIN_LON": -80.93,
  "END_LAT": 35.01,
  "END_LON": -80.93,
  "text": "Scattered thunderstorms developed across the Upstate during the late afternoon and evening. Some of the storms produced brief damaging winds and heavy rainfall.",
  "EVENT_NARRATIVE": "NWS Columbia relayed a report of trees blown down along Tom Hall St.",
  "DATA_SOURCE": "CSV"
}
