{
  "BEGIN_YEARMONTH": 201608,
  "BEGIN_DAY": 12,
  "BEGIN_TIME": 1000,
  "END_YEARMONTH": 201608,
  "END_DAY": 12,
  "END_TIME": 1700,
  "EPISODE_ID": 107802,
  "EVENT_ID": 646023,
  "STATE": "CONNECTICUT",
  "STATE_FIPS": 9,
  "YEAR": 2016,
  "MONTH_NAME": "August",
  "EVENT_TYPE": "Heat",
  "CZ_TYPE": "Z",
  "CZ_FIPS": 13,
  "CZ_NAME": "SOUTHERN LITCHFIELD",
  "WFO": "ALY",
  "BEGIN_DATE_TIME": "12-AUG-16 10:00:00",
  "CZ_TIMEZONE": "EST-5",
  "END_DATE_TIME": "12-AUG-16 17:00:00",
  "INJURIES_DIRECT": 0,
  "INJURIES_INDIRECT": 0,
  "DEATHS_DIRECT": 0,
  "DEATHS_INDIRECT": 0,
  "DAMAGE_PROPERTY": "",
  "DAMAGE_CROPS": "",
  "SOURCE": "ASOS",
  "MAGNITUDE": "",
  "MAGNITUDE_TYPE": "",
  "FLOOD_CAUSE": "",
  "CATEGORY": "",
  "TOR_F_SCALE": "",
  "TOR_LENGTH": "",
  "TOR_WIDTH": "",
  "TOR_OTHER_WFO": "",
  "TOR_OTHER_CZ_STATE": "",
  "TOR_OTHER_CZ_FIPS": "",
  "TOR_OTHER_CZ_NAME": "",
  "BEGIN_RANGE": "",
  "BEGIN_AZIMUTH": "",
  "BEGIN_LOCATION": "",
  "END_RANGE": "",
  "END_AZIMUTH": "",
  "END_LOCATION": "",
  "BEGIN_LAT": "",
  "BEGIN_LON": "",
  "END_LAT": "",
  "END_LON": "",
  "text": "A very warm and humid air mass was in place over northwestern Connecticut on Friday, August 12th. Daytime temperatures were well into the 90s and dewpoints reached into the low to mid 70s. As a result, heat index values reached around 100 degrees for valley areas during the afternoon and early evening hours.",
  "EVENT_NARRATIVE": "",
  "DATA_SOURCE": "CSV"
}
