{
  "BEGIN_YEARMONTH": 201608,
  "BEGIN_DAY": 13,
  "BEGIN_TIME": 2015,
  "END_YEARMONTH": 201608,
  "END_DAY": 13,
  "END_TIME": 2015,
  "EPISODE_ID": 109271,
  "EVENT_ID": 654453,
  "STATE": "MASSACHUSETTS",
  "STATE_FIPS": 25,
  "YEAR": 2016,
  "MONTH_NAME": "August",
  "EVENT_TYPE": "Thunderstorm Wind",
  "CZ_TYPE": "C",
  "CZ_FIPS": 3,
  "CZ_NAME": "BERKSHIRE",
  "WFO": "ALY",
  "BEGIN_DATE_TIME": "13-AUG-16 20:15:00",
  "CZ_TIMEZONE": "EST-5",
  "END_DATE_TIME": "13-AUG-16 20:15:00",
  "INJURIES_DIRECT": 0,
  "INJURIES_INDIRECT": 0,
  "DEATHS_DIRECT": 0,
  "DEATHS_INDIRECT": 0,
  "DAMAGE_PROPERTY": "",
  "DAMAGE_CROPS": "",
  "SOURCE": "Amateur Radio",
  "MAGNITUDE": 50,
  "MAGNITUDE_TYPE": "EG",
  "FLOOD_CAUSE": "",
  "CATEGORY": "",
  "TOR_F_SCALE": "",
  "TOR_LENGTH": "",
  "TOR_WIDTH": "",
  "TOR_OTHER_WFO": "",
  "TOR_OTHER_CZ_STATE": "",
  "TOR_OTHER_CZ_FIPS": "",
  "TOR_OTHER_CZ_NAME": "",
  "BEGIN_RANGE": 0,
  "BEGIN_AZIMUTH": "E",
  "BEGIN_LOCATION": "PITTSFIELD",
  "END_RANGE": 0,
  "END_AZIMUTH": "E",
  "END_LOCATION": "PITTSFIELD",
  "BEGIN_LAT": 42.4501,
  "BEGIN_LON": -73.2454,
  "END_LAT": 42.4501,
  "END_LON": -73.2454,
  "text": "On the morning of Saturday, August 13th, a warm front lifted northward across the region. This allowed a very warm and excessively humid air mass to be in place over the area. ||Late in the day, a surface cold front was approaching the area from the west. An organized line of thunderstorms moved from west to east across all of eastern Upstate New York and crossed western Massachusetts during the evening hours. These storms produced gusty winds, which caused damage to some trees and power lines. ||In addition to the gusty winds, the thunderstorms also produced a significant amount of cloud-to-ground lightning. Numerous power outages were reported across the region as a result of the thunderstorms. ||Thunderstorms ended with the passage of the cold front during the overnight hours.",
  "EVENT_NARRATIVE": "Trees were reported down in Pittsfield due to thunderstorm winds.",
  "DATA_SOURCE": "CSV"
}
