{
  "BEGIN_YEARMONTH": 201607,
  "BEGIN_DAY": 8,
  "BEGIN_TIME": 1755,
  "END_YEARMONTH": 201607,
  "END_DAY": 8,
  "END_TIME": 1755,
  "EPISODE_ID": 105872,
  "EVENT_ID": 635287,
  "STATE": "TENNESSEE",
  "STATE_FIPS": 47,
  "YEAR": 2016,
  "MONTH_NAME": "July",
  "EVENT_TYPE": "Thunderstorm Wind",
  "CZ_TYPE": "C",
  "CZ_FIPS": 105,
  "CZ_NAME": "LOUDON",
  "WFO": "MRX",
  "BEGIN_DATE_TIME": "08-JUL-16 17:55:00",
  "CZ_TIMEZONE": "EST-5",
  "END_DATE_TIME": "08-JUL-16 17:55:00",
  "INJURIES_DIRECT": 0,
  "INJURIES_INDIRECT": 0,
  "DEATHS_DIRECT": 0,
  "DEATHS_INDIRECT": 0,
  "DAMAGE_PROPERTY": "",
  "DAMAGE_CROPS": "",
  "SOURCE": "Public",
  "MAGNITUDE": 50,
  "MAGNITUDE_TYPE": "EG",
  "FLOOD_CAUSE": "",
  "CATEGORY": "",
  "TOR_F_SCALE": "",
  "TOR_LENGTH": "",
  "TOR_WIDTH": "",
  "TOR_OTHER_WFO": "",
  "TOR_OTHER_CZ_STATE": "",
  "TOR_OTHER_CZ_FIPS": "",
  "TOR_OTHER_CZ_NAME": "",
  "BEGIN_RANGE": 1,
  "BEGIN_AZIMUTH": "W",
  "BEGIN_LOCATION": "JENA",
  "END_RANGE": 1,
  "END_AZIMUTH": "W",
  "END_LOCATION": "JENA",
  "BEGIN_LAT": 35.65,
  "BEGIN_LON": -84.18,
  "END_LAT": 35.65,
  "END_LON": -84.18,
  "text": "The combination of summer heating and high low level moisture content provided the necessary conditions to create a highly unstable environment across the Southern Appalachian region. The instability and more than adequate upper level west to northwesterly flow allowed an mesoscale convective system to remain quite strong as it moved east across the area. Downburst winds in some areas were in the 60 to 70 mile an hour range with speeds as high as 80 miles an hour estimated. Trees were downed across a broad area and resulted in the deaths of three people.",
  "EVENT_NARRATIVE": "Numerous trees were reported down in the Greenback area.",
  "DATA_SOURCE": "CSV"
}
