{
  "BEGIN_YEARMONTH": 201608,
  "BEGIN_DAY": 13,
  "BEGIN_TIME": 1000,
  "END_YEARMONTH": 201608,
  "END_DAY": 13,
  "END_TIME": 1800,
  "EPISODE_ID": 109272,
  "EVENT_ID": 654455,
  "STATE": "CONNECTICUT",
  "STATE_FIPS": 9,
  "YEAR": 2016,
  "MONTH_NAME": "August",
  "EVENT_TYPE": "Heat",
  "CZ_TYPE": "Z",
  "CZ_FIPS": 1,
  "CZ_NAME": "NORTHERN LITCHFIELD",
  "WFO": "ALY",
  "BEGIN_DATE_TIME": "13-AUG-16 10:00:00",
  "CZ_TIMEZONE": "EST-5",
  "END_DATE_TIME": "13-AUG-16 18:00:00",
  "INJURIES_DIRECT": 0,
  "INJURIES_INDIRECT": 0,
  "DEATHS_DIRECT": 0,
  "DEATHS_INDIRECT": 0,
  "DAMAGE_PROPERTY": "",
  "DAMAGE_CROPS": "",
  "SOURCE": "Public",
  "MAGNITUDE": "",
  "MAGNITUDE_TYPE": "",
  "FLOOD_CAUSE": "",
  "CATEGORY": "",
  "TOR_F_SCALE": "",
  "TOR_LENGTH": "",
  "TOR_WIDTH": "",
  "TOR_OTHER_WFO": "",
  "TOR_OTHER_CZ_STATE": "",
  "TOR_OTHER_CZ_FIPS": "",
  "TOR_OTHER_CZ_NAME": "",
  "BEGIN_RANGE": "",
  "BEGIN_AZIMUTH": "",
  "BEGIN_LOCATION": "",
  "END_RANGE": "",
  "END_AZIMUTH": "",
  "END_LOCATION": "",
  "BEGIN_LAT": "",
  "BEGIN_LON": "",
  "END_LAT": "",
  "END_LON": "",
  "text": "On the morning of Saturday, August 13th, a warm front lifted northward across the region. This allowed a very warm and excessively humid air mass to be in place over the area. As temperatures rose through the 80s and into the 90s, dewpoints were unusually high in the mid to upper 70s. By the afternoon hours, this produced heat index values over 100 degrees in many valley areas, with some spots in southern Litchfield County seeing heat index values over 105 degrees.||Ahead of an advancing cold front, an organized line of thunderstorms moved from west to east across all of eastern Upstate New York late in the day.   This line of thunderstorms crossed northwestern Connecticut during the late evening hours, producing damaging winds.||In addition to the gusty winds, the thunderstorms also produced a significant amount of cloud-to-ground lightning. Numerous power outages were reported throughout the region. ||Thunderstorms ended with the passage of the cold front during the overnight hours.",
  "EVENT_NARRATIVE": "",
  "DATA_SOURCE": "CSV"
}
