{
  "BEGIN_YEARMONTH": 201607,
  "BEGIN_DAY": 15,
  "BEGIN_TIME": 1715,
  "END_YEARMONTH": 201607,
  "END_DAY": 15,
  "END_TIME": 1715,
  "EPISODE_ID": 108769,
  "EVENT_ID": 651823,
  "STATE": "SOUTH CAROLINA",
  "STATE_FIPS": 45,
  "YEAR": 2016,
  "MONTH_NAME": "July",
  "EVENT_TYPE": "Heavy Rain",
  "CZ_TYPE": "C",
  "CZ_FIPS": 91,
  "CZ_NAME": "YORK",
  "WFO": "GSP",
  "BEGIN_DATE_TIME": "15-JUL-16 17:15:00",
  "CZ_TIMEZONE": "EST-5",
  "END_DATE_TIME": "15-JUL-16 17:15:00",
  "INJURIES_DIRECT": 0,
  "INJURIES_INDIRECT": 0,
  "DEATHS_DIRECT": 0,
  "DEATHS_INDIRECT": 0,
  "DAMAGE_PROPERTY": "2.00K",
  "DAMAGE_CROPS": "0.00K",
  "SOURCE": "Social Media",
  "MAGNITUDE": "",
  "MAGNITUDE_TYPE": "",
  "FLOOD_CAUSE": "",
  "CATEGORY": "",
  "TOR_F_SCALE": "",
  "TOR_LENGTH": "",
  "TOR_WIDTH": "",
  "TOR_OTHER_WFO": "",
  "TOR_OTHER_CZ_STATE": "",
  "TOR_OTHER_CZ_FIPS": "",
  "TOR_OTHER_CZ_NAME": "",
  "BEGIN_RANGE": 1,
  "BEGIN_AZIMUTH": "N",
  "BEGIN_LOCATION": "BOYD HILL",
  "END_RANGE": 1,
  "END_AZIMUTH": "N",
  "END_LOCATION": "BOYD HILL",
  "BEGIN_LAT": 34.94,
  "BEGIN_LON": -81.03,
  "END_LAT": 34.94,
  "END_LON": -81.03,
  "text": "Scattered thunderstorms developed across the Upstate during the late afternoon and evening. Some of the storms produced brief damaging winds and heavy rainfall.",
  "EVENT_NARRATIVE": "One to two feet of deep standing water developed on a street on the Winthrop University campus after more than an inch of rain fell in less than an hour. One vehicle was stalled in the water.",
  "DATA_SOURCE": "CSV"
}
