{
  "BEGIN_YEARMONTH": 201602,
  "BEGIN_DAY": 25,
  "BEGIN_TIME": 1157,
  "END_YEARMONTH": 201602,
  "END_DAY": 25,
  "END_TIME": 1841,
  "EPISODE_ID": 103607,
  "EVENT_ID": 619257,
  "STATE": "MARYLAND",
  "STATE_FIPS": 24,
  "YEAR": 2016,
  "MONTH_NAME": "February",
  "EVENT_TYPE": "Flood",
  "CZ_TYPE": "C",
  "CZ_FIPS": 33,
  "CZ_NAME": "PRINCE GEORGE'S",
  "WFO": "LWX",
  "BEGIN_DATE_TIME": "25-FEB-16 11:57:00",
  "CZ_TIMEZONE": "EST-5",
  "END_DATE_TIME": "25-FEB-16 18:41:00",
  "INJURIES_DIRECT": 0,
  "INJURIES_INDIRECT": 0,
  "DEATHS_DIRECT": 0,
  "DEATHS_INDIRECT": 0,
  "DAMAGE_PROPERTY": "0.00K",
  "DAMAGE_CROPS": "0.00K",
  "SOURCE": "River/Stream Gage",
  "MAGNITUDE": "",
  "MAGNITUDE_TYPE": "",
  "FLOOD_CAUSE": "Heavy Rain",
  "CATEGORY": "",
  "TOR_F_SCALE": "",
  "TOR_LENGTH": "",
  "TOR_WIDTH": "",
  "TOR_OTHER_WFO": "",
  "TOR_OTHER_CZ_STATE": "",
  "TOR_OTHER_CZ_FIPS": "",
  "TOR_OTHER_CZ_NAME": "",
  "BEGIN_RANGE": 0,
  "BEGIN_AZIMUTH": "S",
  "BEGIN_LOCATION": "UPPER MARLBORO",
  "END_RANGE": 0,
  "END_AZIMUTH": "S",
  "END_LOCATION": "UPPER MARLBORO",
  "BEGIN_LAT": 38.8141,
  "BEGIN_LON": -76.7496,
  "END_LAT": 38.8129,
  "END_LON": -76.7505,
  "text": "Strong low pressure moved from the deep south to the Great Lakes. Strong warm air advection coupled with moisture led to showers and thunderstorms across the area. Activity strengthened in the afternoon and multiple rounds of heavy rain moved across the area. Many rivers reached flood stage across the Mid-Atlantic.",
  "EVENT_NARRATIVE": "The stream gauge on Western Branch at Upper Marlboro reached a flood stage of 11 feet. The gauge peaked at 11.53 feet at 14:30 EST. The Water Street bridge in Upper Marlboro was completely covered by water.",
  "DATA_SOURCE": "CSV"
}
