{
  "BEGIN_YEARMONTH": 201603,
  "BEGIN_DAY": 16,
  "BEGIN_TIME": 1200,
  "END_YEARMONTH": 201603,
  "END_DAY": 16,
  "END_TIME": 1600,
  "EPISODE_ID": 121055,
  "EVENT_ID": 724705,
  "STATE": "ILLINOIS",
  "STATE_FIPS": 17,
  "YEAR": 2016,
  "MONTH_NAME": "March",
  "EVENT_TYPE": "High Wind",
  "CZ_TYPE": "Z",
  "CZ_FIPS": 4,
  "CZ_NAME": "BOONE",
  "WFO": "LOT",
  "BEGIN_DATE_TIME": "16-MAR-16 12:00:00",
  "CZ_TIMEZONE": "CST-6",
  "END_DATE_TIME": "16-MAR-16 16:00:00",
  "INJURIES_DIRECT": 0,
  "INJURIES_INDIRECT": 0,
  "DEATHS_DIRECT": 0,
  "DEATHS_INDIRECT": 0,
  "DAMAGE_PROPERTY": "0.00K",
  "DAMAGE_CROPS": "0.00K",
  "SOURCE": "Emergency Manager",
  "MAGNITUDE": 50,
  "MAGNITUDE_TYPE": "EG",
  "FLOOD_CAUSE": "",
  "CATEGORY": "",
  "TOR_F_SCALE": "",
  "TOR_LENGTH": "",
  "TOR_WIDTH": "",
  "TOR_OTHER_WFO": "",
  "TOR_OTHER_CZ_STATE": "",
  "TOR_OTHER_CZ_FIPS": "",
  "TOR_OTHER_CZ_NAME": "",
  "BEGIN_RANGE": "",
  "BEGIN_AZIMUTH": "",
  "BEGIN_LOCATION": "",
  "END_RANGE": "",
  "END_AZIMUTH": "",
  "END_LOCATION": "",
  "BEGIN_LAT": "",
  "BEGIN_LON": "",
  "END_LAT": "",
  "END_LON": "",
  "text": "A strong area of low pressure moved across the Western Great Lakes on March 16th producing wind gusts between 50 and 60 mph.  Numerous trees and tree limbs were blown down.  A tree was uprooted and fell onto a home in Lyons.  In Bensenville, a tree fell onto a house and another tree up to 20 inches in diameter was snapped at its base and fell onto power lines.  A street lamp was blown down in Chicago.  A three foot diameter tree was blown down in Cherry Valley.",
  "EVENT_NARRATIVE": "",
  "DATA_SOURCE": "CSV"
}
