{
  "BEGIN_YEARMONTH": 201602,
  "BEGIN_DAY": 24,
  "BEGIN_TIME": 2336,
  "END_YEARMONTH": 201602,
  "END_DAY": 25,
  "END_TIME": 701,
  "EPISODE_ID": 103607,
  "EVENT_ID": 619255,
  "STATE": "MARYLAND",
  "STATE_FIPS": 24,
  "YEAR": 2016,
  "MONTH_NAME": "February",
  "EVENT_TYPE": "Flood",
  "CZ_TYPE": "C",
  "CZ_FIPS": 37,
  "CZ_NAME": "ST. MARY'S",
  "WFO": "LWX",
  "BEGIN_DATE_TIME": "24-FEB-16 23:36:00",
  "CZ_TIMEZONE": "EST-5",
  "END_DATE_TIME": "25-FEB-16 07:01:00",
  "INJURIES_DIRECT": 0,
  "INJURIES_INDIRECT": 0,
  "DEATHS_DIRECT": 0,
  "DEATHS_INDIRECT": 0,
  "DAMAGE_PROPERTY": "0.00K",
  "DAMAGE_CROPS": "0.00K",
  "SOURCE": "River/Stream Gage",
  "MAGNITUDE": "",
  "MAGNITUDE_TYPE": "",
  "FLOOD_CAUSE": "Heavy Rain",
  "CATEGORY": "",
  "TOR_F_SCALE": "",
  "TOR_LENGTH": "",
  "TOR_WIDTH": "",
  "TOR_OTHER_WFO": "",
  "TOR_OTHER_CZ_STATE": "",
  "TOR_OTHER_CZ_FIPS": "",
  "TOR_OTHER_CZ_NAME": "",
  "BEGIN_RANGE": 0,
  "BEGIN_AZIMUTH": "E",
  "BEGIN_LOCATION": "GREAT MILLS",
  "END_RANGE": 1,
  "END_AZIMUTH": "NNE",
  "END_LOCATION": "GREAT MILLS",
  "BEGIN_LAT": 38.2307,
  "BEGIN_LON": -76.4926,
  "END_LAT": 38.2377,
  "END_LON": -76.4974,
  "text": "Strong low pressure moved from the deep south to the Great Lakes. Strong warm air advection coupled with moisture led to showers and thunderstorms across the area. Activity strengthened in the afternoon and multiple rounds of heavy rain moved across the area. Many rivers reached flood stage across the Mid-Atlantic.",
  "EVENT_NARRATIVE": "The stream gauge on St Marys River at Great Mills reached a flood stage of 6 feet. The gauge peaked at 6.97 feet at 04:15 EST. Flat Iron Road began to flood with water in some yards in Great Mills.",
  "DATA_SOURCE": "CSV"
}
