{
  "BEGIN_YEARMONTH": 201602,
  "BEGIN_DAY": 24,
  "BEGIN_TIME": 2137,
  "END_YEARMONTH": 201602,
  "END_DAY": 25,
  "END_TIME": 23,
  "EPISODE_ID": 103607,
  "EVENT_ID": 619256,
  "STATE": "MARYLAND",
  "STATE_FIPS": 24,
  "YEAR": 2016,
  "MONTH_NAME": "February",
  "EVENT_TYPE": "Flood",
  "CZ_TYPE": "C",
  "CZ_FIPS": 27,
  "CZ_NAME": "HOWARD",
  "WFO": "LWX",
  "BEGIN_DATE_TIME": "24-FEB-16 21:37:00",
  "CZ_TIMEZONE": "EST-5",
  "END_DATE_TIME": "25-FEB-16 00:23:00",
  "INJURIES_DIRECT": 0,
  "INJURIES_INDIRECT": 0,
  "DEATHS_DIRECT": 0,
  "DEATHS_INDIRECT": 0,
  "DAMAGE_PROPERTY": "0.00K",
  "DAMAGE_CROPS": "0.00K",
  "SOURCE": "River/Stream Gage",
  "MAGNITUDE": "",
  "MAGNITUDE_TYPE": "",
  "FLOOD_CAUSE": "Heavy Rain",
  "CATEGORY": "",
  "TOR_F_SCALE": "",
  "TOR_LENGTH": "",
  "TOR_WIDTH": "",
  "TOR_OTHER_WFO": "",
  "TOR_OTHER_CZ_STATE": "",
  "TOR_OTHER_CZ_FIPS": "",
  "TOR_OTHER_CZ_NAME": "",
  "BEGIN_RANGE": 1,
  "BEGIN_AZIMUTH": "ESE",
  "BEGIN_LOCATION": "SAVAGE",
  "END_RANGE": 1,
  "END_AZIMUTH": "ENE",
  "END_LOCATION": "SAVAGE",
  "BEGIN_LAT": 39.1225,
  "BEGIN_LON": -76.8098,
  "END_LAT": 39.1363,
  "END_LON": -76.814,
  "text": "Strong low pressure moved from the deep south to the Great Lakes. Strong warm air advection coupled with moisture led to showers and thunderstorms across the area. Activity strengthened in the afternoon and multiple rounds of heavy rain moved across the area. Many rivers reached flood stage across the Mid-Atlantic.",
  "EVENT_NARRATIVE": "The stream gauge on Little Patuxent River at Savage reached a flood stage of 10 feet. The gauge peaked at 10.56 feet at 22:45 EST. Riverside trails began to flood. Water also approached fields off Bald Eagle Drive, and approach Brock Bridge Road.",
  "DATA_SOURCE": "CSV"
}
