{
  "BEGIN_YEARMONTH": 201608,
  "BEGIN_DAY": 13,
  "BEGIN_TIME": 1839,
  "END_YEARMONTH": 201608,
  "END_DAY": 13,
  "END_TIME": 1839,
  "EPISODE_ID": 109270,
  "EVENT_ID": 654439,
  "STATE": "VERMONT",
  "STATE_FIPS": 50,
  "YEAR": 2016,
  "MONTH_NAME": "August",
  "EVENT_TYPE": "Thunderstorm Wind",
  "CZ_TYPE": "C",
  "CZ_FIPS": 3,
  "CZ_NAME": "BENNINGTON",
  "WFO": "ALY",
  "BEGIN_DATE_TIME": "13-AUG-16 18:39:00",
  "CZ_TIMEZONE": "EST-5",
  "END_DATE_TIME": "13-AUG-16 18:39:00",
  "INJURIES_DIRECT": 0,
  "INJURIES_INDIRECT": 0,
  "DEATHS_DIRECT": 0,
  "DEATHS_INDIRECT": 0,
  "DAMAGE_PROPERTY": "",
  "DAMAGE_CROPS": "",
  "SOURCE": "Law Enforcement",
  "MAGNITUDE": 50,
  "MAGNITUDE_TYPE": "EG",
  "FLOOD_CAUSE": "",
  "CATEGORY": "",
  "TOR_F_SCALE": "",
  "TOR_LENGTH": "",
  "TOR_WIDTH": "",
  "TOR_OTHER_WFO": "",
  "TOR_OTHER_CZ_STATE": "",
  "TOR_OTHER_CZ_FIPS": "",
  "TOR_OTHER_CZ_NAME": "",
  "BEGIN_RANGE": 3,
  "BEGIN_AZIMUTH": "N",
  "BEGIN_LOCATION": "BOUPLON CORNER",
  "END_RANGE": 3,
  "END_AZIMUTH": "N",
  "END_LOCATION": "BOUPLON CORNER",
  "BEGIN_LAT": 43.0491,
  "BEGIN_LON": -73.2682,
  "END_LAT": 43.0491,
  "END_LON": -73.2682,
  "text": "On the morning of Saturday, August 13th, a warm front lifted northward across the region. This allowed a very warm and excessively humid air mass to be in place over the area. ||Late in the day, a surface cold front was approaching the area from the west. An organized line of thunderstorms moved from west to east across all of eastern Upstate New York and crossed southern Vermont during the evening hours. These storms produced gusty winds, which caused damage to some trees and power lines.||In addition to the gusty winds, the thunderstorms also produced a significant amount of cloud-to-ground lightning. Numerous power outages were reported across the region as a result of the thunderstorms.||Thunderstorms ended with the passage of the cold front during the overnight hours.",
  "EVENT_NARRATIVE": "A tree was reported down on Black Hollow Road in Arlington due to thunderstorm winds.",
  "DATA_SOURCE": "CSV"
}
