{
  "BEGIN_YEARMONTH": 201608,
  "BEGIN_DAY": 16,
  "BEGIN_TIME": 1923,
  "END_YEARMONTH": 201608,
  "END_DAY": 16,
  "END_TIME": 1923,
  "EPISODE_ID": 109349,
  "EVENT_ID": 654745,
  "STATE": "NEW YORK",
  "STATE_FIPS": 36,
  "YEAR": 2016,
  "MONTH_NAME": "August",
  "EVENT_TYPE": "Thunderstorm Wind",
  "CZ_TYPE": "C",
  "CZ_FIPS": 41,
  "CZ_NAME": "HAMILTON",
  "WFO": "ALY",
  "BEGIN_DATE_TIME": "16-AUG-16 19:23:00",
  "CZ_TIMEZONE": "EST-5",
  "END_DATE_TIME": "16-AUG-16 19:23:00",
  "INJURIES_DIRECT": 0,
  "INJURIES_INDIRECT": 0,
  "DEATHS_DIRECT": 0,
  "DEATHS_INDIRECT": 0,
  "DAMAGE_PROPERTY": "",
  "DAMAGE_CROPS": "",
  "SOURCE": "Law Enforcement",
  "MAGNITUDE": 50,
  "MAGNITUDE_TYPE": "EG",
  "FLOOD_CAUSE": "",
  "CATEGORY": "",
  "TOR_F_SCALE": "",
  "TOR_LENGTH": "",
  "TOR_WIDTH": "",
  "TOR_OTHER_WFO": "",
  "TOR_OTHER_CZ_STATE": "",
  "TOR_OTHER_CZ_FIPS": "",
  "TOR_OTHER_CZ_NAME": "",
  "BEGIN_RANGE": 1,
  "BEGIN_AZIMUTH": "WSW",
  "BEGIN_LOCATION": "RAQUETTE LAKE",
  "END_RANGE": 1,
  "END_AZIMUTH": "WSW",
  "END_LOCATION": "RAQUETTE LAKE",
  "BEGIN_LAT": 43.8082,
  "BEGIN_LON": -74.6547,
  "END_LAT": 43.8082,
  "END_LON": -74.6547,
  "text": "A warm and humid air mass was in place over the western Adirondacks during the evening of Tuesday, August 16th.  As a cold front approached from the northwest, several bands of thunderstorms moved across the region.  Some of these thunderstorms were severe, producing wind damage to trees. ||The threat for thunderstorms ended by the late evening hours, as the line of storms moved east of the region.",
  "EVENT_NARRATIVE": "Trees down were down on Route 28 in Raquette Lake due to thunderstorm winds.",
  "DATA_SOURCE": "CSV"
}
