{
  "BEGIN_YEARMONTH": 201612,
  "BEGIN_DAY": 1,
  "BEGIN_TIME": 0,
  "END_YEARMONTH": 201612,
  "END_DAY": 31,
  "END_TIME": 2359,
  "EPISODE_ID": 112075,
  "EVENT_ID": 668380,
  "STATE": "MASSACHUSETTS",
  "STATE_FIPS": 25,
  "YEAR": 2016,
  "MONTH_NAME": "December",
  "EVENT_TYPE": "Drought",
  "CZ_TYPE": "Z",
  "CZ_FIPS": 15,
  "CZ_NAME": "SUFFOLK",
  "WFO": "BOX",
  "BEGIN_DATE_TIME": "01-DEC-16 00:00:00",
  "CZ_TIMEZONE": "EST-5",
  "END_DATE_TIME": "31-DEC-16 23:59:00",
  "INJURIES_DIRECT": 0,
  "INJURIES_INDIRECT": 0,
  "DEATHS_DIRECT": 0,
  "DEATHS_INDIRECT": 0,
  "DAMAGE_PROPERTY": "0.00K",
  "DAMAGE_CROPS": "0.00K",
  "SOURCE": "Drought Monitor",
  "MAGNITUDE": "",
  "MAGNITUDE_TYPE": "",
  "FLOOD_CAUSE": "",
  "CATEGORY": "",
  "TOR_F_SCALE": "",
  "TOR_LENGTH": "",
  "TOR_WIDTH": "",
  "TOR_OTHER_WFO": "",
  "TOR_OTHER_CZ_STATE": "",
  "TOR_OTHER_CZ_FIPS": "",
  "TOR_OTHER_CZ_NAME": "",
  "BEGIN_RANGE": "",
  "BEGIN_AZIMUTH": "",
  "BEGIN_LOCATION": "",
  "END_RANGE": "",
  "END_AZIMUTH": "",
  "END_LOCATION": "",
  "BEGIN_LAT": "",
  "BEGIN_LON": "",
  "END_LAT": "",
  "END_LON": "",
  "text": "Precipitation was below normal for most of Massachusetts during December, but with areas of above normal amounts along the North Shore and around Quabbin Reservoir in Central Massachusetts.  Amounts in Southeast Massachusetts were near 2 inches below normal while Amherst was near 1 inch above normal.||A Drought Warning remains in effect for most of Massachusetts. A Drought Advisory continued for Cape Cod and the Islands. ||Although rivers and streams had some fluctuations during the month, they were predominantly at below normal levels during December. Reservoirs monitored by Massachusetts Department of Conservation and Recreation (DCR), were mainly at below normal levels.",
  "EVENT_NARRATIVE": "The U.S. Drought Monitor continued the Severe Drought (D2) designation in Suffolk County through the month of December.",
  "DATA_SOURCE": "CSV"
}
