{
  "BEGIN_YEARMONTH": 201603,
  "BEGIN_DAY": 16,
  "BEGIN_TIME": 1300,
  "END_YEARMONTH": 201603,
  "END_DAY": 16,
  "END_TIME": 1700,
  "EPISODE_ID": 121058,
  "EVENT_ID": 724712,
  "STATE": "INDIANA",
  "STATE_FIPS": 18,
  "YEAR": 2016,
  "MONTH_NAME": "March",
  "EVENT_TYPE": "High Wind",
  "CZ_TYPE": "Z",
  "CZ_FIPS": 2,
  "CZ_NAME": "PORTER",
  "WFO": "LOT",
  "BEGIN_DATE_TIME": "16-MAR-16 13:00:00",
  "CZ_TIMEZONE": "CST-6",
  "END_DATE_TIME": "16-MAR-16 17:00:00",
  "INJURIES_DIRECT": 0,
  "INJURIES_INDIRECT": 0,
  "DEATHS_DIRECT": 0,
  "DEATHS_INDIRECT": 0,
  "DAMAGE_PROPERTY": "0.00K",
  "DAMAGE_CROPS": "0.00K",
  "SOURCE": "ASOS",
  "MAGNITUDE": 51,
  "MAGNITUDE_TYPE": "MG",
  "FLOOD_CAUSE": "",
  "CATEGORY": "",
  "TOR_F_SCALE": "",
  "TOR_LENGTH": "",
  "TOR_WIDTH": "",
  "TOR_OTHER_WFO": "",
  "TOR_OTHER_CZ_STATE": "",
  "TOR_OTHER_CZ_FIPS": "",
  "TOR_OTHER_CZ_NAME": "",
  "BEGIN_RANGE": "",
  "BEGIN_AZIMUTH": "",
  "BEGIN_LOCATION": "",
  "END_RANGE": "",
  "END_AZIMUTH": "",
  "END_LOCATION": "",
  "BEGIN_LAT": "",
  "BEGIN_LON": "",
  "END_LAT": "",
  "END_LON": "",
  "text": "A strong area of low pressure moved across the Western Great Lakes on March 16th producing wind gusts between 50 and 60 mph across portions of northwest Indiana.  A gust to 59 mph was measured at the Valparaiso Airport.",
  "EVENT_NARRATIVE": "",
  "DATA_SOURCE": "CSV"
}
