{
  "BEGIN_YEARMONTH": 201602,
  "BEGIN_DAY": 24,
  "BEGIN_TIME": 2016,
  "END_YEARMONTH": 201602,
  "END_DAY": 24,
  "END_TIME": 2221,
  "EPISODE_ID": 103607,
  "EVENT_ID": 619258,
  "STATE": "MARYLAND",
  "STATE_FIPS": 24,
  "YEAR": 2016,
  "MONTH_NAME": "February",
  "EVENT_TYPE": "Flood",
  "CZ_TYPE": "C",
  "CZ_FIPS": 5,
  "CZ_NAME": "BALTIMORE",
  "WFO": "LWX",
  "BEGIN_DATE_TIME": "24-FEB-16 20:16:00",
  "CZ_TIMEZONE": "EST-5",
  "END_DATE_TIME": "24-FEB-16 22:21:00",
  "INJURIES_DIRECT": 0,
  "INJURIES_INDIRECT": 0,
  "DEATHS_DIRECT": 0,
  "DEATHS_INDIRECT": 0,
  "DAMAGE_PROPERTY": "0.00K",
  "DAMAGE_CROPS": "0.00K",
  "SOURCE": "River/Stream Gage",
  "MAGNITUDE": "",
  "MAGNITUDE_TYPE": "",
  "FLOOD_CAUSE": "Heavy Rain",
  "CATEGORY": "",
  "TOR_F_SCALE": "",
  "TOR_LENGTH": "",
  "TOR_WIDTH": "",
  "TOR_OTHER_WFO": "",
  "TOR_OTHER_CZ_STATE": "",
  "TOR_OTHER_CZ_FIPS": "",
  "TOR_OTHER_CZ_NAME": "",
  "BEGIN_RANGE": 2,
  "BEGIN_AZIMUTH": "W",
  "BEGIN_LOCATION": "WHITE MARSH",
  "END_RANGE": 1,
  "END_AZIMUTH": "WSW",
  "END_LOCATION": "WHITE MARSH",
  "BEGIN_LAT": 39.3763,
  "BEGIN_LON": -76.4585,
  "END_LAT": 39.3744,
  "END_LON": -76.4553,
  "text": "Strong low pressure moved from the deep south to the Great Lakes. Strong warm air advection coupled with moisture led to showers and thunderstorms across the area. Activity strengthened in the afternoon and multiple rounds of heavy rain moved across the area. Many rivers reached flood stage across the Mid-Atlantic.",
  "EVENT_NARRATIVE": "The stream gauge on Whitemarsh Run at White Marsh reached a flood stage of 10 feet. The gauge peaked at 13.93 feet at 21:15 EST. Town Center Court began to flood.",
  "DATA_SOURCE": "CSV"
}
