{
  "BEGIN_YEARMONTH": 201608,
  "BEGIN_DAY": 14,
  "BEGIN_TIME": 1100,
  "END_YEARMONTH": 201608,
  "END_DAY": 14,
  "END_TIME": 1800,
  "EPISODE_ID": 109346,
  "EVENT_ID": 654727,
  "STATE": "NEW YORK",
  "STATE_FIPS": 36,
  "YEAR": 2016,
  "MONTH_NAME": "August",
  "EVENT_TYPE": "Heat",
  "CZ_TYPE": "Z",
  "CZ_FIPS": 64,
  "CZ_NAME": "EASTERN ULSTER",
  "WFO": "ALY",
  "BEGIN_DATE_TIME": "14-AUG-16 11:00:00",
  "CZ_TIMEZONE": "EST-5",
  "END_DATE_TIME": "14-AUG-16 18:00:00",
  "INJURIES_DIRECT": 0,
  "INJURIES_INDIRECT": 0,
  "DEATHS_DIRECT": 0,
  "DEATHS_INDIRECT": 0,
  "DAMAGE_PROPERTY": "",
  "DAMAGE_CROPS": "",
  "SOURCE": "Public",
  "MAGNITUDE": "",
  "MAGNITUDE_TYPE": "",
  "FLOOD_CAUSE": "",
  "CATEGORY": "",
  "TOR_F_SCALE": "",
  "TOR_LENGTH": "",
  "TOR_WIDTH": "",
  "TOR_OTHER_WFO": "",
  "TOR_OTHER_CZ_STATE": "",
  "TOR_OTHER_CZ_FIPS": "",
  "TOR_OTHER_CZ_NAME": "",
  "BEGIN_RANGE": "",
  "BEGIN_AZIMUTH": "",
  "BEGIN_LOCATION": "",
  "END_RANGE": "",
  "END_AZIMUTH": "",
  "END_LOCATION": "",
  "BEGIN_LAT": "",
  "BEGIN_LON": "",
  "END_LAT": "",
  "END_LON": "",
  "text": "With a southerly flow in place, a warm and humid air mass continued to be in place on Sunday, August 14th.  With temperatures well into the 90s and dewpoints reaching around 70 degrees, heat index values exceeded 100 degrees during the afternoon and early evening hours across eastern Ulster and Dutchess Counties.",
  "EVENT_NARRATIVE": "",
  "DATA_SOURCE": "CSV"
}
