{
  "BEGIN_YEARMONTH": 201603,
  "BEGIN_DAY": 16,
  "BEGIN_TIME": 1300,
  "END_YEARMONTH": 201603,
  "END_DAY": 16,
  "END_TIME": 1700,
  "EPISODE_ID": 121059,
  "EVENT_ID": 724717,
  "STATE": "LAKE MICHIGAN",
  "STATE_FIPS": 91,
  "YEAR": 2016,
  "MONTH_NAME": "March",
  "EVENT_TYPE": "Marine High Wind",
  "CZ_TYPE": "Z",
  "CZ_FIPS": 740,
  "CZ_NAME": "WINTHROP HARBOR TO WILMETTE HARBOR IL",
  "WFO": "LOT",
  "BEGIN_DATE_TIME": "16-MAR-16 13:00:00",
  "CZ_TIMEZONE": "CST-6",
  "END_DATE_TIME": "16-MAR-16 17:00:00",
  "INJURIES_DIRECT": 0,
  "INJURIES_INDIRECT": 0,
  "DEATHS_DIRECT": 0,
  "DEATHS_INDIRECT": 0,
  "DAMAGE_PROPERTY": "0.00K",
  "DAMAGE_CROPS": "0.00K",
  "SOURCE": "C-MAN Station",
  "MAGNITUDE": 50,
  "MAGNITUDE_TYPE": "MG",
  "FLOOD_CAUSE": "",
  "CATEGORY": "",
  "TOR_F_SCALE": "",
  "TOR_LENGTH": "",
  "TOR_WIDTH": "",
  "TOR_OTHER_WFO": "",
  "TOR_OTHER_CZ_STATE": "",
  "TOR_OTHER_CZ_FIPS": "",
  "TOR_OTHER_CZ_NAME": "",
  "BEGIN_RANGE": 1,
  "BEGIN_AZIMUTH": "N",
  "BEGIN_LOCATION": "WAUKEGAN HARBOR",
  "END_RANGE": 1,
  "END_AZIMUTH": "N",
  "END_LOCATION": "WAUKEGAN HARBOR",
  "BEGIN_LAT": 42.36,
  "BEGIN_LON": -87.81,
  "END_LAT": 42.36,
  "END_LON": -87.81,
  "text": "A strong area of low pressure moved across the Western Great Lakes on March 16th producing wind gusts between 50 and 60 mph over portions of southern Lake Michigan.  A gust to 58 mph was measured at Waukegan Harbor.",
  "EVENT_NARRATIVE": "",
  "DATA_SOURCE": "CSV"
}
