{
  "BEGIN_YEARMONTH": 201706,
  "BEGIN_DAY": 8,
  "BEGIN_TIME": 1330,
  "END_YEARMONTH": 201706,
  "END_DAY": 8,
  "END_TIME": 1330,
  "EPISODE_ID": 115330,
  "EVENT_ID": 692453,
  "STATE": "ATLANTIC SOUTH",
  "STATE_FIPS": 87,
  "YEAR": 2017,
  "MONTH_NAME": "June",
  "EVENT_TYPE": "Marine Thunderstorm Wind",
  "CZ_TYPE": "Z",
  "CZ_FIPS": 552,
  "CZ_NAME": "VOLUSIA-BREVARD COUNTY LINE TO SEBASTIAN INLET 0-20NM",
  "WFO": "MLB",
  "BEGIN_DATE_TIME": "08-JUN-17 13:30:00",
  "CZ_TIMEZONE": "EST-5",
  "END_DATE_TIME": "08-JUN-17 13:30:00",
  "INJURIES_DIRECT": 0,
  "INJURIES_INDIRECT": 0,
  "DEATHS_DIRECT": 0,
  "DEATHS_INDIRECT": 0,
  "DAMAGE_PROPERTY": "0.00K",
  "DAMAGE_CROPS": "0.00K",
  "SOURCE": "ASOS",
  "MAGNITUDE": 39,
  "MAGNITUDE_TYPE": "MG",
  "FLOOD_CAUSE": "",
  "CATEGORY": "",
  "TOR_F_SCALE": "",
  "TOR_LENGTH": "",
  "TOR_WIDTH": "",
  "TOR_OTHER_WFO": "",
  "TOR_OTHER_CZ_STATE": "",
  "TOR_OTHER_CZ_FIPS": "",
  "TOR_OTHER_CZ_NAME": "",
  "BEGIN_RANGE": 2,
  "BEGIN_AZIMUTH": "NNW",
  "BEGIN_LOCATION": "MELBOURNE",
  "END_RANGE": 2,
  "END_AZIMUTH": "NNW",
  "END_LOCATION": "MELBOURNE",
  "BEGIN_LAT": 28.101,
  "BEGIN_LON": -80.612,
  "END_LAT": 28.101,
  "END_LON": -80.612,
  "text": "Scattered thunderstorms with gusty winds over 34 knots moved off the peninsula and crossed the intracoastal and near-shore Atlantic waters.",
  "EVENT_NARRATIVE": "The ASOS at Melbourne International Airport (KMLB) measured a peak wind of 39 knots from the southwest as a strong thunderstorm exited the mainland and continued to the Indian River.",
  "DATA_SOURCE": "CSV"
}
