{
  "BEGIN_YEARMONTH": 201706,
  "BEGIN_DAY": 4,
  "BEGIN_TIME": 1105,
  "END_YEARMONTH": 201706,
  "END_DAY": 4,
  "END_TIME": 1112,
  "EPISODE_ID": 115176,
  "EVENT_ID": 691472,
  "STATE": "GULF OF MEXICO",
  "STATE_FIPS": 85,
  "YEAR": 2017,
  "MONTH_NAME": "June",
  "EVENT_TYPE": "Waterspout",
  "CZ_TYPE": "Z",
  "CZ_FIPS": 830,
  "CZ_NAME": "TAMPA BAY",
  "WFO": "TBW",
  "BEGIN_DATE_TIME": "04-JUN-17 11:05:00",
  "CZ_TIMEZONE": "EST-5",
  "END_DATE_TIME": "04-JUN-17 11:12:00",
  "INJURIES_DIRECT": 0,
  "INJURIES_INDIRECT": 0,
  "DEATHS_DIRECT": 0,
  "DEATHS_INDIRECT": 0,
  "DAMAGE_PROPERTY": "0.00K",
  "DAMAGE_CROPS": "0.00K",
  "SOURCE": "Airplane Pilot",
  "MAGNITUDE": "",
  "MAGNITUDE_TYPE": "",
  "FLOOD_CAUSE": "",
  "CATEGORY": "",
  "TOR_F_SCALE": "",
  "TOR_LENGTH": "",
  "TOR_WIDTH": "",
  "TOR_OTHER_WFO": "",
  "TOR_OTHER_CZ_STATE": "",
  "TOR_OTHER_CZ_FIPS": "",
  "TOR_OTHER_CZ_NAME": "",
  "BEGIN_RANGE": 6,
  "BEGIN_AZIMUTH": "NNW",
  "BEGIN_LOCATION": "OLD TAMPA BAY",
  "END_RANGE": 8,
  "END_AZIMUTH": "NNW",
  "END_LOCATION": "OLD TAMPA BAY",
  "BEGIN_LAT": 27.932,
  "BEGIN_LON": -82.617,
  "END_LAT": 27.9549,
  "END_LON": -82.6388,
  "text": "Scattered showers developed across the Florida Peninsula and eastern Gulf of Mexico under deep southeast flow. Multiple waterspouts were reported near the coast with these showers.",
  "EVENT_NARRATIVE": "A pilot report was initially received stating there was a waterspout over Old Tampa Bay. Later, numerous reports and pictures were posted on social media of the waterspout being spotted from both the Howard Frankland Bridge and the Courtney Campbell Causeway, as well as from St. Pete-Clearwater International Airport.",
  "DATA_SOURCE": "CSV"
}
