{
  "BEGIN_YEARMONTH": 201706,
  "BEGIN_DAY": 7,
  "BEGIN_TIME": 1117,
  "END_YEARMONTH": 201706,
  "END_DAY": 7,
  "END_TIME": 1117,
  "EPISODE_ID": 115811,
  "EVENT_ID": 696176,
  "STATE": "GULF OF MEXICO",
  "STATE_FIPS": 85,
  "YEAR": 2017,
  "MONTH_NAME": "June",
  "EVENT_TYPE": "Marine Thunderstorm Wind",
  "CZ_TYPE": "Z",
  "CZ_FIPS": 856,
  "CZ_NAME": "COASTAL WATERS FROM BONITA BEACH TO ENGLEWOOD FL OUT 20 NM",
  "WFO": "TBW",
  "BEGIN_DATE_TIME": "07-JUN-17 11:17:00",
  "CZ_TIMEZONE": "EST-5",
  "END_DATE_TIME": "07-JUN-17 11:17:00",
  "INJURIES_DIRECT": 0,
  "INJURIES_INDIRECT": 0,
  "DEATHS_DIRECT": 0,
  "DEATHS_INDIRECT": 0,
  "DAMAGE_PROPERTY": "0.00K",
  "DAMAGE_CROPS": "0.00K",
  "SOURCE": "Mesonet",
  "MAGNITUDE": 47,
  "MAGNITUDE_TYPE": "EG",
  "FLOOD_CAUSE": "",
  "CATEGORY": "",
  "TOR_F_SCALE": "",
  "TOR_LENGTH": "",
  "TOR_WIDTH": "",
  "TOR_OTHER_WFO": "",
  "TOR_OTHER_CZ_STATE": "",
  "TOR_OTHER_CZ_FIPS": "",
  "TOR_OTHER_CZ_NAME": "",
  "BEGIN_RANGE": 5,
  "BEGIN_AZIMUTH": "NNW",
  "BEGIN_LOCATION": "PLACIDA",
  "END_RANGE": 5,
  "END_AZIMUTH": "NNW",
  "END_LOCATION": "PLACIDA",
  "BEGIN_LAT": 26.9,
  "BEGIN_LON": -82.31,
  "END_LAT": 26.9,
  "END_LON": -82.31,
  "text": "A prefrontal trough moved southeast through the Florida Peninsula, producing a band of thunderstorms. Some of these thunderstorms produced gusty winds along the coast.",
  "EVENT_NARRATIVE": "A WeatherFlow station at Grove City recorded a 47 knot marine thunderstorm wind gust.",
  "DATA_SOURCE": "CSV"
}
