{
  "BEGIN_YEARMONTH": 201706,
  "BEGIN_DAY": 7,
  "BEGIN_TIME": 1221,
  "END_YEARMONTH": 201706,
  "END_DAY": 7,
  "END_TIME": 1221,
  "EPISODE_ID": 115811,
  "EVENT_ID": 696179,
  "STATE": "GULF OF MEXICO",
  "STATE_FIPS": 85,
  "YEAR": 2017,
  "MONTH_NAME": "June",
  "EVENT_TYPE": "Marine Thunderstorm Wind",
  "CZ_TYPE": "Z",
  "CZ_FIPS": 836,
  "CZ_NAME": "CHARLOTTE HARBOR AND PINE ISLAND SOUND",
  "WFO": "TBW",
  "BEGIN_DATE_TIME": "07-JUN-17 12:21:00",
  "CZ_TIMEZONE": "EST-5",
  "END_DATE_TIME": "07-JUN-17 12:21:00",
  "INJURIES_DIRECT": 0,
  "INJURIES_INDIRECT": 0,
  "DEATHS_DIRECT": 0,
  "DEATHS_INDIRECT": 0,
  "DAMAGE_PROPERTY": "0.00K",
  "DAMAGE_CROPS": "0.00K",
  "SOURCE": "Mesonet",
  "MAGNITUDE": 39,
  "MAGNITUDE_TYPE": "EG",
  "FLOOD_CAUSE": "",
  "CATEGORY": "",
  "TOR_F_SCALE": "",
  "TOR_LENGTH": "",
  "TOR_WIDTH": "",
  "TOR_OTHER_WFO": "",
  "TOR_OTHER_CZ_STATE": "",
  "TOR_OTHER_CZ_FIPS": "",
  "TOR_OTHER_CZ_NAME": "",
  "BEGIN_RANGE": 3,
  "BEGIN_AZIMUTH": "SE",
  "BEGIN_LOCATION": "SAINT JAMES CITY",
  "END_RANGE": 3,
  "END_AZIMUTH": "SE",
  "END_LOCATION": "SAINT JAMES CITY",
  "BEGIN_LAT": 26.47,
  "BEGIN_LON": -82.05,
  "END_LAT": 26.47,
  "END_LON": -82.05,
  "text": "A prefrontal trough moved southeast through the Florida Peninsula, producing a band of thunderstorms. Some of these thunderstorms produced gusty winds along the coast.",
  "EVENT_NARRATIVE": "The WeatherFlow station near Sanibel recorded a 39 knot marine thunderstorm wind gust.",
  "DATA_SOURCE": "CSV"
}
