{
  "BEGIN_YEARMONTH": 201706,
  "BEGIN_DAY": 23,
  "BEGIN_TIME": 1149,
  "END_YEARMONTH": 201706,
  "END_DAY": 23,
  "END_TIME": 1149,
  "EPISODE_ID": 115691,
  "EVENT_ID": 698766,
  "STATE": "MISSOURI",
  "STATE_FIPS": 29,
  "YEAR": 2017,
  "MONTH_NAME": "June",
  "EVENT_TYPE": "Heavy Rain",
  "CZ_TYPE": "C",
  "CZ_FIPS": 77,
  "CZ_NAME": "GREENE",
  "WFO": "SGF",
  "BEGIN_DATE_TIME": "23-JUN-17 11:49:00",
  "CZ_TIMEZONE": "CST-6",
  "END_DATE_TIME": "23-JUN-17 11:49:00",
  "INJURIES_DIRECT": 0,
  "INJURIES_INDIRECT": 0,
  "DEATHS_DIRECT": 0,
  "DEATHS_INDIRECT": 0,
  "DAMAGE_PROPERTY": "0.00K",
  "DAMAGE_CROPS": "0.00K",
  "SOURCE": "COOP Observer",
  "MAGNITUDE": "",
  "MAGNITUDE_TYPE": "",
  "FLOOD_CAUSE": "",
  "CATEGORY": "",
  "TOR_F_SCALE": "",
  "TOR_LENGTH": "",
  "TOR_WIDTH": "",
  "TOR_OTHER_WFO": "",
  "TOR_OTHER_CZ_STATE": "",
  "TOR_OTHER_CZ_FIPS": "",
  "TOR_OTHER_CZ_NAME": "",
  "BEGIN_RANGE": 0,
  "BEGIN_AZIMUTH": "N",
  "BEGIN_LOCATION": "ASH GROVE",
  "END_RANGE": 0,
  "END_AZIMUTH": "N",
  "END_LOCATION": "ASH GROVE",
  "BEGIN_LAT": 37.32,
  "BEGIN_LON": -93.58,
  "END_LAT": 37.32,
  "END_LON": -93.58,
  "text": "A cold front interacting with moisture from a tropical system and caused severe storms with reports of wind damage around the Missouri Ozarks.",
  "EVENT_NARRATIVE": "A rainfall amount of 1.12 inches was measured in 35 minutes.",
  "DATA_SOURCE": "CSV"
}
