{
  "BEGIN_YEARMONTH": 201704,
  "BEGIN_DAY": 5,
  "BEGIN_TIME": 1749,
  "END_YEARMONTH": 201704,
  "END_DAY": 5,
  "END_TIME": 1753,
  "EPISODE_ID": 113448,
  "EVENT_ID": 679268,
  "STATE": "OHIO",
  "STATE_FIPS": 39,
  "YEAR": 2017,
  "MONTH_NAME": "April",
  "EVENT_TYPE": "Thunderstorm Wind",
  "CZ_TYPE": "C",
  "CZ_FIPS": 57,
  "CZ_NAME": "GREENE",
  "WFO": "ILN",
  "BEGIN_DATE_TIME": "05-APR-17 17:49:00",
  "CZ_TIMEZONE": "EST-5",
  "END_DATE_TIME": "05-APR-17 17:53:00",
  "INJURIES_DIRECT": 0,
  "INJURIES_INDIRECT": 0,
  "DEATHS_DIRECT": 0,
  "DEATHS_INDIRECT": 0,
  "DAMAGE_PROPERTY": "1.00K",
  "DAMAGE_CROPS": "0.00K",
  "SOURCE": "Amateur Radio",
  "MAGNITUDE": 50,
  "MAGNITUDE_TYPE": "EG",
  "FLOOD_CAUSE": "",
  "CATEGORY": "",
  "TOR_F_SCALE": "",
  "TOR_LENGTH": "",
  "TOR_WIDTH": "",
  "TOR_OTHER_WFO": "",
  "TOR_OTHER_CZ_STATE": "",
  "TOR_OTHER_CZ_FIPS": "",
  "TOR_OTHER_CZ_NAME": "",
  "BEGIN_RANGE": 3,
  "BEGIN_AZIMUTH": "NE",
  "BEGIN_LOCATION": "FAIRBORN",
  "END_RANGE": 3,
  "END_AZIMUTH": "NE",
  "END_LOCATION": "FAIRBORN",
  "BEGIN_LAT": 39.85,
  "BEGIN_LON": -83.99,
  "END_LAT": 39.85,
  "END_LON": -83.99,
  "text": "Showers and thunderstorms developed ahead of a strengthening surface low which moved from the Middle Mississippi Valley into Northwest Ohio.",
  "EVENT_NARRATIVE": "An entire tree was uprooted in a yard on Dayton-Springfield Rd.",
  "DATA_SOURCE": "CSV"
}
