{
  "BEGIN_YEARMONTH": 201706,
  "BEGIN_DAY": 7,
  "BEGIN_TIME": 922,
  "END_YEARMONTH": 201706,
  "END_DAY": 7,
  "END_TIME": 922,
  "EPISODE_ID": 115811,
  "EVENT_ID": 696023,
  "STATE": "GULF OF MEXICO",
  "STATE_FIPS": 85,
  "YEAR": 2017,
  "MONTH_NAME": "June",
  "EVENT_TYPE": "Marine Thunderstorm Wind",
  "CZ_TYPE": "Z",
  "CZ_FIPS": 853,
  "CZ_NAME": "ENGLEWOOD TO TARPON SPRINGS FL OUT 20NM",
  "WFO": "TBW",
  "BEGIN_DATE_TIME": "07-JUN-17 09:22:00",
  "CZ_TIMEZONE": "EST-5",
  "END_DATE_TIME": "07-JUN-17 09:22:00",
  "INJURIES_DIRECT": 0,
  "INJURIES_INDIRECT": 0,
  "DEATHS_DIRECT": 0,
  "DEATHS_INDIRECT": 0,
  "DAMAGE_PROPERTY": "0.00K",
  "DAMAGE_CROPS": "0.00K",
  "SOURCE": "Mesonet",
  "MAGNITUDE": 44,
  "MAGNITUDE_TYPE": "EG",
  "FLOOD_CAUSE": "",
  "CATEGORY": "",
  "TOR_F_SCALE": "",
  "TOR_LENGTH": "",
  "TOR_WIDTH": "",
  "TOR_OTHER_WFO": "",
  "TOR_OTHER_CZ_STATE": "",
  "TOR_OTHER_CZ_FIPS": "",
  "TOR_OTHER_CZ_NAME": "",
  "BEGIN_RANGE": 2,
  "BEGIN_AZIMUTH": "WNW",
  "BEGIN_LOCATION": "SARASOTA BEACH",
  "END_RANGE": 2,
  "END_AZIMUTH": "WNW",
  "END_LOCATION": "SARASOTA BEACH",
  "BEGIN_LAT": 27.34,
  "BEGIN_LON": -82.56,
  "END_LAT": 27.34,
  "END_LON": -82.56,
  "text": "A prefrontal trough moved southeast through the Florida Peninsula, producing a band of thunderstorms. Some of these thunderstorms produced gusty winds along the coast.",
  "EVENT_NARRATIVE": "The WeatherFlow station in Sarasota Bay recorded a 44 knot marine thunderstorm wind gust.",
  "DATA_SOURCE": "CSV"
}
