{
  "BEGIN_YEARMONTH": 201702,
  "BEGIN_DAY": 24,
  "BEGIN_TIME": 1700,
  "END_YEARMONTH": 201702,
  "END_DAY": 25,
  "END_TIME": 600,
  "EPISODE_ID": 113797,
  "EVENT_ID": 681331,
  "STATE": "WISCONSIN",
  "STATE_FIPS": 55,
  "YEAR": 2017,
  "MONTH_NAME": "February",
  "EVENT_TYPE": "Winter Weather",
  "CZ_TYPE": "Z",
  "CZ_FIPS": 65,
  "CZ_NAME": "WAUKESHA",
  "WFO": "MKX",
  "BEGIN_DATE_TIME": "24-FEB-17 17:00:00",
  "CZ_TIMEZONE": "CST-6",
  "END_DATE_TIME": "25-FEB-17 06:00:00",
  "INJURIES_DIRECT": 0,
  "INJURIES_INDIRECT": 0,
  "DEATHS_DIRECT": 0,
  "DEATHS_INDIRECT": 0,
  "DAMAGE_PROPERTY": "0.00K",
  "DAMAGE_CROPS": "0.00K",
  "SOURCE": "COOP Observer",
  "MAGNITUDE": "",
  "MAGNITUDE_TYPE": "",
  "FLOOD_CAUSE": "",
  "CATEGORY": "",
  "TOR_F_SCALE": "",
  "TOR_LENGTH": "",
  "TOR_WIDTH": "",
  "TOR_OTHER_WFO": "",
  "TOR_OTHER_CZ_STATE": "",
  "TOR_OTHER_CZ_FIPS": "",
  "TOR_OTHER_CZ_NAME": "",
  "BEGIN_RANGE": "",
  "BEGIN_AZIMUTH": "",
  "BEGIN_LOCATION": "",
  "END_RANGE": "",
  "END_AZIMUTH": "",
  "END_LOCATION": "",
  "BEGIN_LAT": "",
  "BEGIN_LON": "",
  "END_LAT": "",
  "END_LON": "",
  "text": "A well organized area of low pressure brought mixed precipitation to southern WI beginning in the early morning hours on February 24th and lasting until the morning of February 25th. Ice and snow accumulation made for slick roads and sidewalks. Modest ice accumulation north of Milwaukee resulted in downed tree limbs. There were about 30 school closures on February 24th north of Madison and Milwaukee due to the ice. Thunderstorms with small hail were also reported over southeast and east central WI.",
  "EVENT_NARRATIVE": "Periods of light snow, sleet, and freezing rain. Minor ice accumulation and an inch or less of snow accumulation.",
  "DATA_SOURCE": "CSV"
}
