{
  "BEGIN_YEARMONTH": 201706,
  "BEGIN_DAY": 23,
  "BEGIN_TIME": 1130,
  "END_YEARMONTH": 201706,
  "END_DAY": 23,
  "END_TIME": 1130,
  "EPISODE_ID": 115691,
  "EVENT_ID": 698752,
  "STATE": "MISSOURI",
  "STATE_FIPS": 29,
  "YEAR": 2017,
  "MONTH_NAME": "June",
  "EVENT_TYPE": "Thunderstorm Wind",
  "CZ_TYPE": "C",
  "CZ_FIPS": 77,
  "CZ_NAME": "GREENE",
  "WFO": "SGF",
  "BEGIN_DATE_TIME": "23-JUN-17 11:30:00",
  "CZ_TIMEZONE": "CST-6",
  "END_DATE_TIME": "23-JUN-17 11:30:00",
  "INJURIES_DIRECT": 0,
  "INJURIES_INDIRECT": 0,
  "DEATHS_DIRECT": 0,
  "DEATHS_INDIRECT": 0,
  "DAMAGE_PROPERTY": "1.00K",
  "DAMAGE_CROPS": "0.00K",
  "SOURCE": "Public",
  "MAGNITUDE": 52,
  "MAGNITUDE_TYPE": "EG",
  "FLOOD_CAUSE": "",
  "CATEGORY": "",
  "TOR_F_SCALE": "",
  "TOR_LENGTH": "",
  "TOR_WIDTH": "",
  "TOR_OTHER_WFO": "",
  "TOR_OTHER_CZ_STATE": "",
  "TOR_OTHER_CZ_FIPS": "",
  "TOR_OTHER_CZ_NAME": "",
  "BEGIN_RANGE": 3,
  "BEGIN_AZIMUTH": "SSE",
  "BEGIN_LOCATION": "SPRINGFIELD",
  "END_RANGE": 3,
  "END_AZIMUTH": "SSE",
  "END_LOCATION": "SPRINGFIELD",
  "BEGIN_LAT": 37.16,
  "BEGIN_LON": -93.29,
  "END_LAT": 37.16,
  "END_LON": -93.29,
  "text": "A cold front interacting with moisture from a tropical system and caused severe storms with reports of wind damage around the Missouri Ozarks.",
  "EVENT_NARRATIVE": "A large tree was reported blown down on power lines near the intersection of Battlefield Road and Jefferson Avenue.",
  "DATA_SOURCE": "CSV"
}
