{
  "BEGIN_YEARMONTH": 201704,
  "BEGIN_DAY": 29,
  "BEGIN_TIME": 915,
  "END_YEARMONTH": 201704,
  "END_DAY": 29,
  "END_TIME": 1115,
  "EPISODE_ID": 114718,
  "EVENT_ID": 688082,
  "STATE": "INDIANA",
  "STATE_FIPS": 18,
  "YEAR": 2017,
  "MONTH_NAME": "April",
  "EVENT_TYPE": "Flash Flood",
  "CZ_TYPE": "C",
  "CZ_FIPS": 155,
  "CZ_NAME": "SWITZERLAND",
  "WFO": "ILN",
  "BEGIN_DATE_TIME": "29-APR-17 09:15:00",
  "CZ_TIMEZONE": "EST-5",
  "END_DATE_TIME": "29-APR-17 11:15:00",
  "INJURIES_DIRECT": 0,
  "INJURIES_INDIRECT": 0,
  "DEATHS_DIRECT": 0,
  "DEATHS_INDIRECT": 0,
  "DAMAGE_PROPERTY": "10.00K",
  "DAMAGE_CROPS": "0.00K",
  "SOURCE": "Law Enforcement",
  "MAGNITUDE": "",
  "MAGNITUDE_TYPE": "",
  "FLOOD_CAUSE": "Heavy Rain",
  "CATEGORY": "",
  "TOR_F_SCALE": "",
  "TOR_LENGTH": "",
  "TOR_WIDTH": "",
  "TOR_OTHER_WFO": "",
  "TOR_OTHER_CZ_STATE": "",
  "TOR_OTHER_CZ_FIPS": "",
  "TOR_OTHER_CZ_NAME": "",
  "BEGIN_RANGE": 0,
  "BEGIN_AZIMUTH": "N",
  "BEGIN_LOCATION": "VEVAY",
  "END_RANGE": 0,
  "END_AZIMUTH": "SW",
  "END_LOCATION": "VEVAY",
  "BEGIN_LAT": 38.75,
  "BEGIN_LON": -85.07,
  "END_LAT": 38.7465,
  "END_LON": -85.0766,
  "text": "Thunderstorms trained along a warm front that was lifting through the area.",
  "EVENT_NARRATIVE": "A road was closed and water was reported in the lower levels of homes in Vevay.",
  "DATA_SOURCE": "CSV"
}
