{
  "BEGIN_YEARMONTH": 201704,
  "BEGIN_DAY": 16,
  "BEGIN_TIME": 1759,
  "END_YEARMONTH": 201704,
  "END_DAY": 16,
  "END_TIME": 1900,
  "EPISODE_ID": 113697,
  "EVENT_ID": 682042,
  "STATE": "OHIO",
  "STATE_FIPS": 39,
  "YEAR": 2017,
  "MONTH_NAME": "April",
  "EVENT_TYPE": "Flood",
  "CZ_TYPE": "C",
  "CZ_FIPS": 25,
  "CZ_NAME": "CLERMONT",
  "WFO": "ILN",
  "BEGIN_DATE_TIME": "16-APR-17 17:59:00",
  "CZ_TIMEZONE": "EST-5",
  "END_DATE_TIME": "16-APR-17 19:00:00",
  "INJURIES_DIRECT": 0,
  "INJURIES_INDIRECT": 0,
  "DEATHS_DIRECT": 0,
  "DEATHS_INDIRECT": 0,
  "DAMAGE_PROPERTY": "5.00K",
  "DAMAGE_CROPS": "0.00K",
  "SOURCE": "Public",
  "MAGNITUDE": "",
  "MAGNITUDE_TYPE": "",
  "FLOOD_CAUSE": "Heavy Rain",
  "CATEGORY": "",
  "TOR_F_SCALE": "",
  "TOR_LENGTH": "",
  "TOR_WIDTH": "",
  "TOR_OTHER_WFO": "",
  "TOR_OTHER_CZ_STATE": "",
  "TOR_OTHER_CZ_FIPS": "",
  "TOR_OTHER_CZ_NAME": "",
  "BEGIN_RANGE": 1,
  "BEGIN_AZIMUTH": "NW",
  "BEGIN_LOCATION": "SUMMERSIDE",
  "END_RANGE": 1,
  "END_AZIMUTH": "NW",
  "END_LOCATION": "SUMMERSIDE",
  "BEGIN_LAT": 39.1065,
  "BEGIN_LON": -84.2875,
  "END_LAT": 39.1061,
  "END_LON": -84.2874,
  "text": "Thunderstorms with very heavy rain developed ahead of a cold front.",
  "EVENT_NARRATIVE": "Garage of a home was flooded by high water.",
  "DATA_SOURCE": "CSV"
}
