{
  "BEGIN_YEARMONTH": 201706,
  "BEGIN_DAY": 7,
  "BEGIN_TIME": 1615,
  "END_YEARMONTH": 201706,
  "END_DAY": 7,
  "END_TIME": 1715,
  "EPISODE_ID": 116635,
  "EVENT_ID": 701351,
  "STATE": "FLORIDA",
  "STATE_FIPS": 12,
  "YEAR": 2017,
  "MONTH_NAME": "June",
  "EVENT_TYPE": "Flash Flood",
  "CZ_TYPE": "C",
  "CZ_FIPS": 73,
  "CZ_NAME": "LEON",
  "WFO": "TAE",
  "BEGIN_DATE_TIME": "07-JUN-17 16:15:00",
  "CZ_TIMEZONE": "EST-5",
  "END_DATE_TIME": "07-JUN-17 17:15:00",
  "INJURIES_DIRECT": 0,
  "INJURIES_INDIRECT": 0,
  "DEATHS_DIRECT": 0,
  "DEATHS_INDIRECT": 0,
  "DAMAGE_PROPERTY": "0.00K",
  "DAMAGE_CROPS": "0.00K",
  "SOURCE": "Emergency Manager",
  "MAGNITUDE": "",
  "MAGNITUDE_TYPE": "",
  "FLOOD_CAUSE": "Heavy Rain",
  "CATEGORY": "",
  "TOR_F_SCALE": "",
  "TOR_LENGTH": "",
  "TOR_WIDTH": "",
  "TOR_OTHER_WFO": "",
  "TOR_OTHER_CZ_STATE": "",
  "TOR_OTHER_CZ_FIPS": "",
  "TOR_OTHER_CZ_NAME": "",
  "BEGIN_RANGE": 1,
  "BEGIN_AZIMUTH": "NNW",
  "BEGIN_LOCATION": "MACON COMMUNITY PARK",
  "END_RANGE": 1,
  "END_AZIMUTH": "NW",
  "END_LOCATION": "MACON COMMUNITY PARK",
  "BEGIN_LAT": 30.5007,
  "BEGIN_LON": -84.2754,
  "END_LAT": 30.5016,
  "END_LON": -84.2801,
  "text": "Periods of heavy rainfall occurred across portions of the Florida big bend, resulting in some flash flooding around Tallahassee.",
  "EVENT_NARRATIVE": "A road closure due to flash flooding occurred at the 3400 block of North Meridian Road at John Hancock Drive.",
  "DATA_SOURCE": "CSV"
}
