{
  "BEGIN_YEARMONTH": 201704,
  "BEGIN_DAY": 26,
  "BEGIN_TIME": 757,
  "END_YEARMONTH": 201704,
  "END_DAY": 26,
  "END_TIME": 757,
  "EPISODE_ID": 115066,
  "EVENT_ID": 690966,
  "STATE": "ARKANSAS",
  "STATE_FIPS": 5,
  "YEAR": 2017,
  "MONTH_NAME": "April",
  "EVENT_TYPE": "Hail",
  "CZ_TYPE": "C",
  "CZ_FIPS": 47,
  "CZ_NAME": "FRANKLIN",
  "WFO": "TSA",
  "BEGIN_DATE_TIME": "26-APR-17 07:57:00",
  "CZ_TIMEZONE": "CST-6",
  "END_DATE_TIME": "26-APR-17 07:57:00",
  "INJURIES_DIRECT": 0,
  "INJURIES_INDIRECT": 0,
  "DEATHS_DIRECT": 0,
  "DEATHS_INDIRECT": 0,
  "DAMAGE_PROPERTY": "0.00K",
  "DAMAGE_CROPS": "0.00K",
  "SOURCE": "Amateur Radio",
  "MAGNITUDE": 1,
  "MAGNITUDE_TYPE": "",
  "FLOOD_CAUSE": "",
  "CATEGORY": "",
  "TOR_F_SCALE": "",
  "TOR_LENGTH": "",
  "TOR_WIDTH": "",
  "TOR_OTHER_WFO": "",
  "TOR_OTHER_CZ_STATE": "",
  "TOR_OTHER_CZ_FIPS": "",
  "TOR_OTHER_CZ_NAME": "",
  "BEGIN_RANGE": 1,
  "BEGIN_AZIMUTH": "WSW",
  "BEGIN_LOCATION": "CHARLESTON",
  "END_RANGE": 1,
  "END_AZIMUTH": "WSW",
  "END_LOCATION": "CHARLESTON",
  "BEGIN_LAT": 35.2971,
  "BEGIN_LON": -94.0383,
  "END_LAT": 35.2971,
  "END_LON": -94.0383,
  "text": "Severe thunderstorms developed along and ahead of a cold front that moved into eastern Oklahoma during the evening of the 25th. The storms moved eastward across northwestern Arkansas during the early morning hours of the 26th, resulting in one tornado, hail up to quarter size, and damaging wind. Locally heavy rainfall of three to four inches resulted in flash flooding.",
  "EVENT_NARRATIVE": "",
  "DATA_SOURCE": "CSV"
}
