{
  "BEGIN_YEARMONTH": 201704,
  "BEGIN_DAY": 6,
  "BEGIN_TIME": 930,
  "END_YEARMONTH": 201704,
  "END_DAY": 6,
  "END_TIME": 940,
  "EPISODE_ID": 113459,
  "EVENT_ID": 679228,
  "STATE": "FLORIDA",
  "STATE_FIPS": 12,
  "YEAR": 2017,
  "MONTH_NAME": "April",
  "EVENT_TYPE": "Tornado",
  "CZ_TYPE": "C",
  "CZ_FIPS": 71,
  "CZ_NAME": "LEE",
  "WFO": "TBW",
  "BEGIN_DATE_TIME": "06-APR-17 09:30:00",
  "CZ_TIMEZONE": "EST-5",
  "END_DATE_TIME": "06-APR-17 09:40:00",
  "INJURIES_DIRECT": 1,
  "INJURIES_INDIRECT": 0,
  "DEATHS_DIRECT": 0,
  "DEATHS_INDIRECT": 0,
  "DAMAGE_PROPERTY": "110.00K",
  "DAMAGE_CROPS": "0.00K",
  "SOURCE": "Emergency Manager",
  "MAGNITUDE": "",
  "MAGNITUDE_TYPE": "",
  "FLOOD_CAUSE": "",
  "CATEGORY": "",
  "TOR_F_SCALE": "EF0",
  "TOR_LENGTH": 7.43,
  "TOR_WIDTH": 20,
  "TOR_OTHER_WFO": "",
  "TOR_OTHER_CZ_STATE": "",
  "TOR_OTHER_CZ_FIPS": "",
  "TOR_OTHER_CZ_NAME": "",
  "BEGIN_RANGE": 1,
  "BEGIN_AZIMUTH": "S",
  "BEGIN_LOCATION": "PUNTA RASSA",
  "END_RANGE": 1,
  "END_AZIMUTH": "SW",
  "END_LOCATION": "FORT MYERS VILLAS",
  "BEGIN_LAT": 26.501,
  "BEGIN_LON": -81.998,
  "END_LAT": 26.5339,
  "END_LON": -81.8836,
  "text": "A line of thunderstorms developed along a prefrontal trough and moved south through the Florida Peninsula on the morning of the 6th. Some of the stronger storms produced and EF-0 tornado and one inch hail.",
  "EVENT_NARRATIVE": "Emergency management reported and broadcast media received video of a tornado that crossed the southern point of Pine Island. The tornado then became a waterspout as it moved east and into Fort Myers towards Lakes Regional Park. In Fort Myers, the tornado destroyed one mobile home, damaged trees, fences, and car ports, and lifted a metal dock out of the water at Lakes Regional Park. One person sustained minor injuries.",
  "DATA_SOURCE": "CSV"
}
