{
  "BEGIN_YEARMONTH": 201710,
  "BEGIN_DAY": 24,
  "BEGIN_TIME": 224,
  "END_YEARMONTH": 201710,
  "END_DAY": 24,
  "END_TIME": 224,
  "EPISODE_ID": 120474,
  "EVENT_ID": 721817,
  "STATE": "ATLANTIC NORTH",
  "STATE_FIPS": 88,
  "YEAR": 2017,
  "MONTH_NAME": "October",
  "EVENT_TYPE": "Marine Strong Wind",
  "CZ_TYPE": "Z",
  "CZ_FIPS": 431,
  "CZ_NAME": "DE BAY WATERS S OF E PT NJ TO SLAUGHTER BEACH DE",
  "WFO": "PHI",
  "BEGIN_DATE_TIME": "24-OCT-17 02:24:00",
  "CZ_TIMEZONE": "EST-5",
  "END_DATE_TIME": "24-OCT-17 02:24:00",
  "INJURIES_DIRECT": 0,
  "INJURIES_INDIRECT": 0,
  "DEATHS_DIRECT": 0,
  "DEATHS_INDIRECT": 0,
  "DAMAGE_PROPERTY": "0.01K",
  "DAMAGE_CROPS": "0.01K",
  "SOURCE": "Buoy",
  "MAGNITUDE": 43,
  "MAGNITUDE_TYPE": "MG",
  "FLOOD_CAUSE": "",
  "CATEGORY": "",
  "TOR_F_SCALE": "",
  "TOR_LENGTH": "",
  "TOR_WIDTH": "",
  "TOR_OTHER_WFO": "",
  "TOR_OTHER_CZ_STATE": "",
  "TOR_OTHER_CZ_FIPS": "",
  "TOR_OTHER_CZ_NAME": "",
  "BEGIN_RANGE": 12,
  "BEGIN_AZIMUTH": "SW",
  "BEGIN_LOCATION": "EAST POINT NJ",
  "END_RANGE": 12,
  "END_AZIMUTH": "SW",
  "END_LOCATION": "EAST POINT NJ",
  "BEGIN_LAT": 39.0557,
  "BEGIN_LON": -75.1575,
  "END_LAT": 39.0557,
  "END_LON": -75.1575,
  "text": "A strong low pressure system over the Great Lakes and a departing high pressure system to our east lead to a tight pressure gradient and a round of strong winds.",
  "EVENT_NARRATIVE": "Measured gust at Brandywine Shoal Nos platform.",
  "DATA_SOURCE": "CSV"
}
