{
  "BEGIN_YEARMONTH": 201710,
  "BEGIN_DAY": 22,
  "BEGIN_TIME": 1015,
  "END_YEARMONTH": 201710,
  "END_DAY": 22,
  "END_TIME": 1015,
  "EPISODE_ID": 121068,
  "EVENT_ID": 724772,
  "STATE": "GULF OF MEXICO",
  "STATE_FIPS": 85,
  "YEAR": 2017,
  "MONTH_NAME": "October",
  "EVENT_TYPE": "Marine Thunderstorm Wind",
  "CZ_TYPE": "Z",
  "CZ_FIPS": 455,
  "CZ_NAME": "ATCHAFALAYA R TO INTRACOASTAL CITY LA OUT 20NM",
  "WFO": "LCH",
  "BEGIN_DATE_TIME": "22-OCT-17 10:15:00",
  "CZ_TIMEZONE": "CST-6",
  "END_DATE_TIME": "22-OCT-17 10:15:00",
  "INJURIES_DIRECT": 0,
  "INJURIES_INDIRECT": 0,
  "DEATHS_DIRECT": 0,
  "DEATHS_INDIRECT": 0,
  "DAMAGE_PROPERTY": "0.00K",
  "DAMAGE_CROPS": "0.00K",
  "SOURCE": "AWOS",
  "MAGNITUDE": 42,
  "MAGNITUDE_TYPE": "MG",
  "FLOOD_CAUSE": "",
  "CATEGORY": "",
  "TOR_F_SCALE": "",
  "TOR_LENGTH": "",
  "TOR_WIDTH": "",
  "TOR_OTHER_WFO": "",
  "TOR_OTHER_CZ_STATE": "",
  "TOR_OTHER_CZ_FIPS": "",
  "TOR_OTHER_CZ_NAME": "",
  "BEGIN_RANGE": 21,
  "BEGIN_AZIMUTH": "S",
  "BEGIN_LOCATION": "MARSH ISLAND",
  "END_RANGE": 21,
  "END_AZIMUTH": "S",
  "END_LOCATION": "MARSH ISLAND",
  "BEGIN_LAT": 29.12,
  "BEGIN_LON": -91.87,
  "END_LAT": 29.12,
  "END_LON": -91.87,
  "text": "A pre-frontal trough moved across the coastal waters with numerous thunderstorms along and ahead of the boundary. High wind gusts were recorded at multiple locations.",
  "EVENT_NARRATIVE": "A wind gust of 48 MPH was recorded at KSCF.",
  "DATA_SOURCE": "CSV"
}
