{
  "BEGIN_YEARMONTH": 201706,
  "BEGIN_DAY": 6,
  "BEGIN_TIME": 1230,
  "END_YEARMONTH": 201706,
  "END_DAY": 6,
  "END_TIME": 1315,
  "EPISODE_ID": 116635,
  "EVENT_ID": 701349,
  "STATE": "FLORIDA",
  "STATE_FIPS": 12,
  "YEAR": 2017,
  "MONTH_NAME": "June",
  "EVENT_TYPE": "Flash Flood",
  "CZ_TYPE": "C",
  "CZ_FIPS": 73,
  "CZ_NAME": "LEON",
  "WFO": "TAE",
  "BEGIN_DATE_TIME": "06-JUN-17 12:30:00",
  "CZ_TIMEZONE": "EST-5",
  "END_DATE_TIME": "06-JUN-17 13:15:00",
  "INJURIES_DIRECT": 0,
  "INJURIES_INDIRECT": 0,
  "DEATHS_DIRECT": 0,
  "DEATHS_INDIRECT": 0,
  "DAMAGE_PROPERTY": "0.00K",
  "DAMAGE_CROPS": "0.00K",
  "SOURCE": "911 Call Center",
  "MAGNITUDE": "",
  "MAGNITUDE_TYPE": "",
  "FLOOD_CAUSE": "Heavy Rain",
  "CATEGORY": "",
  "TOR_F_SCALE": "",
  "TOR_LENGTH": "",
  "TOR_WIDTH": "",
  "TOR_OTHER_WFO": "",
  "TOR_OTHER_CZ_STATE": "",
  "TOR_OTHER_CZ_FIPS": "",
  "TOR_OTHER_CZ_NAME": "",
  "BEGIN_RANGE": 1,
  "BEGIN_AZIMUTH": "S",
  "BEGIN_LOCATION": "CHAIRES CROSSING",
  "END_RANGE": 1,
  "END_AZIMUTH": "S",
  "END_LOCATION": "CHAIRES CROSSING",
  "BEGIN_LAT": 30.4046,
  "BEGIN_LON": -84.112,
  "END_LAT": 30.4051,
  "END_LON": -84.1106,
  "text": "Periods of heavy rainfall occurred across portions of the Florida big bend, resulting in some flash flooding around Tallahassee.",
  "EVENT_NARRATIVE": "The Leon county dispatch relayed a report of 6-7 inches of water covering the intersection of WW Kelly Road and Goodwin Drive.",
  "DATA_SOURCE": "CSV"
}
