{
  "BEGIN_YEARMONTH": 201706,
  "BEGIN_DAY": 1,
  "BEGIN_TIME": 1815,
  "END_YEARMONTH": 201706,
  "END_DAY": 1,
  "END_TIME": 1915,
  "EPISODE_ID": 116222,
  "EVENT_ID": 698768,
  "STATE": "MISSOURI",
  "STATE_FIPS": 29,
  "YEAR": 2017,
  "MONTH_NAME": "June",
  "EVENT_TYPE": "Flash Flood",
  "CZ_TYPE": "C",
  "CZ_FIPS": 77,
  "CZ_NAME": "GREENE",
  "WFO": "SGF",
  "BEGIN_DATE_TIME": "01-JUN-17 18:15:00",
  "CZ_TIMEZONE": "CST-6",
  "END_DATE_TIME": "01-JUN-17 19:15:00",
  "INJURIES_DIRECT": 0,
  "INJURIES_INDIRECT": 0,
  "DEATHS_DIRECT": 0,
  "DEATHS_INDIRECT": 0,
  "DAMAGE_PROPERTY": "0.00K",
  "DAMAGE_CROPS": "0.00K",
  "SOURCE": "Social Media",
  "MAGNITUDE": "",
  "MAGNITUDE_TYPE": "",
  "FLOOD_CAUSE": "Heavy Rain",
  "CATEGORY": "",
  "TOR_F_SCALE": "",
  "TOR_LENGTH": "",
  "TOR_WIDTH": "",
  "TOR_OTHER_WFO": "",
  "TOR_OTHER_CZ_STATE": "",
  "TOR_OTHER_CZ_FIPS": "",
  "TOR_OTHER_CZ_NAME": "",
  "BEGIN_RANGE": 1,
  "BEGIN_AZIMUTH": "NNE",
  "BEGIN_LOCATION": "SPRINGFIELD",
  "END_RANGE": 1,
  "END_AZIMUTH": "NNE",
  "END_LOCATION": "SPRINGFIELD",
  "BEGIN_LAT": 37.2152,
  "BEGIN_LON": -93.2897,
  "END_LAT": 37.2154,
  "END_LON": -93.2914,
  "text": "Isolated severe thunderstorms produced a few reports of severe weather across the Missouri Ozarks.",
  "EVENT_NARRATIVE": "There were several reports from social media of flowing water over roadways in north Springfield. One of the reports of street flooding was near Boonville Street.",
  "DATA_SOURCE": "CSV"
}
