{
  "BEGIN_YEARMONTH": 201710,
  "BEGIN_DAY": 24,
  "BEGIN_TIME": 336,
  "END_YEARMONTH": 201710,
  "END_DAY": 24,
  "END_TIME": 336,
  "EPISODE_ID": 120474,
  "EVENT_ID": 721818,
  "STATE": "ATLANTIC NORTH",
  "STATE_FIPS": 88,
  "YEAR": 2017,
  "MONTH_NAME": "October",
  "EVENT_TYPE": "Marine High Wind",
  "CZ_TYPE": "Z",
  "CZ_FIPS": 430,
  "CZ_NAME": "DE BAY WATERS N OF E PT NJ TO SLAUGHTER BEACH DE",
  "WFO": "PHI",
  "BEGIN_DATE_TIME": "24-OCT-17 03:36:00",
  "CZ_TIMEZONE": "EST-5",
  "END_DATE_TIME": "24-OCT-17 03:36:00",
  "INJURIES_DIRECT": 0,
  "INJURIES_INDIRECT": 0,
  "DEATHS_DIRECT": 0,
  "DEATHS_INDIRECT": 0,
  "DAMAGE_PROPERTY": "",
  "DAMAGE_CROPS": "",
  "SOURCE": "Buoy",
  "MAGNITUDE": 58,
  "MAGNITUDE_TYPE": "MG",
  "FLOOD_CAUSE": "",
  "CATEGORY": "",
  "TOR_F_SCALE": "",
  "TOR_LENGTH": "",
  "TOR_WIDTH": "",
  "TOR_OTHER_WFO": "",
  "TOR_OTHER_CZ_STATE": "",
  "TOR_OTHER_CZ_FIPS": "",
  "TOR_OTHER_CZ_NAME": "",
  "BEGIN_RANGE": 12,
  "BEGIN_AZIMUTH": "NE",
  "BEGIN_LOCATION": "BOWERS BEACH DE",
  "END_RANGE": 12,
  "END_AZIMUTH": "NE",
  "END_LOCATION": "BOWERS BEACH DE",
  "BEGIN_LAT": 39.1475,
  "BEGIN_LON": -75.2454,
  "END_LAT": 39.1475,
  "END_LON": -75.2454,
  "text": "A strong low pressure system over the Great Lakes and a departing high pressure system to our east lead to a tight pressure gradient and a round of strong winds.",
  "EVENT_NARRATIVE": "Gust measured at the Ship John Nos Buoy.",
  "DATA_SOURCE": "CSV"
}
