{
  "BEGIN_YEARMONTH": 201706,
  "BEGIN_DAY": 30,
  "BEGIN_TIME": 1712,
  "END_YEARMONTH": 201706,
  "END_DAY": 30,
  "END_TIME": 1712,
  "EPISODE_ID": 117503,
  "EVENT_ID": 706676,
  "STATE": "VIRGINIA",
  "STATE_FIPS": 51,
  "YEAR": 2017,
  "MONTH_NAME": "June",
  "EVENT_TYPE": "Thunderstorm Wind",
  "CZ_TYPE": "C",
  "CZ_FIPS": 79,
  "CZ_NAME": "GREENE",
  "WFO": "LWX",
  "BEGIN_DATE_TIME": "30-JUN-17 17:12:00",
  "CZ_TIMEZONE": "EST-5",
  "END_DATE_TIME": "30-JUN-17 17:12:00",
  "INJURIES_DIRECT": 0,
  "INJURIES_INDIRECT": 0,
  "DEATHS_DIRECT": 0,
  "DEATHS_INDIRECT": 0,
  "DAMAGE_PROPERTY": "",
  "DAMAGE_CROPS": "",
  "SOURCE": "911 Call Center",
  "MAGNITUDE": 50,
  "MAGNITUDE_TYPE": "EG",
  "FLOOD_CAUSE": "",
  "CATEGORY": "",
  "TOR_F_SCALE": "",
  "TOR_LENGTH": "",
  "TOR_WIDTH": "",
  "TOR_OTHER_WFO": "",
  "TOR_OTHER_CZ_STATE": "",
  "TOR_OTHER_CZ_FIPS": "",
  "TOR_OTHER_CZ_NAME": "",
  "BEGIN_RANGE": 2,
  "BEGIN_AZIMUTH": "S",
  "BEGIN_LOCATION": "STANDARDSVILLE",
  "END_RANGE": 2,
  "END_AZIMUTH": "S",
  "END_LOCATION": "STANDARDSVILLE",
  "BEGIN_LAT": 38.273,
  "BEGIN_LON": -78.4342,
  "END_LAT": 38.273,
  "END_LON": -78.4342,
  "text": "A southerly flow around high pressure over the Atlantic produced a warm and humid airmass. Showers and thunderstorms developed around a pressure trough and some thunderstorms became severe due to the unstable atmosphere.",
  "EVENT_NARRATIVE": "A tree was down blocking Pine Bluff Road near Geteway Drive.",
  "DATA_SOURCE": "CSV"
}
