{
  "BEGIN_YEARMONTH": 201706,
  "BEGIN_DAY": 23,
  "BEGIN_TIME": 1145,
  "END_YEARMONTH": 201706,
  "END_DAY": 23,
  "END_TIME": 1145,
  "EPISODE_ID": 115691,
  "EVENT_ID": 698759,
  "STATE": "MISSOURI",
  "STATE_FIPS": 29,
  "YEAR": 2017,
  "MONTH_NAME": "June",
  "EVENT_TYPE": "Thunderstorm Wind",
  "CZ_TYPE": "C",
  "CZ_FIPS": 77,
  "CZ_NAME": "GREENE",
  "WFO": "SGF",
  "BEGIN_DATE_TIME": "23-JUN-17 11:45:00",
  "CZ_TIMEZONE": "CST-6",
  "END_DATE_TIME": "23-JUN-17 11:45:00",
  "INJURIES_DIRECT": 0,
  "INJURIES_INDIRECT": 0,
  "DEATHS_DIRECT": 0,
  "DEATHS_INDIRECT": 0,
  "DAMAGE_PROPERTY": "0.00K",
  "DAMAGE_CROPS": "0.00K",
  "SOURCE": "Broadcast Media",
  "MAGNITUDE": 52,
  "MAGNITUDE_TYPE": "EG",
  "FLOOD_CAUSE": "",
  "CATEGORY": "",
  "TOR_F_SCALE": "",
  "TOR_LENGTH": "",
  "TOR_WIDTH": "",
  "TOR_OTHER_WFO": "",
  "TOR_OTHER_CZ_STATE": "",
  "TOR_OTHER_CZ_FIPS": "",
  "TOR_OTHER_CZ_NAME": "",
  "BEGIN_RANGE": 2,
  "BEGIN_AZIMUTH": "SSW",
  "BEGIN_LOCATION": "SPRINGFIELD",
  "END_RANGE": 2,
  "END_AZIMUTH": "SSW",
  "END_LOCATION": "SPRINGFIELD",
  "BEGIN_LAT": 37.17,
  "BEGIN_LON": -93.32,
  "END_LAT": 37.17,
  "END_LON": -93.32,
  "text": "A cold front interacting with moisture from a tropical system and caused severe storms with reports of wind damage around the Missouri Ozarks.",
  "EVENT_NARRATIVE": "Several large tree limbs were blown down.",
  "DATA_SOURCE": "CSV"
}
