{
  "BEGIN_YEARMONTH": 201703,
  "BEGIN_DAY": 10,
  "BEGIN_TIME": 800,
  "END_YEARMONTH": 201703,
  "END_DAY": 10,
  "END_TIME": 1600,
  "EPISODE_ID": 112855,
  "EVENT_ID": 675876,
  "STATE": "PENNSYLVANIA",
  "STATE_FIPS": 42,
  "YEAR": 2017,
  "MONTH_NAME": "March",
  "EVENT_TYPE": "Winter Weather",
  "CZ_TYPE": "Z",
  "CZ_FIPS": 55,
  "CZ_NAME": "MONROE",
  "WFO": "PHI",
  "BEGIN_DATE_TIME": "10-MAR-17 08:00:00",
  "CZ_TIMEZONE": "EST-5",
  "END_DATE_TIME": "10-MAR-17 16:00:00",
  "INJURIES_DIRECT": 0,
  "INJURIES_INDIRECT": 0,
  "DEATHS_DIRECT": 0,
  "DEATHS_INDIRECT": 0,
  "DAMAGE_PROPERTY": "",
  "DAMAGE_CROPS": "",
  "SOURCE": "Trained Spotter",
  "MAGNITUDE": "",
  "MAGNITUDE_TYPE": "",
  "FLOOD_CAUSE": "",
  "CATEGORY": "",
  "TOR_F_SCALE": "",
  "TOR_LENGTH": "",
  "TOR_WIDTH": "",
  "TOR_OTHER_WFO": "",
  "TOR_OTHER_CZ_STATE": "",
  "TOR_OTHER_CZ_FIPS": "",
  "TOR_OTHER_CZ_NAME": "",
  "BEGIN_RANGE": "",
  "BEGIN_AZIMUTH": "",
  "BEGIN_LOCATION": "",
  "END_RANGE": "",
  "END_AZIMUTH": "",
  "END_LOCATION": "",
  "BEGIN_LAT": "",
  "BEGIN_LON": "",
  "END_LAT": "",
  "END_LON": "",
  "text": "A cold frontal boundary moved through Pennsylvania early in the morning of the 10th. As a result, rain changed to snow. The highest accumulations were in the Poconos with six inches at lake Harmony. A general 2-5 inches fell elsewhere in eastern Pennsylvania with totals even lower as you approached the Delaware river. Most of the snow fell on non-paved surfaces due to the warm road temperatures. However, where heavier bursts of snow fell roads did become slick for a timeperiod. Additional snow squalls later in the day led to additional light coatings and brief white-out conditions. Heidelberg twp saw an additional 1.5 inches of snow.",
  "EVENT_NARRATIVE": "Snowfall ranged from 4 to 5 inches.",
  "DATA_SOURCE": "CSV"
}
