{
  "BEGIN_YEARMONTH": 201706,
  "BEGIN_DAY": 20,
  "BEGIN_TIME": 2016,
  "END_YEARMONTH": 201706,
  "END_DAY": 20,
  "END_TIME": 2016,
  "EPISODE_ID": 115752,
  "EVENT_ID": 695729,
  "STATE": "MONTANA",
  "STATE_FIPS": 30,
  "YEAR": 2017,
  "MONTH_NAME": "June",
  "EVENT_TYPE": "Hail",
  "CZ_TYPE": "C",
  "CZ_FIPS": 103,
  "CZ_NAME": "TREASURE",
  "WFO": "BYZ",
  "BEGIN_DATE_TIME": "20-JUN-17 20:16:00",
  "CZ_TIMEZONE": "MST-7",
  "END_DATE_TIME": "20-JUN-17 20:16:00",
  "INJURIES_DIRECT": 0,
  "INJURIES_INDIRECT": 0,
  "DEATHS_DIRECT": 0,
  "DEATHS_INDIRECT": 0,
  "DAMAGE_PROPERTY": "0.00K",
  "DAMAGE_CROPS": "0.00K",
  "SOURCE": "Trained Spotter",
  "MAGNITUDE": 0.88,
  "MAGNITUDE_TYPE": "",
  "FLOOD_CAUSE": "",
  "CATEGORY": "",
  "TOR_F_SCALE": "",
  "TOR_LENGTH": "",
  "TOR_WIDTH": "",
  "TOR_OTHER_WFO": "",
  "TOR_OTHER_CZ_STATE": "",
  "TOR_OTHER_CZ_FIPS": "",
  "TOR_OTHER_CZ_NAME": "",
  "BEGIN_RANGE": 11,
  "BEGIN_AZIMUTH": "S",
  "BEGIN_LOCATION": "SARPY JCT",
  "END_RANGE": 11,
  "END_AZIMUTH": "S",
  "END_LOCATION": "SARPY JCT",
  "BEGIN_LAT": 46.11,
  "BEGIN_LON": -107.12,
  "END_LAT": 46.11,
  "END_LON": -107.12,
  "text": "A strong cold front moved across the Billings Forecast Area during the evening of the 20th. A cluster of thunderstorms developed along and just behind the front across northern and central Yellowstone County. These thunderstorms moved quickly into eastern Montana producing a few damaging wind gusts along the way.",
  "EVENT_NARRATIVE": "",
  "DATA_SOURCE": "CSV"
}
