{
  "BEGIN_YEARMONTH": 201706,
  "BEGIN_DAY": 1,
  "BEGIN_TIME": 1753,
  "END_YEARMONTH": 201706,
  "END_DAY": 1,
  "END_TIME": 1753,
  "EPISODE_ID": 116222,
  "EVENT_ID": 698771,
  "STATE": "MISSOURI",
  "STATE_FIPS": 29,
  "YEAR": 2017,
  "MONTH_NAME": "June",
  "EVENT_TYPE": "Thunderstorm Wind",
  "CZ_TYPE": "C",
  "CZ_FIPS": 77,
  "CZ_NAME": "GREENE",
  "WFO": "SGF",
  "BEGIN_DATE_TIME": "01-JUN-17 17:53:00",
  "CZ_TIMEZONE": "CST-6",
  "END_DATE_TIME": "01-JUN-17 17:53:00",
  "INJURIES_DIRECT": 0,
  "INJURIES_INDIRECT": 0,
  "DEATHS_DIRECT": 0,
  "DEATHS_INDIRECT": 0,
  "DAMAGE_PROPERTY": "0.00K",
  "DAMAGE_CROPS": "0.00K",
  "SOURCE": "Emergency Manager",
  "MAGNITUDE": 52,
  "MAGNITUDE_TYPE": "EG",
  "FLOOD_CAUSE": "",
  "CATEGORY": "",
  "TOR_F_SCALE": "",
  "TOR_LENGTH": "",
  "TOR_WIDTH": "",
  "TOR_OTHER_WFO": "",
  "TOR_OTHER_CZ_STATE": "",
  "TOR_OTHER_CZ_FIPS": "",
  "TOR_OTHER_CZ_NAME": "",
  "BEGIN_RANGE": 3,
  "BEGIN_AZIMUTH": "N",
  "BEGIN_LOCATION": "SPRINGFIELD",
  "END_RANGE": 3,
  "END_AZIMUTH": "N",
  "END_LOCATION": "SPRINGFIELD",
  "BEGIN_LAT": 37.24,
  "BEGIN_LON": -93.3,
  "END_LAT": 37.24,
  "END_LON": -93.3,
  "text": "Isolated severe thunderstorms produced a few reports of severe weather across the Missouri Ozarks.",
  "EVENT_NARRATIVE": "A tree was blown down across Grant and Kearney Street.",
  "DATA_SOURCE": "CSV"
}
