{
  "BEGIN_YEARMONTH": 201706,
  "BEGIN_DAY": 21,
  "BEGIN_TIME": 900,
  "END_YEARMONTH": 201706,
  "END_DAY": 21,
  "END_TIME": 1100,
  "EPISODE_ID": 116636,
  "EVENT_ID": 701352,
  "STATE": "FLORIDA",
  "STATE_FIPS": 12,
  "YEAR": 2017,
  "MONTH_NAME": "June",
  "EVENT_TYPE": "Flash Flood",
  "CZ_TYPE": "C",
  "CZ_FIPS": 5,
  "CZ_NAME": "BAY",
  "WFO": "TAE",
  "BEGIN_DATE_TIME": "21-JUN-17 09:00:00",
  "CZ_TIMEZONE": "CST-6",
  "END_DATE_TIME": "21-JUN-17 11:00:00",
  "INJURIES_DIRECT": 0,
  "INJURIES_INDIRECT": 0,
  "DEATHS_DIRECT": 0,
  "DEATHS_INDIRECT": 0,
  "DAMAGE_PROPERTY": "0.00K",
  "DAMAGE_CROPS": "0.00K",
  "SOURCE": "Broadcast Media",
  "MAGNITUDE": "",
  "MAGNITUDE_TYPE": "",
  "FLOOD_CAUSE": "Heavy Rain",
  "CATEGORY": "",
  "TOR_F_SCALE": "",
  "TOR_LENGTH": "",
  "TOR_WIDTH": "",
  "TOR_OTHER_WFO": "",
  "TOR_OTHER_CZ_STATE": "",
  "TOR_OTHER_CZ_FIPS": "",
  "TOR_OTHER_CZ_NAME": "",
  "BEGIN_RANGE": 1,
  "BEGIN_AZIMUTH": "NE",
  "BEGIN_LOCATION": "WEST PANAMA CITY",
  "END_RANGE": 1,
  "END_AZIMUTH": "NE",
  "END_LOCATION": "WEST PANAMA CITY",
  "BEGIN_LAT": 30.18,
  "BEGIN_LON": -85.79,
  "END_LAT": 30.1824,
  "END_LON": -85.7902,
  "text": "Rain bands from Tropical Storm Cindy affected portions of the Florida panhandle with heavy rainfall and localized flooding.",
  "EVENT_NARRATIVE": "Water covered the roadway near Front Beach Road and Anne Avenue.",
  "DATA_SOURCE": "CSV"
}
