{
  "BEGIN_YEARMONTH": 201710,
  "BEGIN_DAY": 21,
  "BEGIN_TIME": 1520,
  "END_YEARMONTH": 201710,
  "END_DAY": 21,
  "END_TIME": 1520,
  "EPISODE_ID": 121162,
  "EVENT_ID": 725317,
  "STATE": "OKLAHOMA",
  "STATE_FIPS": 40,
  "YEAR": 2017,
  "MONTH_NAME": "October",
  "EVENT_TYPE": "Hail",
  "CZ_TYPE": "C",
  "CZ_FIPS": 75,
  "CZ_NAME": "KIOWA",
  "WFO": "OUN",
  "BEGIN_DATE_TIME": "21-OCT-17 15:20:00",
  "CZ_TIMEZONE": "CST-6",
  "END_DATE_TIME": "21-OCT-17 15:20:00",
  "INJURIES_DIRECT": 0,
  "INJURIES_INDIRECT": 0,
  "DEATHS_DIRECT": 0,
  "DEATHS_INDIRECT": 0,
  "DAMAGE_PROPERTY": "0.00K",
  "DAMAGE_CROPS": "0.00K",
  "SOURCE": "COOP Observer",
  "MAGNITUDE": 1.75,
  "MAGNITUDE_TYPE": "",
  "FLOOD_CAUSE": "",
  "CATEGORY": "",
  "TOR_F_SCALE": "",
  "TOR_LENGTH": "",
  "TOR_WIDTH": "",
  "TOR_OTHER_WFO": "",
  "TOR_OTHER_CZ_STATE": "",
  "TOR_OTHER_CZ_FIPS": "",
  "TOR_OTHER_CZ_NAME": "",
  "BEGIN_RANGE": 0,
  "BEGIN_AZIMUTH": "N",
  "BEGIN_LOCATION": "ROOSEVELT",
  "END_RANGE": 0,
  "END_AZIMUTH": "N",
  "END_LOCATION": "ROOSEVELT",
  "BEGIN_LAT": 34.85,
  "BEGIN_LON": -99.02,
  "END_LAT": 34.85,
  "END_LON": -99.02,
  "text": "Storms formed along a cold front during the afternoon of the 21st, eventually forming a line. Through the evening storms swept eastward through Oklahoma and western north Texas. Significant hail, severe winds, and a few short-lived tornadoes as well as some minor flooding were reported with these storms.",
  "EVENT_NARRATIVE": "",
  "DATA_SOURCE": "CSV"
}
