{
  "BEGIN_YEARMONTH": 201704,
  "BEGIN_DAY": 29,
  "BEGIN_TIME": 945,
  "END_YEARMONTH": 201704,
  "END_DAY": 29,
  "END_TIME": 1145,
  "EPISODE_ID": 114489,
  "EVENT_ID": 686560,
  "STATE": "OHIO",
  "STATE_FIPS": 39,
  "YEAR": 2017,
  "MONTH_NAME": "April",
  "EVENT_TYPE": "Flash Flood",
  "CZ_TYPE": "C",
  "CZ_FIPS": 25,
  "CZ_NAME": "CLERMONT",
  "WFO": "ILN",
  "BEGIN_DATE_TIME": "29-APR-17 09:45:00",
  "CZ_TIMEZONE": "EST-5",
  "END_DATE_TIME": "29-APR-17 11:45:00",
  "INJURIES_DIRECT": 0,
  "INJURIES_INDIRECT": 0,
  "DEATHS_DIRECT": 0,
  "DEATHS_INDIRECT": 0,
  "DAMAGE_PROPERTY": "0.00K",
  "DAMAGE_CROPS": "0.00K",
  "SOURCE": "Law Enforcement",
  "MAGNITUDE": "",
  "MAGNITUDE_TYPE": "",
  "FLOOD_CAUSE": "Heavy Rain",
  "CATEGORY": "",
  "TOR_F_SCALE": "",
  "TOR_LENGTH": "",
  "TOR_WIDTH": "",
  "TOR_OTHER_WFO": "",
  "TOR_OTHER_CZ_STATE": "",
  "TOR_OTHER_CZ_FIPS": "",
  "TOR_OTHER_CZ_NAME": "",
  "BEGIN_RANGE": 2,
  "BEGIN_AZIMUTH": "NNE",
  "BEGIN_LOCATION": "WILLIAMS CORNERS",
  "END_RANGE": 2,
  "END_AZIMUTH": "NNE",
  "END_LOCATION": "WILLIAMS CORNERS",
  "BEGIN_LAT": 39.1945,
  "BEGIN_LON": -84.1362,
  "END_LAT": 39.1973,
  "END_LON": -84.139,
  "text": "Thunderstorms trained along a warm front that was lifting through the area.",
  "EVENT_NARRATIVE": "High water resulted in a road closure near the 2200 block of Cedarville Road.",
  "DATA_SOURCE": "CSV"
}
