{
  "BEGIN_YEARMONTH": 201706,
  "BEGIN_DAY": 4,
  "BEGIN_TIME": 902,
  "END_YEARMONTH": 201706,
  "END_DAY": 4,
  "END_TIME": 907,
  "EPISODE_ID": 115176,
  "EVENT_ID": 691471,
  "STATE": "GULF OF MEXICO",
  "STATE_FIPS": 85,
  "YEAR": 2017,
  "MONTH_NAME": "June",
  "EVENT_TYPE": "Waterspout",
  "CZ_TYPE": "Z",
  "CZ_FIPS": 853,
  "CZ_NAME": "ENGLEWOOD TO TARPON SPRINGS FL OUT 20NM",
  "WFO": "TBW",
  "BEGIN_DATE_TIME": "04-JUN-17 09:02:00",
  "CZ_TIMEZONE": "EST-5",
  "END_DATE_TIME": "04-JUN-17 09:07:00",
  "INJURIES_DIRECT": 0,
  "INJURIES_INDIRECT": 0,
  "DEATHS_DIRECT": 0,
  "DEATHS_INDIRECT": 0,
  "DAMAGE_PROPERTY": "0.00K",
  "DAMAGE_CROPS": "0.00K",
  "SOURCE": "Public",
  "MAGNITUDE": "",
  "MAGNITUDE_TYPE": "",
  "FLOOD_CAUSE": "",
  "CATEGORY": "",
  "TOR_F_SCALE": "",
  "TOR_LENGTH": "",
  "TOR_WIDTH": "",
  "TOR_OTHER_WFO": "",
  "TOR_OTHER_CZ_STATE": "",
  "TOR_OTHER_CZ_FIPS": "",
  "TOR_OTHER_CZ_NAME": "",
  "BEGIN_RANGE": 11,
  "BEGIN_AZIMUTH": "W",
  "BEGIN_LOCATION": "SARASOTA BEACH",
  "END_RANGE": 10,
  "END_AZIMUTH": "W",
  "END_LOCATION": "SARASOTA BEACH",
  "BEGIN_LAT": 27.312,
  "BEGIN_LON": -82.706,
  "END_LAT": 27.324,
  "END_LON": -82.686,
  "text": "Scattered showers developed across the Florida Peninsula and eastern Gulf of Mexico under deep southeast flow. Multiple waterspouts were reported near the coast with these showers.",
  "EVENT_NARRATIVE": "Multiple calls and pictures were received of a cluster of waterspouts off the coast of Siesta Key. One picture showed 2 waterspouts in close proximity, although one report stated that there were a total of three waterspouts touching down at once.",
  "DATA_SOURCE": "CSV"
}
