{
  "BEGIN_YEARMONTH": 201706,
  "BEGIN_DAY": 6,
  "BEGIN_TIME": 1535,
  "END_YEARMONTH": 201706,
  "END_DAY": 6,
  "END_TIME": 1540,
  "EPISODE_ID": 115688,
  "EVENT_ID": 695188,
  "STATE": "FLORIDA",
  "STATE_FIPS": 12,
  "YEAR": 2017,
  "MONTH_NAME": "June",
  "EVENT_TYPE": "Thunderstorm Wind",
  "CZ_TYPE": "C",
  "CZ_FIPS": 15,
  "CZ_NAME": "CHARLOTTE",
  "WFO": "TBW",
  "BEGIN_DATE_TIME": "06-JUN-17 15:35:00",
  "CZ_TIMEZONE": "EST-5",
  "END_DATE_TIME": "06-JUN-17 15:40:00",
  "INJURIES_DIRECT": 0,
  "INJURIES_INDIRECT": 0,
  "DEATHS_DIRECT": 0,
  "DEATHS_INDIRECT": 0,
  "DAMAGE_PROPERTY": "5.00K",
  "DAMAGE_CROPS": "0.00K",
  "SOURCE": "Public",
  "MAGNITUDE": 45,
  "MAGNITUDE_TYPE": "EG",
  "FLOOD_CAUSE": "",
  "CATEGORY": "",
  "TOR_F_SCALE": "",
  "TOR_LENGTH": "",
  "TOR_WIDTH": "",
  "TOR_OTHER_WFO": "",
  "TOR_OTHER_CZ_STATE": "",
  "TOR_OTHER_CZ_FIPS": "",
  "TOR_OTHER_CZ_NAME": "",
  "BEGIN_RANGE": 5,
  "BEGIN_AZIMUTH": "ENE",
  "BEGIN_LOCATION": "CLEVELAND",
  "END_RANGE": 5,
  "END_AZIMUTH": "ENE",
  "END_LOCATION": "CLEVELAND",
  "BEGIN_LAT": 26.9725,
  "BEGIN_LON": -81.9164,
  "END_LAT": 26.9725,
  "END_LON": -81.9164,
  "text": "Deep moisture led to numerous thunderstorms developing and moving across the southern half of the Florida Peninsula. One of these storms produced damaging wind gusts.",
  "EVENT_NARRATIVE": "One tree was reported knocked down by thunderstorm wind gusts on Washington Loop in Punta Gorda. Additionally, a high profile helicopter was blown onto its side.",
  "DATA_SOURCE": "CSV"
}
