{
  "BEGIN_YEARMONTH": 201704,
  "BEGIN_DAY": 15,
  "BEGIN_TIME": 1855,
  "END_YEARMONTH": 201704,
  "END_DAY": 15,
  "END_TIME": 1855,
  "EPISODE_ID": 113683,
  "EVENT_ID": 682156,
  "STATE": "NEBRASKA",
  "STATE_FIPS": 31,
  "YEAR": 2017,
  "MONTH_NAME": "April",
  "EVENT_TYPE": "Thunderstorm Wind",
  "CZ_TYPE": "C",
  "CZ_FIPS": 21,
  "CZ_NAME": "BURT",
  "WFO": "OAX",
  "BEGIN_DATE_TIME": "15-APR-17 18:55:00",
  "CZ_TIMEZONE": "CST-6",
  "END_DATE_TIME": "15-APR-17 18:55:00",
  "INJURIES_DIRECT": 0,
  "INJURIES_INDIRECT": 0,
  "DEATHS_DIRECT": 0,
  "DEATHS_INDIRECT": 0,
  "DAMAGE_PROPERTY": "0.00K",
  "DAMAGE_CROPS": "0.00K",
  "SOURCE": "Public",
  "MAGNITUDE": 52,
  "MAGNITUDE_TYPE": "EG",
  "FLOOD_CAUSE": "",
  "CATEGORY": "",
  "TOR_F_SCALE": "",
  "TOR_LENGTH": "",
  "TOR_WIDTH": "",
  "TOR_OTHER_WFO": "",
  "TOR_OTHER_CZ_STATE": "",
  "TOR_OTHER_CZ_FIPS": "",
  "TOR_OTHER_CZ_NAME": "",
  "BEGIN_RANGE": 3,
  "BEGIN_AZIMUTH": "WNW",
  "BEGIN_LOCATION": "OAKLAND",
  "END_RANGE": 3,
  "END_AZIMUTH": "WNW",
  "END_LOCATION": "OAKLAND",
  "BEGIN_LAT": 41.84,
  "BEGIN_LON": -96.52,
  "END_LAT": 41.84,
  "END_LON": -96.52,
  "text": "An upper level storm system moved into Nebraska and Iowa on the afternoon of April 15th. This allowed for a dry line to move through southeast Nebraska with a trailing cold front moving into northeast Nebraska. Both of these boundaries served as a focus for severe weather activity. Supercells initially developed along the dry line in southeast Nebraska and moved into southwest Iowa. These thunderstorms generally produced large hail, though one tornado did occur with the initial development. Supercells then developed along the cold front in northeast Nebraska and tracked southeast, and eventually into western Iowa by late evening. These produced significant hail and wind as they tracked across the area. The severe weather threat ended by late evening as storms moved out of the area.",
  "EVENT_NARRATIVE": "Two center pivot irrigation systems were reported blown over by the strong winds.",
  "DATA_SOURCE": "CSV"
}
