{
  "BEGIN_YEARMONTH": 201706,
  "BEGIN_DAY": 23,
  "BEGIN_TIME": 1126,
  "END_YEARMONTH": 201706,
  "END_DAY": 23,
  "END_TIME": 1126,
  "EPISODE_ID": 115691,
  "EVENT_ID": 698756,
  "STATE": "MISSOURI",
  "STATE_FIPS": 29,
  "YEAR": 2017,
  "MONTH_NAME": "June",
  "EVENT_TYPE": "Thunderstorm Wind",
  "CZ_TYPE": "C",
  "CZ_FIPS": 77,
  "CZ_NAME": "GREENE",
  "WFO": "SGF",
  "BEGIN_DATE_TIME": "23-JUN-17 11:26:00",
  "CZ_TIMEZONE": "CST-6",
  "END_DATE_TIME": "23-JUN-17 11:26:00",
  "INJURIES_DIRECT": 0,
  "INJURIES_INDIRECT": 0,
  "DEATHS_DIRECT": 0,
  "DEATHS_INDIRECT": 0,
  "DAMAGE_PROPERTY": "0.00K",
  "DAMAGE_CROPS": "0.00K",
  "SOURCE": "Official NWS Observations",
  "MAGNITUDE": 51,
  "MAGNITUDE_TYPE": "MG",
  "FLOOD_CAUSE": "",
  "CATEGORY": "",
  "TOR_F_SCALE": "",
  "TOR_LENGTH": "",
  "TOR_WIDTH": "",
  "TOR_OTHER_WFO": "",
  "TOR_OTHER_CZ_STATE": "",
  "TOR_OTHER_CZ_FIPS": "",
  "TOR_OTHER_CZ_NAME": "",
  "BEGIN_RANGE": 1,
  "BEGIN_AZIMUTH": "SW",
  "BEGIN_LOCATION": "(SGF)SPRINGFIELD ARP",
  "END_RANGE": 1,
  "END_AZIMUTH": "SW",
  "END_LOCATION": "(SGF)SPRINGFIELD ARP",
  "BEGIN_LAT": 37.24,
  "BEGIN_LON": -93.39,
  "END_LAT": 37.24,
  "END_LON": -93.39,
  "text": "A cold front interacting with moisture from a tropical system and caused severe storms with reports of wind damage around the Missouri Ozarks.",
  "EVENT_NARRATIVE": "The Springfield ASOS measured a peak wind gust  of 51 knots. The severe wind gusts continued for about 20 minutes.",
  "DATA_SOURCE": "CSV"
}
