{
  "BEGIN_YEARMONTH": 201704,
  "BEGIN_DAY": 21,
  "BEGIN_TIME": 1915,
  "END_YEARMONTH": 201704,
  "END_DAY": 21,
  "END_TIME": 1915,
  "EPISODE_ID": 114834,
  "EVENT_ID": 688895,
  "STATE": "VIRGINIA",
  "STATE_FIPS": 51,
  "YEAR": 2017,
  "MONTH_NAME": "April",
  "EVENT_TYPE": "Thunderstorm Wind",
  "CZ_TYPE": "C",
  "CZ_FIPS": 193,
  "CZ_NAME": "WESTMORELAND",
  "WFO": "AKQ",
  "BEGIN_DATE_TIME": "21-APR-17 19:15:00",
  "CZ_TIMEZONE": "EST-5",
  "END_DATE_TIME": "21-APR-17 19:15:00",
  "INJURIES_DIRECT": 0,
  "INJURIES_INDIRECT": 0,
  "DEATHS_DIRECT": 0,
  "DEATHS_INDIRECT": 0,
  "DAMAGE_PROPERTY": "2.00K",
  "DAMAGE_CROPS": "0.00K",
  "SOURCE": "Public",
  "MAGNITUDE": 50,
  "MAGNITUDE_TYPE": "EG",
  "FLOOD_CAUSE": "",
  "CATEGORY": "",
  "TOR_F_SCALE": "",
  "TOR_LENGTH": "",
  "TOR_WIDTH": "",
  "TOR_OTHER_WFO": "",
  "TOR_OTHER_CZ_STATE": "",
  "TOR_OTHER_CZ_FIPS": "",
  "TOR_OTHER_CZ_NAME": "",
  "BEGIN_RANGE": 2,
  "BEGIN_AZIMUTH": "E",
  "BEGIN_LOCATION": "WESTMORELAND",
  "END_RANGE": 2,
  "END_AZIMUTH": "E",
  "END_LOCATION": "WESTMORELAND",
  "BEGIN_LAT": 38.07,
  "BEGIN_LON": -76.54,
  "END_LAT": 38.07,
  "END_LON": -76.54,
  "text": "Scattered severe thunderstorms in advance of a cold front produced damaging winds and large hail across portions of central and eastern Virginia.",
  "EVENT_NARRATIVE": "Numerous trees were downed around Sandy Point.",
  "DATA_SOURCE": "CSV"
}
