{
  "BEGIN_YEARMONTH": 201706,
  "BEGIN_DAY": 22,
  "BEGIN_TIME": 500,
  "END_YEARMONTH": 201706,
  "END_DAY": 23,
  "END_TIME": 500,
  "EPISODE_ID": 116636,
  "EVENT_ID": 701355,
  "STATE": "FLORIDA",
  "STATE_FIPS": 12,
  "YEAR": 2017,
  "MONTH_NAME": "June",
  "EVENT_TYPE": "Flood",
  "CZ_TYPE": "C",
  "CZ_FIPS": 131,
  "CZ_NAME": "WALTON",
  "WFO": "TAE",
  "BEGIN_DATE_TIME": "22-JUN-17 05:00:00",
  "CZ_TIMEZONE": "CST-6",
  "END_DATE_TIME": "23-JUN-17 05:00:00",
  "INJURIES_DIRECT": 0,
  "INJURIES_INDIRECT": 0,
  "DEATHS_DIRECT": 0,
  "DEATHS_INDIRECT": 0,
  "DAMAGE_PROPERTY": "0.00K",
  "DAMAGE_CROPS": "0.00K",
  "SOURCE": "Law Enforcement",
  "MAGNITUDE": "",
  "MAGNITUDE_TYPE": "",
  "FLOOD_CAUSE": "Heavy Rain / Tropical System",
  "CATEGORY": "",
  "TOR_F_SCALE": "",
  "TOR_LENGTH": "",
  "TOR_WIDTH": "",
  "TOR_OTHER_WFO": "",
  "TOR_OTHER_CZ_STATE": "",
  "TOR_OTHER_CZ_FIPS": "",
  "TOR_OTHER_CZ_NAME": "",
  "BEGIN_RANGE": 2,
  "BEGIN_AZIMUTH": "WNW",
  "BEGIN_LOCATION": "GASKIN",
  "END_RANGE": 2,
  "END_AZIMUTH": "WNW",
  "END_LOCATION": "GASKIN",
  "BEGIN_LAT": 30.9796,
  "BEGIN_LON": -86.1653,
  "END_LAT": 30.98,
  "END_LON": -86.156,
  "text": "Rain bands from Tropical Storm Cindy affected portions of the Florida panhandle with heavy rainfall and localized flooding.",
  "EVENT_NARRATIVE": "Pen Williams Rd was closed due to water on the roadway.",
  "DATA_SOURCE": "CSV"
}
