{
  "BEGIN_YEARMONTH": 201706,
  "BEGIN_DAY": 23,
  "BEGIN_TIME": 1232,
  "END_YEARMONTH": 201706,
  "END_DAY": 23,
  "END_TIME": 1232,
  "EPISODE_ID": 115691,
  "EVENT_ID": 698751,
  "STATE": "MISSOURI",
  "STATE_FIPS": 29,
  "YEAR": 2017,
  "MONTH_NAME": "June",
  "EVENT_TYPE": "Lightning",
  "CZ_TYPE": "C",
  "CZ_FIPS": 67,
  "CZ_NAME": "DOUGLAS",
  "WFO": "SGF",
  "BEGIN_DATE_TIME": "23-JUN-17 12:32:00",
  "CZ_TIMEZONE": "CST-6",
  "END_DATE_TIME": "23-JUN-17 12:32:00",
  "INJURIES_DIRECT": 0,
  "INJURIES_INDIRECT": 0,
  "DEATHS_DIRECT": 0,
  "DEATHS_INDIRECT": 0,
  "DAMAGE_PROPERTY": "10.00K",
  "DAMAGE_CROPS": "0.00K",
  "SOURCE": "Emergency Manager",
  "MAGNITUDE": "",
  "MAGNITUDE_TYPE": "",
  "FLOOD_CAUSE": "",
  "CATEGORY": "",
  "TOR_F_SCALE": "",
  "TOR_LENGTH": "",
  "TOR_WIDTH": "",
  "TOR_OTHER_WFO": "",
  "TOR_OTHER_CZ_STATE": "",
  "TOR_OTHER_CZ_FIPS": "",
  "TOR_OTHER_CZ_NAME": "",
  "BEGIN_RANGE": 3,
  "BEGIN_AZIMUTH": "SSE",
  "BEGIN_LOCATION": "ANN",
  "END_RANGE": 3,
  "END_AZIMUTH": "SSE",
  "END_LOCATION": "ANN",
  "BEGIN_LAT": 36.99,
  "BEGIN_LON": -92.19,
  "END_LAT": 36.99,
  "END_LON": -92.19,
  "text": "A cold front interacting with moisture from a tropical system and caused severe storms with reports of wind damage around the Missouri Ozarks.",
  "EVENT_NARRATIVE": "A home on County Road 162 near Highway EE was struck by lightning which caused a fire.",
  "DATA_SOURCE": "CSV"
}
