{
  "BEGIN_YEARMONTH": 201706,
  "BEGIN_DAY": 14,
  "BEGIN_TIME": 1455,
  "END_YEARMONTH": 201706,
  "END_DAY": 14,
  "END_TIME": 1455,
  "EPISODE_ID": 115940,
  "EVENT_ID": 696653,
  "STATE": "GULF OF MEXICO",
  "STATE_FIPS": 85,
  "YEAR": 2017,
  "MONTH_NAME": "June",
  "EVENT_TYPE": "Marine Thunderstorm Wind",
  "CZ_TYPE": "Z",
  "CZ_FIPS": 830,
  "CZ_NAME": "TAMPA BAY",
  "WFO": "TBW",
  "BEGIN_DATE_TIME": "14-JUN-17 14:55:00",
  "CZ_TIMEZONE": "EST-5",
  "END_DATE_TIME": "14-JUN-17 14:55:00",
  "INJURIES_DIRECT": 0,
  "INJURIES_INDIRECT": 0,
  "DEATHS_DIRECT": 0,
  "DEATHS_INDIRECT": 0,
  "DAMAGE_PROPERTY": "0.00K",
  "DAMAGE_CROPS": "0.00K",
  "SOURCE": "Mesonet",
  "MAGNITUDE": 43,
  "MAGNITUDE_TYPE": "EG",
  "FLOOD_CAUSE": "",
  "CATEGORY": "",
  "TOR_F_SCALE": "",
  "TOR_LENGTH": "",
  "TOR_WIDTH": "",
  "TOR_OTHER_WFO": "",
  "TOR_OTHER_CZ_STATE": "",
  "TOR_OTHER_CZ_FIPS": "",
  "TOR_OTHER_CZ_NAME": "",
  "BEGIN_RANGE": 3,
  "BEGIN_AZIMUTH": "WSW",
  "BEGIN_LOCATION": "MIDDLE TAMPA BAY",
  "END_RANGE": 3,
  "END_AZIMUTH": "WSW",
  "END_LOCATION": "MIDDLE TAMPA BAY",
  "BEGIN_LAT": 27.76,
  "BEGIN_LON": -82.57,
  "END_LAT": 27.76,
  "END_LON": -82.57,
  "text": "Deep moisture across the area led to scattered thunderstorms developing over the Florida Peninsula and working west towards the coast through the afternoon. Some of these storms produced marine wind gusts, as well as a waterspout.",
  "EVENT_NARRATIVE": "A WeatherFlow station in the Tampa Bay recorded a 43 knot thunderstorm wind gust.",
  "DATA_SOURCE": "CSV"
}
