{
  "BEGIN_YEARMONTH": 201706,
  "BEGIN_DAY": 17,
  "BEGIN_TIME": 432,
  "END_YEARMONTH": 201706,
  "END_DAY": 17,
  "END_TIME": 432,
  "EPISODE_ID": 116224,
  "EVENT_ID": 698779,
  "STATE": "KANSAS",
  "STATE_FIPS": 20,
  "YEAR": 2017,
  "MONTH_NAME": "June",
  "EVENT_TYPE": "Thunderstorm Wind",
  "CZ_TYPE": "C",
  "CZ_FIPS": 37,
  "CZ_NAME": "CRAWFORD",
  "WFO": "SGF",
  "BEGIN_DATE_TIME": "17-JUN-17 04:32:00",
  "CZ_TIMEZONE": "CST-6",
  "END_DATE_TIME": "17-JUN-17 04:32:00",
  "INJURIES_DIRECT": 0,
  "INJURIES_INDIRECT": 0,
  "DEATHS_DIRECT": 0,
  "DEATHS_INDIRECT": 0,
  "DAMAGE_PROPERTY": "0.00K",
  "DAMAGE_CROPS": "0.00K",
  "SOURCE": "Fire Department/Rescue",
  "MAGNITUDE": 52,
  "MAGNITUDE_TYPE": "EG",
  "FLOOD_CAUSE": "",
  "CATEGORY": "",
  "TOR_F_SCALE": "",
  "TOR_LENGTH": "",
  "TOR_WIDTH": "",
  "TOR_OTHER_WFO": "",
  "TOR_OTHER_CZ_STATE": "",
  "TOR_OTHER_CZ_FIPS": "",
  "TOR_OTHER_CZ_NAME": "",
  "BEGIN_RANGE": 0,
  "BEGIN_AZIMUTH": "N",
  "BEGIN_LOCATION": "PITTSBURG",
  "END_RANGE": 0,
  "END_AZIMUTH": "N",
  "END_LOCATION": "PITTSBURG",
  "BEGIN_LAT": 37.42,
  "BEGIN_LON": -94.7,
  "END_LAT": 37.42,
  "END_LON": -94.7,
  "text": "Severe thunderstorm produced reports of wind damage and large hail across southeast Kansas.",
  "EVENT_NARRATIVE": "A large tree was blown down on North Broadway.",
  "DATA_SOURCE": "CSV"
}
