{
  "BEGIN_YEARMONTH": 201806,
  "BEGIN_DAY": 8,
  "BEGIN_TIME": 2030,
  "END_YEARMONTH": 201806,
  "END_DAY": 8,
  "END_TIME": 2030,
  "EPISODE_ID": 125642,
  "EVENT_ID": 753528,
  "STATE": "NEBRASKA",
  "STATE_FIPS": 31,
  "YEAR": 2018,
  "MONTH_NAME": "June",
  "EVENT_TYPE": "Thunderstorm Wind",
  "CZ_TYPE": "C",
  "CZ_FIPS": 31,
  "CZ_NAME": "CHERRY",
  "WFO": "LBF",
  "BEGIN_DATE_TIME": "6/8/18 20:30",
  "CZ_TIMEZONE": "CST-6",
  "END_DATE_TIME": "6/8/18 20:30",
  "INJURIES_DIRECT": 0,
  "INJURIES_INDIRECT": 0,
  "DEATHS_DIRECT": 0,
  "DEATHS_INDIRECT": 0,
  "DAMAGE_PROPERTY": "0.00K",
  "DAMAGE_CROPS": "0.00K",
  "SOURCE": "Public",
  "MAGNITUDE": 52,
  "MAGNITUDE_TYPE": "EG",
  "FLOOD_CAUSE": "",
  "CATEGORY": "",
  "TOR_F_SCALE": "",
  "TOR_LENGTH": "",
  "TOR_WIDTH": "",
  "TOR_OTHER_WFO": "",
  "TOR_OTHER_CZ_STATE": "",
  "TOR_OTHER_CZ_FIPS": "",
  "TOR_OTHER_CZ_NAME": "",
  "BEGIN_RANGE": 8,
  "BEGIN_AZIMUTH": "S",
  "BEGIN_LOCATION": "KILGORE",
  "END_RANGE": 8,
  "END_AZIMUTH": "S",
  "END_LOCATION": "KILGORE",
  "BEGIN_LAT": 42.81,
  "BEGIN_LON": -100.96,
  "END_LAT": 42.81,
  "END_LON": -100.96,
  "text": "Isolated thunderstorms developed in northwestern Cherry county during the early evening hours of June 8th. This activity developed along a stationary front which was anchored from northwestern Nebraska into east central Nebraska. As this activity pushed east along the front, a line of storms developed and tracked to the east southeast into portions of central Nebraska. Hail up to two inches in diameter and thunderstorm wind damage was reported. The activity persisted into the early morning hours of June 9th.",
  "EVENT_NARRATIVE": "Thunderstorm wind gusts estimated at 60 MPH reported at this location.",
  "DATA_SOURCE": "CSV"
}
