{
  "BEGIN_YEARMONTH": 201806,
  "BEGIN_DAY": 25,
  "BEGIN_TIME": 30,
  "END_YEARMONTH": 201806,
  "END_DAY": 25,
  "END_TIME": 500,
  "EPISODE_ID": 125905,
  "EVENT_ID": 754859,
  "STATE": "MASSACHUSETTS",
  "STATE_FIPS": 25,
  "YEAR": 2018,
  "MONTH_NAME": "June",
  "EVENT_TYPE": "Flood",
  "CZ_TYPE": "C",
  "CZ_FIPS": 17,
  "CZ_NAME": "MIDDLESEX",
  "WFO": "BOX",
  "BEGIN_DATE_TIME": "6/25/18 0:30",
  "CZ_TIMEZONE": "EST-5",
  "END_DATE_TIME": "6/25/18 5:00",
  "INJURIES_DIRECT": 0,
  "INJURIES_INDIRECT": 0,
  "DEATHS_DIRECT": 0,
  "DEATHS_INDIRECT": 0,
  "DAMAGE_PROPERTY": "0.00K",
  "DAMAGE_CROPS": "0.00K",
  "SOURCE": "Amateur Radio",
  "MAGNITUDE": "",
  "MAGNITUDE_TYPE": "",
  "FLOOD_CAUSE": "Heavy Rain",
  "CATEGORY": "",
  "TOR_F_SCALE": "",
  "TOR_LENGTH": "",
  "TOR_WIDTH": "",
  "TOR_OTHER_WFO": "",
  "TOR_OTHER_CZ_STATE": "",
  "TOR_OTHER_CZ_FIPS": "",
  "TOR_OTHER_CZ_NAME": "",
  "BEGIN_RANGE": 0,
  "BEGIN_AZIMUTH": "ESE",
  "BEGIN_LOCATION": "SILVER HILL",
  "END_RANGE": 0,
  "END_AZIMUTH": "ESE",
  "END_LOCATION": "SILVER HILL",
  "BEGIN_LAT": 42.3989,
  "BEGIN_LON": -71.2767,
  "END_LAT": 42.3975,
  "END_LON": -71.2717,
  "text": "A cold front moved through from the Great Lakes the night of June 24th. This brought showers and thunderstorms with locally heavy downpours, with rainfall amounts up to 2 inches.",
  "EVENT_NARRATIVE": "At 12:30 AM EST, Winter Street along the western side of the Cambridge Reservoir in Waltham was reported flooded and impassable.",
  "DATA_SOURCE": "CSV"
}
