{
  "BEGIN_YEARMONTH": 201805,
  "BEGIN_DAY": 25,
  "BEGIN_TIME": 1845,
  "END_YEARMONTH": 201805,
  "END_DAY": 25,
  "END_TIME": 1900,
  "EPISODE_ID": 124608,
  "EVENT_ID": 749299,
  "STATE": "IDAHO",
  "STATE_FIPS": 16,
  "YEAR": 2018,
  "MONTH_NAME": "May",
  "EVENT_TYPE": "Hail",
  "CZ_TYPE": "C",
  "CZ_FIPS": 3,
  "CZ_NAME": "ADAMS",
  "WFO": "BOI",
  "BEGIN_DATE_TIME": "5/25/18 18:45",
  "CZ_TIMEZONE": "MST-7",
  "END_DATE_TIME": "5/25/18 19:00",
  "INJURIES_DIRECT": 0,
  "INJURIES_INDIRECT": 0,
  "DEATHS_DIRECT": 0,
  "DEATHS_INDIRECT": 0,
  "DAMAGE_PROPERTY": "0.00K",
  "DAMAGE_CROPS": "0.00K",
  "SOURCE": "Trained Spotter",
  "MAGNITUDE": 1.75,
  "MAGNITUDE_TYPE": "",
  "FLOOD_CAUSE": "",
  "CATEGORY": "",
  "TOR_F_SCALE": "",
  "TOR_LENGTH": "",
  "TOR_WIDTH": "",
  "TOR_OTHER_WFO": "",
  "TOR_OTHER_CZ_STATE": "",
  "TOR_OTHER_CZ_FIPS": "",
  "TOR_OTHER_CZ_NAME": "",
  "BEGIN_RANGE": 1,
  "BEGIN_AZIMUTH": "N",
  "BEGIN_LOCATION": "NEW MEADOWS ARPT",
  "END_RANGE": 3,
  "END_AZIMUTH": "NNW",
  "END_LOCATION": "NEW MEADOWS ARPT",
  "BEGIN_LAT": 44.99,
  "BEGIN_LON": -116.28,
  "END_LAT": 45.0259,
  "END_LON": -116.2999,
  "text": "A vigorous upper level low moved northeast out of California and spread strong to severe thunderstorms across Southeast Oregon and Southwest Idaho with large hail and damaging winds.",
  "EVENT_NARRATIVE": "A trained spotter reported golf ball sized hail just north of New Meadows along U.S. Highway 95.",
  "DATA_SOURCE": "CSV"
}
