{
  "BEGIN_YEARMONTH": 201805,
  "BEGIN_DAY": 4,
  "BEGIN_TIME": 1908,
  "END_YEARMONTH": 201805,
  "END_DAY": 4,
  "END_TIME": 1910,
  "EPISODE_ID": 124116,
  "EVENT_ID": 745023,
  "STATE": "NEW YORK",
  "STATE_FIPS": 36,
  "YEAR": 2018,
  "MONTH_NAME": "May",
  "EVENT_TYPE": "Thunderstorm Wind",
  "CZ_TYPE": "C",
  "CZ_FIPS": 31,
  "CZ_NAME": "ESSEX",
  "WFO": "BTV",
  "BEGIN_DATE_TIME": "5/4/18 19:08",
  "CZ_TIMEZONE": "EST-5",
  "END_DATE_TIME": "5/4/18 19:10",
  "INJURIES_DIRECT": 0,
  "INJURIES_INDIRECT": 0,
  "DEATHS_DIRECT": 0,
  "DEATHS_INDIRECT": 0,
  "DAMAGE_PROPERTY": "25.00K",
  "DAMAGE_CROPS": "0.00K",
  "SOURCE": "Emergency Manager",
  "MAGNITUDE": 55,
  "MAGNITUDE_TYPE": "EG",
  "FLOOD_CAUSE": "",
  "CATEGORY": "",
  "TOR_F_SCALE": "",
  "TOR_LENGTH": "",
  "TOR_WIDTH": "",
  "TOR_OTHER_WFO": "",
  "TOR_OTHER_CZ_STATE": "",
  "TOR_OTHER_CZ_FIPS": "",
  "TOR_OTHER_CZ_NAME": "",
  "BEGIN_RANGE": 0,
  "BEGIN_AZIMUTH": "N",
  "BEGIN_LOCATION": "TICONDEROGA",
  "END_RANGE": 0,
  "END_AZIMUTH": "N",
  "END_LOCATION": "TICONDEROGA",
  "BEGIN_LAT": 43.85,
  "BEGIN_LON": -73.43,
  "END_LAT": 43.85,
  "END_LON": -73.43,
  "text": "An energetic storm system moved from the Great Lakes across the St. Lawrence Valley into Ontario/Quebec during the afternoon and evening hours of May 4th. Instability was marginal for thunderstorm development during the afternoon and evening hours with thunderstorms ahead of a cold front. However, winds were unseasonably strong in the atmosphere, accounting for some thunderstorms to produce damaging winds and there was some localized damage in non-thunderstorm winds accompanying the arrival of  colder air.",
  "EVENT_NARRATIVE": "Several trees and utility lines downed by thunderstorm winds.",
  "DATA_SOURCE": "CSV"
}
