{
  "BEGIN_YEARMONTH": 201805,
  "BEGIN_DAY": 30,
  "BEGIN_TIME": 801,
  "END_YEARMONTH": 201805,
  "END_DAY": 30,
  "END_TIME": 803,
  "EPISODE_ID": 124947,
  "EVENT_ID": 749421,
  "STATE": "FLORIDA",
  "STATE_FIPS": 12,
  "YEAR": 2018,
  "MONTH_NAME": "May",
  "EVENT_TYPE": "Tornado",
  "CZ_TYPE": "C",
  "CZ_FIPS": 27,
  "CZ_NAME": "DE SOTO",
  "WFO": "TBW",
  "BEGIN_DATE_TIME": "5/30/18 8:01",
  "CZ_TIMEZONE": "EST-5",
  "END_DATE_TIME": "5/30/18 8:03",
  "INJURIES_DIRECT": 0,
  "INJURIES_INDIRECT": 0,
  "DEATHS_DIRECT": 0,
  "DEATHS_INDIRECT": 0,
  "DAMAGE_PROPERTY": "10.00K",
  "DAMAGE_CROPS": "0.00K",
  "SOURCE": "Emergency Manager",
  "MAGNITUDE": "",
  "MAGNITUDE_TYPE": "",
  "FLOOD_CAUSE": "",
  "CATEGORY": "",
  "TOR_F_SCALE": "EF0",
  "TOR_LENGTH": 0.78,
  "TOR_WIDTH": 50,
  "TOR_OTHER_WFO": "",
  "TOR_OTHER_CZ_STATE": "",
  "TOR_OTHER_CZ_FIPS": "",
  "TOR_OTHER_CZ_NAME": "",
  "BEGIN_RANGE": 3,
  "BEGIN_AZIMUTH": "SW",
  "BEGIN_LOCATION": "JOSHUA",
  "END_RANGE": 2,
  "END_AZIMUTH": "SW",
  "END_LOCATION": "JOSHUA",
  "BEGIN_LAT": 27.1902,
  "BEGIN_LON": -81.7471,
  "END_LAT": 27.2011,
  "END_LON": -81.7501,
  "text": "Scattered showers and thunderstorms moved north through west central Florida on the morning of the 30th. One of the storms produced a brief tornado touchdown east of Arcadia, destroying a barn.",
  "EVENT_NARRATIVE": "DeSoto County emergency management reported a barn was destroyed by a brief tornado touchdown east of Arcadia. There were 5 antique cars in the barn at the time that were not damaged.",
  "DATA_SOURCE": "CSV"
}
