{
  "BEGIN_YEARMONTH": 201805,
  "BEGIN_DAY": 28,
  "BEGIN_TIME": 1826,
  "END_YEARMONTH": 201805,
  "END_DAY": 28,
  "END_TIME": 1826,
  "EPISODE_ID": 124945,
  "EVENT_ID": 749420,
  "STATE": "GULF OF MEXICO",
  "STATE_FIPS": 85,
  "YEAR": 2018,
  "MONTH_NAME": "May",
  "EVENT_TYPE": "Marine Thunderstorm Wind",
  "CZ_TYPE": "Z",
  "CZ_FIPS": 830,
  "CZ_NAME": "TAMPA BAY",
  "WFO": "TBW",
  "BEGIN_DATE_TIME": "5/28/18 18:26",
  "CZ_TIMEZONE": "EST-5",
  "END_DATE_TIME": "5/28/18 18:26",
  "INJURIES_DIRECT": 0,
  "INJURIES_INDIRECT": 0,
  "DEATHS_DIRECT": 0,
  "DEATHS_INDIRECT": 0,
  "DAMAGE_PROPERTY": "0.00K",
  "DAMAGE_CROPS": "0.00K",
  "SOURCE": "Mesonet",
  "MAGNITUDE": 34,
  "MAGNITUDE_TYPE": "EG",
  "FLOOD_CAUSE": "",
  "CATEGORY": "",
  "TOR_F_SCALE": "",
  "TOR_LENGTH": "",
  "TOR_WIDTH": "",
  "TOR_OTHER_WFO": "",
  "TOR_OTHER_CZ_STATE": "",
  "TOR_OTHER_CZ_FIPS": "",
  "TOR_OTHER_CZ_NAME": "",
  "BEGIN_RANGE": 7,
  "BEGIN_AZIMUTH": "W",
  "BEGIN_LOCATION": "LOWER TAMPA BAY",
  "END_RANGE": 7,
  "END_AZIMUTH": "W",
  "END_LOCATION": "LOWER TAMPA BAY",
  "BEGIN_LAT": 27.61,
  "BEGIN_LON": -82.76,
  "END_LAT": 27.61,
  "END_LON": -82.76,
  "text": "Bands of showers and thunderstorms moved onshore in the wake of Subtropical Storm Alberto. A couple of these storms produced marine thunderstorm wind gusts along the coast.",
  "EVENT_NARRATIVE": "A WeatherFlow station on Egmont Key (XEGM) recorded a 34 knot thunderstorm wind gust.",
  "DATA_SOURCE": "CSV"
}
