{
  "BEGIN_YEARMONTH": 201805,
  "BEGIN_DAY": 20,
  "BEGIN_TIME": 2154,
  "END_YEARMONTH": 201805,
  "END_DAY": 20,
  "END_TIME": 2200,
  "EPISODE_ID": 125200,
  "EVENT_ID": 750880,
  "STATE": "GULF OF MEXICO",
  "STATE_FIPS": 85,
  "YEAR": 2018,
  "MONTH_NAME": "May",
  "EVENT_TYPE": "Marine Thunderstorm Wind",
  "CZ_TYPE": "Z",
  "CZ_FIPS": 230,
  "CZ_NAME": "CORPUS CHRISTI TO BAFFIN BAY",
  "WFO": "CRP",
  "BEGIN_DATE_TIME": "5/20/18 21:54",
  "CZ_TIMEZONE": "CST-6",
  "END_DATE_TIME": "5/20/18 22:00",
  "INJURIES_DIRECT": 0,
  "INJURIES_INDIRECT": 0,
  "DEATHS_DIRECT": 0,
  "DEATHS_INDIRECT": 0,
  "DAMAGE_PROPERTY": "0.00K",
  "DAMAGE_CROPS": "0.00K",
  "SOURCE": "Mesonet",
  "MAGNITUDE": 36,
  "MAGNITUDE_TYPE": "MG",
  "FLOOD_CAUSE": "",
  "CATEGORY": "",
  "TOR_F_SCALE": "",
  "TOR_LENGTH": "",
  "TOR_WIDTH": "",
  "TOR_OTHER_WFO": "",
  "TOR_OTHER_CZ_STATE": "",
  "TOR_OTHER_CZ_FIPS": "",
  "TOR_OTHER_CZ_NAME": "",
  "BEGIN_RANGE": 5,
  "BEGIN_AZIMUTH": "WSW",
  "BEGIN_LOCATION": "BAFFIN BAY",
  "END_RANGE": 5,
  "END_AZIMUTH": "WSW",
  "END_LOCATION": "BAFFIN BAY",
  "BEGIN_LAT": 27.297,
  "BEGIN_LON": -97.4049,
  "END_LAT": 27.297,
  "END_LON": -97.4049,
  "text": "Storms moved through the Brush Country into the Coastal Bend during the evening hours of the 20th. Wind gusts around 35 knots occurred between Corpus Christi Bay and Baffin Bay.",
  "EVENT_NARRATIVE": "TCOON site at Baffin Bay measured a gust to 34 knots.",
  "DATA_SOURCE": "CSV"
}
