{
  "BEGIN_YEARMONTH": 201805,
  "BEGIN_DAY": 5,
  "BEGIN_TIME": 1745,
  "END_YEARMONTH": 201805,
  "END_DAY": 5,
  "END_TIME": 1815,
  "EPISODE_ID": 124591,
  "EVENT_ID": 747604,
  "STATE": "OREGON",
  "STATE_FIPS": 41,
  "YEAR": 2018,
  "MONTH_NAME": "May",
  "EVENT_TYPE": "Hail",
  "CZ_TYPE": "C",
  "CZ_FIPS": 1,
  "CZ_NAME": "BAKER",
  "WFO": "BOI",
  "BEGIN_DATE_TIME": "5/5/18 17:45",
  "CZ_TIMEZONE": "PST-8",
  "END_DATE_TIME": "5/5/18 18:15",
  "INJURIES_DIRECT": 0,
  "INJURIES_INDIRECT": 0,
  "DEATHS_DIRECT": 0,
  "DEATHS_INDIRECT": 0,
  "DAMAGE_PROPERTY": "0.00K",
  "DAMAGE_CROPS": "0.00K",
  "SOURCE": "Law Enforcement",
  "MAGNITUDE": 1,
  "MAGNITUDE_TYPE": "",
  "FLOOD_CAUSE": "",
  "CATEGORY": "",
  "TOR_F_SCALE": "",
  "TOR_LENGTH": "",
  "TOR_WIDTH": "",
  "TOR_OTHER_WFO": "",
  "TOR_OTHER_CZ_STATE": "",
  "TOR_OTHER_CZ_FIPS": "",
  "TOR_OTHER_CZ_NAME": "",
  "BEGIN_RANGE": 3,
  "BEGIN_AZIMUTH": "NW",
  "BEGIN_LOCATION": "WINGVILLE",
  "END_RANGE": 7,
  "END_AZIMUTH": "E",
  "END_LOCATION": "HAINES",
  "BEGIN_LAT": 44.87,
  "BEGIN_LON": -117.94,
  "END_LAT": 44.9325,
  "END_LON": -117.7858,
  "text": "Strong to severe thunderstorms developed ahead of an upper level trough moving through the Pacific Northwest. Large hail and gusty winds were associated with these storms.",
  "EVENT_NARRATIVE": "A Baker County Sheriff deputy reported quarter size hail 9 miles northwest of Baker City.",
  "DATA_SOURCE": "CSV"
}
