{
  "BEGIN_YEARMONTH": 201805,
  "BEGIN_DAY": 31,
  "BEGIN_TIME": 1435,
  "END_YEARMONTH": 201805,
  "END_DAY": 31,
  "END_TIME": 1436,
  "EPISODE_ID": 124669,
  "EVENT_ID": 751924,
  "STATE": "KENTUCKY",
  "STATE_FIPS": 21,
  "YEAR": 2018,
  "MONTH_NAME": "May",
  "EVENT_TYPE": "Thunderstorm Wind",
  "CZ_TYPE": "C",
  "CZ_FIPS": 187,
  "CZ_NAME": "OWEN",
  "WFO": "ILN",
  "BEGIN_DATE_TIME": "5/31/18 14:35",
  "CZ_TIMEZONE": "EST-5",
  "END_DATE_TIME": "5/31/18 14:36",
  "INJURIES_DIRECT": 0,
  "INJURIES_INDIRECT": 0,
  "DEATHS_DIRECT": 0,
  "DEATHS_INDIRECT": 0,
  "DAMAGE_PROPERTY": "0.00K",
  "DAMAGE_CROPS": "0.00K",
  "SOURCE": "Mesonet",
  "MAGNITUDE": 51,
  "MAGNITUDE_TYPE": "MG",
  "FLOOD_CAUSE": "",
  "CATEGORY": "",
  "TOR_F_SCALE": "",
  "TOR_LENGTH": "",
  "TOR_WIDTH": "",
  "TOR_OTHER_WFO": "",
  "TOR_OTHER_CZ_STATE": "",
  "TOR_OTHER_CZ_FIPS": "",
  "TOR_OTHER_CZ_NAME": "",
  "BEGIN_RANGE": 1,
  "BEGIN_AZIMUTH": "E",
  "BEGIN_LOCATION": "SWEET OWEN",
  "END_RANGE": 1,
  "END_AZIMUTH": "E",
  "END_LOCATION": "SWEET OWEN",
  "BEGIN_LAT": 38.55,
  "BEGIN_LON": -84.74,
  "END_LAT": 38.55,
  "END_LON": -84.74,
  "text": "A complex of thunderstorms pushed east across the Ohio Valley during the afternoon hours. Several of the thunderstorms produced damaging wind gusts.",
  "EVENT_NARRATIVE": "",
  "DATA_SOURCE": "CSV"
}
