{
  "BEGIN_YEARMONTH": 201805,
  "BEGIN_DAY": 26,
  "BEGIN_TIME": 1404,
  "END_YEARMONTH": 201805,
  "END_DAY": 26,
  "END_TIME": 1406,
  "EPISODE_ID": 124505,
  "EVENT_ID": 747008,
  "STATE": "OHIO",
  "STATE_FIPS": 39,
  "YEAR": 2018,
  "MONTH_NAME": "May",
  "EVENT_TYPE": "Thunderstorm Wind",
  "CZ_TYPE": "C",
  "CZ_FIPS": 145,
  "CZ_NAME": "SCIOTO",
  "WFO": "ILN",
  "BEGIN_DATE_TIME": "5/26/18 14:04",
  "CZ_TIMEZONE": "EST-5",
  "END_DATE_TIME": "5/26/18 14:06",
  "INJURIES_DIRECT": 0,
  "INJURIES_INDIRECT": 0,
  "DEATHS_DIRECT": 0,
  "DEATHS_INDIRECT": 0,
  "DAMAGE_PROPERTY": "1.00K",
  "DAMAGE_CROPS": "0.00K",
  "SOURCE": "Emergency Manager",
  "MAGNITUDE": 45,
  "MAGNITUDE_TYPE": "EG",
  "FLOOD_CAUSE": "",
  "CATEGORY": "",
  "TOR_F_SCALE": "",
  "TOR_LENGTH": "",
  "TOR_WIDTH": "",
  "TOR_OTHER_WFO": "",
  "TOR_OTHER_CZ_STATE": "",
  "TOR_OTHER_CZ_FIPS": "",
  "TOR_OTHER_CZ_NAME": "",
  "BEGIN_RANGE": 0,
  "BEGIN_AZIMUTH": "N",
  "BEGIN_LOCATION": "SCIOTOVILLE",
  "END_RANGE": 0,
  "END_AZIMUTH": "N",
  "END_LOCATION": "SCIOTOVILLE",
  "BEGIN_LAT": 38.7763,
  "BEGIN_LON": -82.8811,
  "END_LAT": 38.7763,
  "END_LON": -82.8811,
  "text": "Isolated thunderstorms developed during the afternoon hours in an unstable air mass that was in place across the region.",
  "EVENT_NARRATIVE": "A tree was downed across Elliot Hill Road.",
  "DATA_SOURCE": "CSV"
}
