{
  "BEGIN_YEARMONTH": 201805,
  "BEGIN_DAY": 26,
  "BEGIN_TIME": 1615,
  "END_YEARMONTH": 201805,
  "END_DAY": 26,
  "END_TIME": 1620,
  "EPISODE_ID": 125343,
  "EVENT_ID": 751713,
  "STATE": "LAKE MICHIGAN",
  "STATE_FIPS": 91,
  "YEAR": 2018,
  "MONTH_NAME": "May",
  "EVENT_TYPE": "Marine Hail",
  "CZ_TYPE": "Z",
  "CZ_FIPS": 221,
  "CZ_NAME": "GREEN BAY N FROM CEDAR RIVER MI TO ROCK ISLAND PASSAGE",
  "WFO": "MQT",
  "BEGIN_DATE_TIME": "5/26/18 16:15",
  "CZ_TIMEZONE": "EST-5",
  "END_DATE_TIME": "5/26/18 16:20",
  "INJURIES_DIRECT": 0,
  "INJURIES_INDIRECT": 0,
  "DEATHS_DIRECT": 0,
  "DEATHS_INDIRECT": 0,
  "DAMAGE_PROPERTY": "0.00K",
  "DAMAGE_CROPS": "0.00K",
  "SOURCE": "Public",
  "MAGNITUDE": 0.75,
  "MAGNITUDE_TYPE": "",
  "FLOOD_CAUSE": "",
  "CATEGORY": "",
  "TOR_F_SCALE": "",
  "TOR_LENGTH": "",
  "TOR_WIDTH": "",
  "TOR_OTHER_WFO": "",
  "TOR_OTHER_CZ_STATE": "",
  "TOR_OTHER_CZ_FIPS": "",
  "TOR_OTHER_CZ_NAME": "",
  "BEGIN_RANGE": 5,
  "BEGIN_AZIMUTH": "SSW",
  "BEGIN_LOCATION": "CEDAR RIVER ENTRANCE LIGHT",
  "END_RANGE": 5,
  "END_AZIMUTH": "SSW",
  "END_LOCATION": "CEDAR RIVER ENTRANCE LIGHT",
  "BEGIN_LAT": 45.3495,
  "BEGIN_LON": -87.3961,
  "END_LAT": 45.3495,
  "END_LON": -87.3961,
  "text": "A strong thunderstorm dropped penny-sized hail five miles southwest of Cedar River on the afternoon of the 26th.",
  "EVENT_NARRATIVE": "There was a public report of penny-sized hail southwest of Cedar River.",
  "DATA_SOURCE": "CSV"
}
