{
  "BEGIN_YEARMONTH": 201806,
  "BEGIN_DAY": 1,
  "BEGIN_TIME": 1830,
  "END_YEARMONTH": 201806,
  "END_DAY": 1,
  "END_TIME": 1831,
  "EPISODE_ID": 125589,
  "EVENT_ID": 753257,
  "STATE": "TEXAS",
  "STATE_FIPS": 48,
  "YEAR": 2018,
  "MONTH_NAME": "June",
  "EVENT_TYPE": "Thunderstorm Wind",
  "CZ_TYPE": "C",
  "CZ_FIPS": 33,
  "CZ_NAME": "BORDEN",
  "WFO": "MAF",
  "BEGIN_DATE_TIME": "6/1/18 18:30",
  "CZ_TIMEZONE": "CST-6",
  "END_DATE_TIME": "6/1/18 18:31",
  "INJURIES_DIRECT": 0,
  "INJURIES_INDIRECT": 0,
  "DEATHS_DIRECT": 0,
  "DEATHS_INDIRECT": 0,
  "DAMAGE_PROPERTY": "8.00K",
  "DAMAGE_CROPS": "",
  "SOURCE": "Emergency Manager",
  "MAGNITUDE": 61,
  "MAGNITUDE_TYPE": "EG",
  "FLOOD_CAUSE": "",
  "CATEGORY": "",
  "TOR_F_SCALE": "",
  "TOR_LENGTH": "",
  "TOR_WIDTH": "",
  "TOR_OTHER_WFO": "",
  "TOR_OTHER_CZ_STATE": "",
  "TOR_OTHER_CZ_FIPS": "",
  "TOR_OTHER_CZ_NAME": "",
  "BEGIN_RANGE": 10,
  "BEGIN_AZIMUTH": "SSE",
  "BEGIN_LOCATION": "GAIL",
  "END_RANGE": 10,
  "END_AZIMUTH": "SSE",
  "END_LOCATION": "GAIL",
  "BEGIN_LAT": 32.6309,
  "BEGIN_LON": -101.3912,
  "END_LAT": 32.6309,
  "END_LON": -101.3912,
  "text": "An upper ridge was over the region with an upper trough moving east over the western part of the country. A surface trough was present from the Texas panhandle south to the Big Bend region. A dryline extended from the Permian Basin south to near Fort Stockton. Very good surface heating, moisture, and instability were across the area. These conditions allowed for thunderstorms with large hail and strong winds to develop across the northern Permian Basin and Western Low Rolling Plains.",
  "EVENT_NARRATIVE": "A thunderstorm moved across Borden County and produced wind damage ten miles south of Gail. Power poles were blown down along Willow Valley Road. The cost of damage is a very rough estimate.",
  "DATA_SOURCE": "CSV"
}
