{
  "BEGIN_YEARMONTH": 201805,
  "BEGIN_DAY": 7,
  "BEGIN_TIME": 1739,
  "END_YEARMONTH": 201805,
  "END_DAY": 7,
  "END_TIME": 1739,
  "EPISODE_ID": 123964,
  "EVENT_ID": 743992,
  "STATE": "KENTUCKY",
  "STATE_FIPS": 21,
  "YEAR": 2018,
  "MONTH_NAME": "May",
  "EVENT_TYPE": "Hail",
  "CZ_TYPE": "C",
  "CZ_FIPS": 95,
  "CZ_NAME": "HARLAN",
  "WFO": "JKL",
  "BEGIN_DATE_TIME": "5/7/18 17:39",
  "CZ_TIMEZONE": "EST-5",
  "END_DATE_TIME": "5/7/18 17:39",
  "INJURIES_DIRECT": 0,
  "INJURIES_INDIRECT": 0,
  "DEATHS_DIRECT": 0,
  "DEATHS_INDIRECT": 0,
  "DAMAGE_PROPERTY": "",
  "DAMAGE_CROPS": "",
  "SOURCE": "Public",
  "MAGNITUDE": 1,
  "MAGNITUDE_TYPE": "",
  "FLOOD_CAUSE": "",
  "CATEGORY": "",
  "TOR_F_SCALE": "",
  "TOR_LENGTH": "",
  "TOR_WIDTH": "",
  "TOR_OTHER_WFO": "",
  "TOR_OTHER_CZ_STATE": "",
  "TOR_OTHER_CZ_FIPS": "",
  "TOR_OTHER_CZ_NAME": "",
  "BEGIN_RANGE": 0,
  "BEGIN_AZIMUTH": "N",
  "BEGIN_LOCATION": "CLOSPLINT",
  "END_RANGE": 0,
  "END_AZIMUTH": "N",
  "END_LOCATION": "CLOSPLINT",
  "BEGIN_LAT": 36.9,
  "BEGIN_LON": -83.07,
  "END_LAT": 36.9,
  "END_LON": -83.07,
  "text": "Thunderstorms once again developed this afternoon across southeastern and far eastern Kentucky with an upper level disturbance nearby. One of these storms briefly became strong enough to produce quarter sized hail in Harlan County.",
  "EVENT_NARRATIVE": "A citizen near Closplint reported quarter sized hail.",
  "DATA_SOURCE": "CSV"
}
