{
  "BEGIN_YEARMONTH": 201805,
  "BEGIN_DAY": 18,
  "BEGIN_TIME": 1945,
  "END_YEARMONTH": 201805,
  "END_DAY": 18,
  "END_TIME": 1945,
  "EPISODE_ID": 124230,
  "EVENT_ID": 745488,
  "STATE": "KENTUCKY",
  "STATE_FIPS": 21,
  "YEAR": 2018,
  "MONTH_NAME": "May",
  "EVENT_TYPE": "Strong Wind",
  "CZ_TYPE": "Z",
  "CZ_FIPS": 69,
  "CZ_NAME": "JACKSON",
  "WFO": "JKL",
  "BEGIN_DATE_TIME": "5/18/18 19:45",
  "CZ_TIMEZONE": "EST-5",
  "END_DATE_TIME": "5/18/18 19:45",
  "INJURIES_DIRECT": 0,
  "INJURIES_INDIRECT": 0,
  "DEATHS_DIRECT": 0,
  "DEATHS_INDIRECT": 0,
  "DAMAGE_PROPERTY": "1.00K",
  "DAMAGE_CROPS": "0.00K",
  "SOURCE": "911 Call Center",
  "MAGNITUDE": 39,
  "MAGNITUDE_TYPE": "EG",
  "FLOOD_CAUSE": "",
  "CATEGORY": "",
  "TOR_F_SCALE": "",
  "TOR_LENGTH": "",
  "TOR_WIDTH": "",
  "TOR_OTHER_WFO": "",
  "TOR_OTHER_CZ_STATE": "",
  "TOR_OTHER_CZ_FIPS": "",
  "TOR_OTHER_CZ_NAME": "",
  "BEGIN_RANGE": "",
  "BEGIN_AZIMUTH": "",
  "BEGIN_LOCATION": "",
  "END_RANGE": "",
  "END_AZIMUTH": "",
  "END_LOCATION": "",
  "BEGIN_LAT": "",
  "BEGIN_LON": "",
  "END_LAT": "",
  "END_LON": "",
  "text": "Numerous showers and thunderstorms developed this afternoon, extending into the evening ahead of an upper level disturbance. While storms were progressive in nature, continued development and repeated rounds of moderate to heavy rainfall over certain locations led to instances of flash flooding. The heavy rainfall also caused a mudslide which damaged a mobile home in Perry County. Additionally, a cloud to ground lightning strike near Somerset set a hay barn on fire.",
  "EVENT_NARRATIVE": "Dispatch reported a tree blown down onto power lines on Kentucky Highway 290 south of McKee.",
  "DATA_SOURCE": "CSV"
}
