{
  "BEGIN_YEARMONTH": 201805,
  "BEGIN_DAY": 26,
  "BEGIN_TIME": 1512,
  "END_YEARMONTH": 201805,
  "END_DAY": 26,
  "END_TIME": 1514,
  "EPISODE_ID": 124505,
  "EVENT_ID": 747009,
  "STATE": "OHIO",
  "STATE_FIPS": 39,
  "YEAR": 2018,
  "MONTH_NAME": "May",
  "EVENT_TYPE": "Thunderstorm Wind",
  "CZ_TYPE": "C",
  "CZ_FIPS": 61,
  "CZ_NAME": "HAMILTON",
  "WFO": "ILN",
  "BEGIN_DATE_TIME": "5/26/18 15:12",
  "CZ_TIMEZONE": "EST-5",
  "END_DATE_TIME": "5/26/18 15:14",
  "INJURIES_DIRECT": 0,
  "INJURIES_INDIRECT": 0,
  "DEATHS_DIRECT": 0,
  "DEATHS_INDIRECT": 0,
  "DAMAGE_PROPERTY": "3.00K",
  "DAMAGE_CROPS": "0.00K",
  "SOURCE": "Emergency Manager",
  "MAGNITUDE": 45,
  "MAGNITUDE_TYPE": "EG",
  "FLOOD_CAUSE": "",
  "CATEGORY": "",
  "TOR_F_SCALE": "",
  "TOR_LENGTH": "",
  "TOR_WIDTH": "",
  "TOR_OTHER_WFO": "",
  "TOR_OTHER_CZ_STATE": "",
  "TOR_OTHER_CZ_FIPS": "",
  "TOR_OTHER_CZ_NAME": "",
  "BEGIN_RANGE": 1,
  "BEGIN_AZIMUTH": "S",
  "BEGIN_LOCATION": "DELHI HILLS",
  "END_RANGE": 1,
  "END_AZIMUTH": "S",
  "END_LOCATION": "DELHI HILLS",
  "BEGIN_LAT": 39.11,
  "BEGIN_LON": -84.58,
  "END_LAT": 39.11,
  "END_LON": -84.58,
  "text": "Isolated thunderstorms developed during the afternoon hours in an unstable air mass that was in place across the region.",
  "EVENT_NARRATIVE": "A tree fell onto a house.",
  "DATA_SOURCE": "CSV"
}
