{
  "BEGIN_YEARMONTH": 201805,
  "BEGIN_DAY": 4,
  "BEGIN_TIME": 1822,
  "END_YEARMONTH": 201805,
  "END_DAY": 4,
  "END_TIME": 1822,
  "EPISODE_ID": 124116,
  "EVENT_ID": 745021,
  "STATE": "NEW YORK",
  "STATE_FIPS": 36,
  "YEAR": 2018,
  "MONTH_NAME": "May",
  "EVENT_TYPE": "Thunderstorm Wind",
  "CZ_TYPE": "C",
  "CZ_FIPS": 19,
  "CZ_NAME": "CLINTON",
  "WFO": "BTV",
  "BEGIN_DATE_TIME": "5/4/18 18:22",
  "CZ_TIMEZONE": "EST-5",
  "END_DATE_TIME": "5/4/18 18:22",
  "INJURIES_DIRECT": 0,
  "INJURIES_INDIRECT": 0,
  "DEATHS_DIRECT": 0,
  "DEATHS_INDIRECT": 0,
  "DAMAGE_PROPERTY": "15.00K",
  "DAMAGE_CROPS": "0.00K",
  "SOURCE": "Public",
  "MAGNITUDE": 50,
  "MAGNITUDE_TYPE": "EG",
  "FLOOD_CAUSE": "",
  "CATEGORY": "",
  "TOR_F_SCALE": "",
  "TOR_LENGTH": "",
  "TOR_WIDTH": "",
  "TOR_OTHER_WFO": "",
  "TOR_OTHER_CZ_STATE": "",
  "TOR_OTHER_CZ_FIPS": "",
  "TOR_OTHER_CZ_NAME": "",
  "BEGIN_RANGE": 1,
  "BEGIN_AZIMUTH": "SSE",
  "BEGIN_LOCATION": "ARNOLD HILL",
  "END_RANGE": 1,
  "END_AZIMUTH": "SSE",
  "END_LOCATION": "ARNOLD HILL",
  "BEGIN_LAT": 44.46,
  "BEGIN_LON": -73.61,
  "END_LAT": 44.46,
  "END_LON": -73.61,
  "text": "An energetic storm system moved from the Great Lakes across the St. Lawrence Valley into Ontario/Quebec during the afternoon and evening hours of May 4th. Instability was marginal for thunderstorm development during the afternoon and evening hours with thunderstorms ahead of a cold front. However, winds were unseasonably strong in the atmosphere, accounting for some thunderstorms to produce damaging winds and there was some localized damage in non-thunderstorm winds accompanying the arrival of  colder air.",
  "EVENT_NARRATIVE": "Tree and limbs down, including on a parked truck.",
  "DATA_SOURCE": "CSV"
}
