{
  "BEGIN_YEARMONTH": 201805,
  "BEGIN_DAY": 22,
  "BEGIN_TIME": 0,
  "END_YEARMONTH": 201805,
  "END_DAY": 31,
  "END_TIME": 2359,
  "EPISODE_ID": 125201,
  "EVENT_ID": 750886,
  "STATE": "TEXAS",
  "STATE_FIPS": 48,
  "YEAR": 2018,
  "MONTH_NAME": "May",
  "EVENT_TYPE": "Drought",
  "CZ_TYPE": "Z",
  "CZ_FIPS": 233,
  "CZ_NAME": "GOLIAD",
  "WFO": "CRP",
  "BEGIN_DATE_TIME": "5/22/18 0:00",
  "CZ_TIMEZONE": "CST-6",
  "END_DATE_TIME": "5/31/18 23:59",
  "INJURIES_DIRECT": 0,
  "INJURIES_INDIRECT": 0,
  "DEATHS_DIRECT": 0,
  "DEATHS_INDIRECT": 0,
  "DAMAGE_PROPERTY": "0.00K",
  "DAMAGE_CROPS": "0.00K",
  "SOURCE": "Drought Monitor",
  "MAGNITUDE": "",
  "MAGNITUDE_TYPE": "",
  "FLOOD_CAUSE": "",
  "CATEGORY": "",
  "TOR_F_SCALE": "",
  "TOR_LENGTH": "",
  "TOR_WIDTH": "",
  "TOR_OTHER_WFO": "",
  "TOR_OTHER_CZ_STATE": "",
  "TOR_OTHER_CZ_FIPS": "",
  "TOR_OTHER_CZ_NAME": "",
  "BEGIN_RANGE": "",
  "BEGIN_AZIMUTH": "",
  "BEGIN_LOCATION": "",
  "END_RANGE": "",
  "END_AZIMUTH": "",
  "END_LOCATION": "",
  "BEGIN_LAT": "",
  "BEGIN_LON": "",
  "END_LAT": "",
  "END_LON": "",
  "text": "An upper level ridge of high pressure was prevalent over South Texas for most of the month of May. Well below normal rainfall occurred during the month. Severe drought developed over portions of the western Brush Country and over the Coastal Bend by the end of the month.",
  "EVENT_NARRATIVE": "Severe drought developed over northern Goliad County toward the end of the month.",
  "DATA_SOURCE": "CSV"
}
