{
  "BEGIN_YEARMONTH": 201805,
  "BEGIN_DAY": 30,
  "BEGIN_TIME": 1700,
  "END_YEARMONTH": 201805,
  "END_DAY": 30,
  "END_TIME": 1710,
  "EPISODE_ID": 124920,
  "EVENT_ID": 749345,
  "STATE": "IDAHO",
  "STATE_FIPS": 16,
  "YEAR": 2018,
  "MONTH_NAME": "May",
  "EVENT_TYPE": "Hail",
  "CZ_TYPE": "C",
  "CZ_FIPS": 83,
  "CZ_NAME": "TWIN FALLS",
  "WFO": "BOI",
  "BEGIN_DATE_TIME": "5/30/18 17:00",
  "CZ_TIMEZONE": "MST-7",
  "END_DATE_TIME": "5/30/18 17:10",
  "INJURIES_DIRECT": 0,
  "INJURIES_INDIRECT": 0,
  "DEATHS_DIRECT": 0,
  "DEATHS_INDIRECT": 0,
  "DAMAGE_PROPERTY": "0.00K",
  "DAMAGE_CROPS": "0.00K",
  "SOURCE": "Social Media",
  "MAGNITUDE": 1.25,
  "MAGNITUDE_TYPE": "",
  "FLOOD_CAUSE": "",
  "CATEGORY": "",
  "TOR_F_SCALE": "",
  "TOR_LENGTH": "",
  "TOR_WIDTH": "",
  "TOR_OTHER_WFO": "",
  "TOR_OTHER_CZ_STATE": "",
  "TOR_OTHER_CZ_FIPS": "",
  "TOR_OTHER_CZ_NAME": "",
  "BEGIN_RANGE": 4,
  "BEGIN_AZIMUTH": "SSE",
  "BEGIN_LOCATION": "MURTAUGH",
  "END_RANGE": 3,
  "END_AZIMUTH": "SSE",
  "END_LOCATION": "MURTAUGH",
  "BEGIN_LAT": 42.44,
  "BEGIN_LON": -114.14,
  "END_LAT": 42.4576,
  "END_LON": -114.1343,
  "text": "A slow moving cold moved east across the region firing off severe thunderstorms in South Central Idaho.",
  "EVENT_NARRATIVE": "Social Media reported half dollar sized hail around the Murtaugh area.",
  "DATA_SOURCE": "CSV"
}
