{
  "BEGIN_YEARMONTH": 201802,
  "BEGIN_DAY": 21,
  "BEGIN_TIME": 2200,
  "END_YEARMONTH": 201802,
  "END_DAY": 22,
  "END_TIME": 945,
  "EPISODE_ID": 122412,
  "EVENT_ID": 732984,
  "STATE": "LOUISIANA",
  "STATE_FIPS": 22,
  "YEAR": 2018,
  "MONTH_NAME": "February",
  "EVENT_TYPE": "Flash Flood",
  "CZ_TYPE": "C",
  "CZ_FIPS": 73,
  "CZ_NAME": "OUACHITA",
  "WFO": "SHV",
  "BEGIN_DATE_TIME": "2/21/18 22:00",
  "CZ_TIMEZONE": "CST-6",
  "END_DATE_TIME": "2/22/18 9:45",
  "INJURIES_DIRECT": 0,
  "INJURIES_INDIRECT": 0,
  "DEATHS_DIRECT": 0,
  "DEATHS_INDIRECT": 0,
  "DAMAGE_PROPERTY": "0.00K",
  "DAMAGE_CROPS": "0.00K",
  "SOURCE": "Law Enforcement",
  "MAGNITUDE": "",
  "MAGNITUDE_TYPE": "",
  "FLOOD_CAUSE": "Heavy Rain",
  "CATEGORY": "",
  "TOR_F_SCALE": "",
  "TOR_LENGTH": "",
  "TOR_WIDTH": "",
  "TOR_OTHER_WFO": "",
  "TOR_OTHER_CZ_STATE": "",
  "TOR_OTHER_CZ_FIPS": "",
  "TOR_OTHER_CZ_NAME": "",
  "BEGIN_RANGE": 1,
  "BEGIN_AZIMUTH": "NNW",
  "BEGIN_LOCATION": "PERRYVILLE",
  "END_RANGE": 1,
  "END_AZIMUTH": "WNW",
  "END_LOCATION": "FOWLER",
  "BEGIN_LAT": 32.7078,
  "BEGIN_LON": -92.0061,
  "END_LAT": 32.681,
  "END_LON": -92.0504,
  "text": "An upper level low pressure system progressed east southeast from the Pacific Northwest into the Central and Southern Rockies on the morning of February 20th, reinforcing a cold front slowly southeast into East Texas and North Louisiana during the morning and afternoon hours on February 21st. A deep southwest flow aloft was present along and behind the front across the Southern Plains and Mississippi Valley, with weak embedded disturbances in the flow helping to enhance the development of scattered to numerous showers and thunderstorms along and behind the front on the 21st. A warm, moist, and weakly unstable air mass had already spread north ahead of the front into Northeast Texas, Southeast Oklahoma, Southwest Arkansas, and North Louisiana, with the southwest flow aloft tapping into the subtropical jet, thus transporting Pacific moisture northeast along and behind the front. Periods of moderate to at times, heavy rainfall fell along and behind the front across North Louisiana, and persisted through the early morning hours on the 23rd before diminishing. Widespread rainfall amounts of four to in excess of eight inches fell across North Louisiana from the morning hours of February 21st through the early morning hours on the 23rd. This resulted in periods of widespread flash flooding across much of North Louisiana during this 3 day period. In addition, isolated severe thunderstorms developed across the southeast sections of Northcentral Louisiana on February 21st within the warm sector along the front, which produced wind damage across Western La Salle Parish.",
  "EVENT_NARRATIVE": "High water over LA 134 about 1/4 mile east of Swartz Fairbanks Road, Highway 554 in Perryville near the gravel pits, and Barnes Road. Reports from the Ouachita Parish Sherriff's Office Facebook page.",
  "DATA_SOURCE": "CSV"
}
