{
  "BEGIN_YEARMONTH": 201805,
  "BEGIN_DAY": 28,
  "BEGIN_TIME": 1628,
  "END_YEARMONTH": 201805,
  "END_DAY": 28,
  "END_TIME": 1628,
  "EPISODE_ID": 124945,
  "EVENT_ID": 749419,
  "STATE": "GULF OF MEXICO",
  "STATE_FIPS": 85,
  "YEAR": 2018,
  "MONTH_NAME": "May",
  "EVENT_TYPE": "Marine Thunderstorm Wind",
  "CZ_TYPE": "Z",
  "CZ_FIPS": 853,
  "CZ_NAME": "ENGLEWOOD TO TARPON SPRINGS FL OUT 20NM",
  "WFO": "TBW",
  "BEGIN_DATE_TIME": "5/28/18 16:28",
  "CZ_TIMEZONE": "EST-5",
  "END_DATE_TIME": "5/28/18 16:28",
  "INJURIES_DIRECT": 0,
  "INJURIES_INDIRECT": 0,
  "DEATHS_DIRECT": 0,
  "DEATHS_INDIRECT": 0,
  "DAMAGE_PROPERTY": "0.00K",
  "DAMAGE_CROPS": "0.00K",
  "SOURCE": "Mesonet",
  "MAGNITUDE": 36,
  "MAGNITUDE_TYPE": "EG",
  "FLOOD_CAUSE": "",
  "CATEGORY": "",
  "TOR_F_SCALE": "",
  "TOR_LENGTH": "",
  "TOR_WIDTH": "",
  "TOR_OTHER_WFO": "",
  "TOR_OTHER_CZ_STATE": "",
  "TOR_OTHER_CZ_FIPS": "",
  "TOR_OTHER_CZ_NAME": "",
  "BEGIN_RANGE": 13,
  "BEGIN_AZIMUTH": "N",
  "BEGIN_LOCATION": "CLEARWATER BEACH",
  "END_RANGE": 13,
  "END_AZIMUTH": "N",
  "END_LOCATION": "CLEARWATER BEACH",
  "BEGIN_LAT": 28.17,
  "BEGIN_LON": -82.79,
  "END_LAT": 28.17,
  "END_LON": -82.79,
  "text": "Bands of showers and thunderstorms moved onshore in the wake of Subtropical Storm Alberto. A couple of these storms produced marine thunderstorm wind gusts along the coast.",
  "EVENT_NARRATIVE": "A home weather station in the northwestern corner of Pinellas County (EW7468) recorded a 36 knot thunderstorm wind gust.",
  "DATA_SOURCE": "CSV"
}
