{
  "BEGIN_YEARMONTH": 201802,
  "BEGIN_DAY": 17,
  "BEGIN_TIME": 1000,
  "END_YEARMONTH": 201802,
  "END_DAY": 18,
  "END_TIME": 1800,
  "EPISODE_ID": 123346,
  "EVENT_ID": 739576,
  "STATE": "WYOMING",
  "STATE_FIPS": 56,
  "YEAR": 2018,
  "MONTH_NAME": "February",
  "EVENT_TYPE": "Winter Storm",
  "CZ_TYPE": "Z",
  "CZ_FIPS": 1,
  "CZ_NAME": "YELLOWSTONE NATIONAL PARK",
  "WFO": "RIW",
  "BEGIN_DATE_TIME": "2/17/18 10:00",
  "CZ_TIMEZONE": "MST-7",
  "END_DATE_TIME": "2/18/18 18:00",
  "INJURIES_DIRECT": 0,
  "INJURIES_INDIRECT": 0,
  "DEATHS_DIRECT": 0,
  "DEATHS_INDIRECT": 0,
  "DAMAGE_PROPERTY": "0.00K",
  "DAMAGE_CROPS": "0.00K",
  "SOURCE": "SNOTEL",
  "MAGNITUDE": "",
  "MAGNITUDE_TYPE": "",
  "FLOOD_CAUSE": "",
  "CATEGORY": "",
  "TOR_F_SCALE": "",
  "TOR_LENGTH": "",
  "TOR_WIDTH": "",
  "TOR_OTHER_WFO": "",
  "TOR_OTHER_CZ_STATE": "",
  "TOR_OTHER_CZ_FIPS": "",
  "TOR_OTHER_CZ_NAME": "",
  "BEGIN_RANGE": "",
  "BEGIN_AZIMUTH": "",
  "BEGIN_LOCATION": "",
  "END_RANGE": "",
  "END_AZIMUTH": "",
  "END_LOCATION": "",
  "BEGIN_LAT": "",
  "BEGIN_LON": "",
  "END_LAT": "",
  "END_LON": "",
  "text": "A complex and potent winter storm crossed western and central Wyoming and brought heavy snow and high wind to many locations. Strong winds occurred ahead of the storm in portions of central Wyoming, with some of the strongest gusts were 78 mph at Fales Rock and 75 mph along Wyoming Boulevard on the south side of Casper. Following that, heavy snow fell. Over a foot of new snow fell in portions of the Tetons, Absarokas and Casper Mountain as well as in Yellowstone Park. In the lower elevations, the heaviest snow fell around Casper where up to 15 inches was measured. Other areas with over 6 inches included around Rock Springs, northern Big Horn County and around Bondurant.",
  "EVENT_NARRATIVE": "Heavy snow fell in portions of Yellowstone Park. The heaviest amount was 14 inches at the Canyon SNOTEL site and at the Old Faithful Ranger Station.",
  "DATA_SOURCE": "CSV"
}
