{
  "BEGIN_YEARMONTH": 201802,
  "BEGIN_DAY": 7,
  "BEGIN_TIME": 415,
  "END_YEARMONTH": 201802,
  "END_DAY": 7,
  "END_TIME": 426,
  "EPISODE_ID": 121962,
  "EVENT_ID": 730211,
  "STATE": "MISSISSIPPI",
  "STATE_FIPS": 28,
  "YEAR": 2018,
  "MONTH_NAME": "February",
  "EVENT_TYPE": "Tornado",
  "CZ_TYPE": "C",
  "CZ_FIPS": 75,
  "CZ_NAME": "LAUDERDALE",
  "WFO": "JAN",
  "BEGIN_DATE_TIME": "2/7/18 4:15",
  "CZ_TIMEZONE": "CST-6",
  "END_DATE_TIME": "2/7/18 4:26",
  "INJURIES_DIRECT": 0,
  "INJURIES_INDIRECT": 0,
  "DEATHS_DIRECT": 0,
  "DEATHS_INDIRECT": 0,
  "DAMAGE_PROPERTY": "200.00K",
  "DAMAGE_CROPS": "0.00K",
  "SOURCE": "NWS Storm Survey",
  "MAGNITUDE": "",
  "MAGNITUDE_TYPE": "",
  "FLOOD_CAUSE": "",
  "CATEGORY": "",
  "TOR_F_SCALE": "EF1",
  "TOR_LENGTH": 7.92,
  "TOR_WIDTH": 300,
  "TOR_OTHER_WFO": "",
  "TOR_OTHER_CZ_STATE": "",
  "TOR_OTHER_CZ_FIPS": "",
  "TOR_OTHER_CZ_NAME": "",
  "BEGIN_RANGE": 5,
  "BEGIN_AZIMUTH": "NNW",
  "BEGIN_LOCATION": "MEEHAN",
  "END_RANGE": 1,
  "END_AZIMUTH": "N",
  "END_LOCATION": "NELLIEBURG",
  "BEGIN_LAT": 32.3963,
  "BEGIN_LON": -88.9137,
  "END_LAT": 32.4138,
  "END_LON": -88.7795,
  "text": "Showers and thunderstorms developed as a cold front pushed through the region. Some of these storms produced hail, damaging wind gusts, flash flooding, and one tornado.",
  "EVENT_NARRATIVE": "This tornado touched down along Bogue Statinea Road and tracked east northeast for roughly 8 miles. The initial damage was a few uprooted and snapped pine trees from touchdown and as it crossed Bogue Flower Road. The intensity increased as the tornado crossed some private property just west of the intersection of Bogue Statinea Road and Suqualena Meehan Road. Here part of a roof of a metal barn was removed with a large metal truss thrown onto a framed house. Roof damage was sustained to this home along with portions of the shed heavily damaged. Heavier tree damage was also noted here as the tornado crossed a pasture. The most intense damage occurred in and around the intersection of Bogue Statinea Road and Suqualena Meehan Road. Here numerous trees were snapped and uprooted along with several power lines and poles downed. A travel trailer was rolled and small shed was destroyed. A few other structures sustained minor damage here as well. The tornado continued to the east northeast and weakened a fair amount as it crossed Suqualena Graham and Woods Roads. In the Tanglewood neighborhood, minor damage occurred from a few downed trees and snapped limbs to homes and a trampoline was thrown. The tornado dissipated just at Highway 19. This tornado was rated EF1 with maximum winds near 110 mph. Max width was 300 yards.",
  "DATA_SOURCE": "CSV"
}
