{
  "BEGIN_YEARMONTH": 201805,
  "BEGIN_DAY": 6,
  "BEGIN_TIME": 1647,
  "END_YEARMONTH": 201805,
  "END_DAY": 6,
  "END_TIME": 1649,
  "EPISODE_ID": 123969,
  "EVENT_ID": 744005,
  "STATE": "OHIO",
  "STATE_FIPS": 39,
  "YEAR": 2018,
  "MONTH_NAME": "May",
  "EVENT_TYPE": "Thunderstorm Wind",
  "CZ_TYPE": "C",
  "CZ_FIPS": 61,
  "CZ_NAME": "HAMILTON",
  "WFO": "ILN",
  "BEGIN_DATE_TIME": "5/6/18 16:47",
  "CZ_TIMEZONE": "EST-5",
  "END_DATE_TIME": "5/6/18 16:49",
  "INJURIES_DIRECT": 0,
  "INJURIES_INDIRECT": 0,
  "DEATHS_DIRECT": 0,
  "DEATHS_INDIRECT": 0,
  "DAMAGE_PROPERTY": "2.00K",
  "DAMAGE_CROPS": "0.00K",
  "SOURCE": "Trained Spotter",
  "MAGNITUDE": 50,
  "MAGNITUDE_TYPE": "EG",
  "FLOOD_CAUSE": "",
  "CATEGORY": "",
  "TOR_F_SCALE": "",
  "TOR_LENGTH": "",
  "TOR_WIDTH": "",
  "TOR_OTHER_WFO": "",
  "TOR_OTHER_CZ_STATE": "",
  "TOR_OTHER_CZ_FIPS": "",
  "TOR_OTHER_CZ_NAME": "",
  "BEGIN_RANGE": 1,
  "BEGIN_AZIMUTH": "NE",
  "BEGIN_LOCATION": "SWEETWINE",
  "END_RANGE": 1,
  "END_AZIMUTH": "NE",
  "END_LOCATION": "SWEETWINE",
  "BEGIN_LAT": 39.0592,
  "BEGIN_LON": -84.3691,
  "END_LAT": 39.0592,
  "END_LON": -84.3691,
  "text": "Scattered thunderstorms developed during the afternoon hours in association with an upper level disturbance moving through the region.",
  "EVENT_NARRATIVE": "Two trees were downed near Bennett Road and Dunwoodie Drive.",
  "DATA_SOURCE": "CSV"
}
