{
  "BEGIN_YEARMONTH": 201805,
  "BEGIN_DAY": 4,
  "BEGIN_TIME": 1734,
  "END_YEARMONTH": 201805,
  "END_DAY": 4,
  "END_TIME": 1735,
  "EPISODE_ID": 124116,
  "EVENT_ID": 745022,
  "STATE": "NEW YORK",
  "STATE_FIPS": 36,
  "YEAR": 2018,
  "MONTH_NAME": "May",
  "EVENT_TYPE": "Hail",
  "CZ_TYPE": "C",
  "CZ_FIPS": 31,
  "CZ_NAME": "ESSEX",
  "WFO": "BTV",
  "BEGIN_DATE_TIME": "5/4/18 17:34",
  "CZ_TIMEZONE": "EST-5",
  "END_DATE_TIME": "5/4/18 17:35",
  "INJURIES_DIRECT": 0,
  "INJURIES_INDIRECT": 0,
  "DEATHS_DIRECT": 0,
  "DEATHS_INDIRECT": 0,
  "DAMAGE_PROPERTY": "0.00K",
  "DAMAGE_CROPS": "0.00K",
  "SOURCE": "CoCoRaHS",
  "MAGNITUDE": 1,
  "MAGNITUDE_TYPE": "",
  "FLOOD_CAUSE": "",
  "CATEGORY": "",
  "TOR_F_SCALE": "",
  "TOR_LENGTH": "",
  "TOR_WIDTH": "",
  "TOR_OTHER_WFO": "",
  "TOR_OTHER_CZ_STATE": "",
  "TOR_OTHER_CZ_FIPS": "",
  "TOR_OTHER_CZ_NAME": "",
  "BEGIN_RANGE": 0,
  "BEGIN_AZIMUTH": "E",
  "BEGIN_LOCATION": "KEESEVILLE",
  "END_RANGE": 0,
  "END_AZIMUTH": "E",
  "END_LOCATION": "KEESEVILLE",
  "BEGIN_LAT": 44.5,
  "BEGIN_LON": -73.47,
  "END_LAT": 44.5,
  "END_LON": -73.47,
  "text": "An energetic storm system moved from the Great Lakes across the St. Lawrence Valley into Ontario/Quebec during the afternoon and evening hours of May 4th. Instability was marginal for thunderstorm development during the afternoon and evening hours with thunderstorms ahead of a cold front. However, winds were unseasonably strong in the atmosphere, accounting for some thunderstorms to produce damaging winds and there was some localized damage in non-thunderstorm winds accompanying the arrival of  colder air.",
  "EVENT_NARRATIVE": "Quarter size diameter hail.",
  "DATA_SOURCE": "CSV"
}
