{
  "BEGIN_YEARMONTH": 201805,
  "BEGIN_DAY": 16,
  "BEGIN_TIME": 1510,
  "END_YEARMONTH": 201805,
  "END_DAY": 16,
  "END_TIME": 1610,
  "EPISODE_ID": 124186,
  "EVENT_ID": 745279,
  "STATE": "OHIO",
  "STATE_FIPS": 39,
  "YEAR": 2018,
  "MONTH_NAME": "May",
  "EVENT_TYPE": "Flood",
  "CZ_TYPE": "C",
  "CZ_FIPS": 61,
  "CZ_NAME": "HAMILTON",
  "WFO": "ILN",
  "BEGIN_DATE_TIME": "5/16/18 15:10",
  "CZ_TIMEZONE": "EST-5",
  "END_DATE_TIME": "5/16/18 16:10",
  "INJURIES_DIRECT": 0,
  "INJURIES_INDIRECT": 0,
  "DEATHS_DIRECT": 0,
  "DEATHS_INDIRECT": 0,
  "DAMAGE_PROPERTY": "0.00K",
  "DAMAGE_CROPS": "0.00K",
  "SOURCE": "Law Enforcement",
  "MAGNITUDE": "",
  "MAGNITUDE_TYPE": "",
  "FLOOD_CAUSE": "Heavy Rain",
  "CATEGORY": "",
  "TOR_F_SCALE": "",
  "TOR_LENGTH": "",
  "TOR_WIDTH": "",
  "TOR_OTHER_WFO": "",
  "TOR_OTHER_CZ_STATE": "",
  "TOR_OTHER_CZ_FIPS": "",
  "TOR_OTHER_CZ_NAME": "",
  "BEGIN_RANGE": 2,
  "BEGIN_AZIMUTH": "SSE",
  "BEGIN_LOCATION": "TAYLORS CREEK",
  "END_RANGE": 2,
  "END_AZIMUTH": "SSE",
  "END_LOCATION": "TAYLORS CREEK",
  "BEGIN_LAT": 39.195,
  "BEGIN_LON": -84.661,
  "END_LAT": 39.1945,
  "END_LON": -84.6604,
  "text": "Slow moving showers and thunderstorms produced localized flooding.",
  "EVENT_NARRATIVE": "High water was reported on the roadway near the intersection of Rybolt Road and Harrison Avenue.",
  "DATA_SOURCE": "CSV"
}
