{
  "BEGIN_YEARMONTH": 201805,
  "BEGIN_DAY": 12,
  "BEGIN_TIME": 1539,
  "END_YEARMONTH": 201805,
  "END_DAY": 12,
  "END_TIME": 1541,
  "EPISODE_ID": 124084,
  "EVENT_ID": 744668,
  "STATE": "OHIO",
  "STATE_FIPS": 39,
  "YEAR": 2018,
  "MONTH_NAME": "May",
  "EVENT_TYPE": "Thunderstorm Wind",
  "CZ_TYPE": "C",
  "CZ_FIPS": 97,
  "CZ_NAME": "MADISON",
  "WFO": "ILN",
  "BEGIN_DATE_TIME": "5/12/18 15:39",
  "CZ_TIMEZONE": "EST-5",
  "END_DATE_TIME": "5/12/18 15:41",
  "INJURIES_DIRECT": 0,
  "INJURIES_INDIRECT": 0,
  "DEATHS_DIRECT": 0,
  "DEATHS_INDIRECT": 0,
  "DAMAGE_PROPERTY": "1.00K",
  "DAMAGE_CROPS": "0.00K",
  "SOURCE": "Law Enforcement",
  "MAGNITUDE": 48,
  "MAGNITUDE_TYPE": "EG",
  "FLOOD_CAUSE": "",
  "CATEGORY": "",
  "TOR_F_SCALE": "",
  "TOR_LENGTH": "",
  "TOR_WIDTH": "",
  "TOR_OTHER_WFO": "",
  "TOR_OTHER_CZ_STATE": "",
  "TOR_OTHER_CZ_FIPS": "",
  "TOR_OTHER_CZ_NAME": "",
  "BEGIN_RANGE": 1,
  "BEGIN_AZIMUTH": "ENE",
  "BEGIN_LOCATION": "SUMMERFORD",
  "END_RANGE": 1,
  "END_AZIMUTH": "ENE",
  "END_LOCATION": "SUMMERFORD",
  "BEGIN_LAT": 39.934,
  "BEGIN_LON": -83.4915,
  "END_LAT": 39.934,
  "END_LON": -83.4915,
  "text": "Showers and thunderstorms developed along a stationary boundary during the mid to late afternoon hours.",
  "EVENT_NARRATIVE": "A tree and a power line were downed in Summerford.",
  "DATA_SOURCE": "CSV"
}
