{
  "BEGIN_YEARMONTH": 201802,
  "BEGIN_DAY": 7,
  "BEGIN_TIME": 800,
  "END_YEARMONTH": 201802,
  "END_DAY": 7,
  "END_TIME": 2000,
  "EPISODE_ID": 123601,
  "EVENT_ID": 741316,
  "STATE": "NEW YORK",
  "STATE_FIPS": 36,
  "YEAR": 2018,
  "MONTH_NAME": "February",
  "EVENT_TYPE": "Winter Storm",
  "CZ_TYPE": "Z",
  "CZ_FIPS": 50,
  "CZ_NAME": "SOUTHERN SARATOGA",
  "WFO": "ALY",
  "BEGIN_DATE_TIME": "2/7/18 8:00",
  "CZ_TIMEZONE": "EST-5",
  "END_DATE_TIME": "2/7/18 20:00",
  "INJURIES_DIRECT": 0,
  "INJURIES_INDIRECT": 0,
  "DEATHS_DIRECT": 0,
  "DEATHS_INDIRECT": 0,
  "DAMAGE_PROPERTY": "",
  "DAMAGE_CROPS": "",
  "SOURCE": "Broadcast Media",
  "MAGNITUDE": "",
  "MAGNITUDE_TYPE": "",
  "FLOOD_CAUSE": "",
  "CATEGORY": "",
  "TOR_F_SCALE": "",
  "TOR_LENGTH": "",
  "TOR_WIDTH": "",
  "TOR_OTHER_WFO": "",
  "TOR_OTHER_CZ_STATE": "",
  "TOR_OTHER_CZ_FIPS": "",
  "TOR_OTHER_CZ_NAME": "",
  "BEGIN_RANGE": "",
  "BEGIN_AZIMUTH": "",
  "BEGIN_LOCATION": "",
  "END_RANGE": "",
  "END_AZIMUTH": "",
  "END_LOCATION": "",
  "BEGIN_LAT": "",
  "BEGIN_LON": "",
  "END_LAT": "",
  "END_LON": "",
  "text": "A winter storm brought mixed wintry precipitation to the region. Precipitation began as snow during the morning hours but changed to a mix of sleet, freezing rain and snow during the afternoon hours, mixing as far north as the town of Schenectady. Precipitation transitioned back to snow during the evening hours before exiting the region northwest to southeast. Snowfall and sleet totals ranged from 1 inch to 12 inches, with the higher totals generally north and west of the Greater Capital District.",
  "EVENT_NARRATIVE": "",
  "DATA_SOURCE": "CSV"
}
