{
  "BEGIN_YEARMONTH": 201805,
  "BEGIN_DAY": 31,
  "BEGIN_TIME": 1642,
  "END_YEARMONTH": 201805,
  "END_DAY": 31,
  "END_TIME": 1642,
  "EPISODE_ID": 124666,
  "EVENT_ID": 748013,
  "STATE": "ATLANTIC SOUTH",
  "STATE_FIPS": 87,
  "YEAR": 2018,
  "MONTH_NAME": "May",
  "EVENT_TYPE": "Marine Thunderstorm Wind",
  "CZ_TYPE": "Z",
  "CZ_FIPS": 552,
  "CZ_NAME": "VOLUSIA-BREVARD COUNTY LINE TO SEBASTIAN INLET 0-20NM",
  "WFO": "MLB",
  "BEGIN_DATE_TIME": "5/31/18 16:42",
  "CZ_TIMEZONE": "EST-5",
  "END_DATE_TIME": "5/31/18 16:42",
  "INJURIES_DIRECT": 0,
  "INJURIES_INDIRECT": 0,
  "DEATHS_DIRECT": 0,
  "DEATHS_INDIRECT": 0,
  "DAMAGE_PROPERTY": "0.00K",
  "DAMAGE_CROPS": "0.00K",
  "SOURCE": "AWOS",
  "MAGNITUDE": 36,
  "MAGNITUDE_TYPE": "MG",
  "FLOOD_CAUSE": "",
  "CATEGORY": "",
  "TOR_F_SCALE": "",
  "TOR_LENGTH": "",
  "TOR_WIDTH": "",
  "TOR_OTHER_WFO": "",
  "TOR_OTHER_CZ_STATE": "",
  "TOR_OTHER_CZ_FIPS": "",
  "TOR_OTHER_CZ_NAME": "",
  "BEGIN_RANGE": 7,
  "BEGIN_AZIMUTH": "N",
  "BEGIN_LOCATION": "CAPE CANAVERAL",
  "END_RANGE": 7,
  "END_AZIMUTH": "N",
  "END_LOCATION": "CAPE CANAVERAL",
  "BEGIN_LAT": 28.477,
  "BEGIN_LON": -80.594,
  "END_LAT": 28.477,
  "END_LON": -80.594,
  "text": "South winds continued to push deep tropical moisture across much of the Florida peninsula. Daytime heating created sufficient instability for showers and thunderstorms to develop along the east coast and west coast sea breezes. A line of thunderstorms developed along the collision of the two sea breezes west of Brevard County. As the line pushed east towards the coast, one thunderstorm produced strong winds at the coast at the Cape in Brevard County.",
  "EVENT_NARRATIVE": "The AWOS at the Cape Canaveral Air Force Station Skid Strip, KXMR, measured a peak wind gust of 36 knots from the west.",
  "DATA_SOURCE": "CSV"
}
