{
  "BEGIN_YEARMONTH": 201802,
  "BEGIN_DAY": 19,
  "BEGIN_TIME": 900,
  "END_YEARMONTH": 201802,
  "END_DAY": 20,
  "END_TIME": 145,
  "EPISODE_ID": 122154,
  "EVENT_ID": 731286,
  "STATE": "NEW MEXICO",
  "STATE_FIPS": 35,
  "YEAR": 2018,
  "MONTH_NAME": "February",
  "EVENT_TYPE": "High Wind",
  "CZ_TYPE": "Z",
  "CZ_FIPS": 524,
  "CZ_NAME": "SOUTH CENTRAL HIGHLANDS",
  "WFO": "ABQ",
  "BEGIN_DATE_TIME": "2/19/18 9:00",
  "CZ_TIMEZONE": "MST-7",
  "END_DATE_TIME": "2/20/18 1:45",
  "INJURIES_DIRECT": 0,
  "INJURIES_INDIRECT": 0,
  "DEATHS_DIRECT": 0,
  "DEATHS_INDIRECT": 0,
  "DAMAGE_PROPERTY": "0.00K",
  "DAMAGE_CROPS": "0.00K",
  "SOURCE": "Public",
  "MAGNITUDE": 42,
  "MAGNITUDE_TYPE": "MS",
  "FLOOD_CAUSE": "",
  "CATEGORY": "",
  "TOR_F_SCALE": "",
  "TOR_LENGTH": "",
  "TOR_WIDTH": "",
  "TOR_OTHER_WFO": "",
  "TOR_OTHER_CZ_STATE": "",
  "TOR_OTHER_CZ_FIPS": "",
  "TOR_OTHER_CZ_NAME": "",
  "BEGIN_RANGE": "",
  "BEGIN_AZIMUTH": "",
  "BEGIN_LOCATION": "",
  "END_RANGE": "",
  "END_AZIMUTH": "",
  "END_LOCATION": "",
  "BEGIN_LAT": "",
  "BEGIN_LON": "",
  "END_LAT": "",
  "END_LON": "",
  "text": "An upper level low pressure system approaching from the Great Basin combined with deepening surface low pressure over eastern New Mexico on the 18th. Strong southwest winds spread over the entire area by late in the afternoon and continue over much of the region through the 19th. Powerful wind gusts were reported in many areas with speeds topping out between 60 mph and 80 mph for an extended period of time around the higher terrain. Snow also developed with this system as moisture arrived beneath the upper level low pressure system. Snow showers first developed over the northern and western high terrain by late in the day on the 18th then gradually increased in coverage and intensity while moving slowly eastward toward the central mountain chain through the 19th. The heaviest snowfall impacted the area along the Continental Divide where roughly 2 to 6 inches was reported from near Quemado to Cuba. The Sangre de Cristo Mountains also picked up another 4 to 10 inches along with blowing snow. This system brought the second latest measurable snowfall to the Albuquerque Sunport with three tenths of an inch on February 20th.",
  "EVENT_NARRATIVE": "The Corona Public Library weather station reported sustained winds periodically between 40 mph and 48 mph for several consecutive hours.",
  "DATA_SOURCE": "CSV"
}
