{
  "BEGIN_YEARMONTH": 201805,
  "BEGIN_DAY": 16,
  "BEGIN_TIME": 0,
  "END_YEARMONTH": 201805,
  "END_DAY": 16,
  "END_TIME": 100,
  "EPISODE_ID": 124187,
  "EVENT_ID": 745280,
  "STATE": "KENTUCKY",
  "STATE_FIPS": 21,
  "YEAR": 2018,
  "MONTH_NAME": "May",
  "EVENT_TYPE": "Flash Flood",
  "CZ_TYPE": "C",
  "CZ_FIPS": 135,
  "CZ_NAME": "LEWIS",
  "WFO": "ILN",
  "BEGIN_DATE_TIME": "5/16/18 0:00",
  "CZ_TIMEZONE": "EST-5",
  "END_DATE_TIME": "5/16/18 1:00",
  "INJURIES_DIRECT": 0,
  "INJURIES_INDIRECT": 0,
  "DEATHS_DIRECT": 0,
  "DEATHS_INDIRECT": 0,
  "DAMAGE_PROPERTY": "20.00K",
  "DAMAGE_CROPS": "0.00K",
  "SOURCE": "Emergency Manager",
  "MAGNITUDE": "",
  "MAGNITUDE_TYPE": "",
  "FLOOD_CAUSE": "Heavy Rain",
  "CATEGORY": "",
  "TOR_F_SCALE": "",
  "TOR_LENGTH": "",
  "TOR_WIDTH": "",
  "TOR_OTHER_WFO": "",
  "TOR_OTHER_CZ_STATE": "",
  "TOR_OTHER_CZ_FIPS": "",
  "TOR_OTHER_CZ_NAME": "",
  "BEGIN_RANGE": 1,
  "BEGIN_AZIMUTH": "NNE",
  "BEGIN_LOCATION": "HEAD OF GRASSY",
  "END_RANGE": 2,
  "END_AZIMUTH": "NNE",
  "END_LOCATION": "HEAD OF GRASSY",
  "BEGIN_LAT": 38.4,
  "BEGIN_LON": -83.26,
  "END_LAT": 38.415,
  "END_LON": -83.2598,
  "text": "Slow moving thunderstorms produced localized flash flooding during the early morning hours and then again during the afternoon hours.",
  "EVENT_NARRATIVE": "Parts of Dummit Branch Road and Upper Twin Branch Road were washed out near Head of Grassy.",
  "DATA_SOURCE": "CSV"
}
