{
  "BEGIN_YEARMONTH": 201801,
  "BEGIN_DAY": 1,
  "BEGIN_TIME": 0,
  "END_YEARMONTH": 201801,
  "END_DAY": 31,
  "END_TIME": 2359,
  "EPISODE_ID": 122568,
  "EVENT_ID": 733979,
  "STATE": "ILLINOIS",
  "STATE_FIPS": 17,
  "YEAR": 2018,
  "MONTH_NAME": "January",
  "EVENT_TYPE": "Drought",
  "CZ_TYPE": "Z",
  "CZ_FIPS": 99,
  "CZ_NAME": "JERSEY",
  "WFO": "LSX",
  "BEGIN_DATE_TIME": "1/1/18 0:00",
  "CZ_TIMEZONE": "CST-6",
  "END_DATE_TIME": "1/31/18 23:59",
  "INJURIES_DIRECT": 0,
  "INJURIES_INDIRECT": 0,
  "DEATHS_DIRECT": 0,
  "DEATHS_INDIRECT": 0,
  "DAMAGE_PROPERTY": "0.00K",
  "DAMAGE_CROPS": "0.00K",
  "SOURCE": "Drought Monitor",
  "MAGNITUDE": "",
  "MAGNITUDE_TYPE": "",
  "FLOOD_CAUSE": "",
  "CATEGORY": "",
  "TOR_F_SCALE": "",
  "TOR_LENGTH": "",
  "TOR_WIDTH": "",
  "TOR_OTHER_WFO": "",
  "TOR_OTHER_CZ_STATE": "",
  "TOR_OTHER_CZ_FIPS": "",
  "TOR_OTHER_CZ_NAME": "",
  "BEGIN_RANGE": "",
  "BEGIN_AZIMUTH": "",
  "BEGIN_LOCATION": "",
  "END_RANGE": "",
  "END_AZIMUTH": "",
  "END_LOCATION": "",
  "BEGIN_LAT": "",
  "BEGIN_LON": "",
  "END_LAT": "",
  "END_LON": "",
  "text": "D2 (Severe) drought continued across parts of southwest Illinois.",
  "EVENT_NARRATIVE": "",
  "DATA_SOURCE": "CSV"
}
