{
  "BEGIN_YEARMONTH": 201805,
  "BEGIN_DAY": 13,
  "BEGIN_TIME": 1948,
  "END_YEARMONTH": 201805,
  "END_DAY": 13,
  "END_TIME": 1950,
  "EPISODE_ID": 124104,
  "EVENT_ID": 744735,
  "STATE": "OHIO",
  "STATE_FIPS": 39,
  "YEAR": 2018,
  "MONTH_NAME": "May",
  "EVENT_TYPE": "Hail",
  "CZ_TYPE": "C",
  "CZ_FIPS": 17,
  "CZ_NAME": "BUTLER",
  "WFO": "ILN",
  "BEGIN_DATE_TIME": "5/13/18 19:48",
  "CZ_TIMEZONE": "EST-5",
  "END_DATE_TIME": "5/13/18 19:50",
  "INJURIES_DIRECT": 0,
  "INJURIES_INDIRECT": 0,
  "DEATHS_DIRECT": 0,
  "DEATHS_INDIRECT": 0,
  "DAMAGE_PROPERTY": "0.00K",
  "DAMAGE_CROPS": "0.00K",
  "SOURCE": "Public",
  "MAGNITUDE": 0.75,
  "MAGNITUDE_TYPE": "",
  "FLOOD_CAUSE": "",
  "CATEGORY": "",
  "TOR_F_SCALE": "",
  "TOR_LENGTH": "",
  "TOR_WIDTH": "",
  "TOR_OTHER_WFO": "",
  "TOR_OTHER_CZ_STATE": "",
  "TOR_OTHER_CZ_FIPS": "",
  "TOR_OTHER_CZ_NAME": "",
  "BEGIN_RANGE": 2,
  "BEGIN_AZIMUTH": "ESE",
  "BEGIN_LOCATION": "MC GONIGLE",
  "END_RANGE": 2,
  "END_AZIMUTH": "ESE",
  "END_LOCATION": "MC GONIGLE",
  "BEGIN_LAT": 39.44,
  "BEGIN_LON": -84.65,
  "END_LAT": 39.44,
  "END_LON": -84.65,
  "text": "Scattered thunderstorms developed during the late afternoon and evening hours along a stationary boundary situated across southern Ohio.",
  "EVENT_NARRATIVE": "",
  "DATA_SOURCE": "CSV"
}
