{
  "BEGIN_YEARMONTH": 201805,
  "BEGIN_DAY": 30,
  "BEGIN_TIME": 1230,
  "END_YEARMONTH": 201805,
  "END_DAY": 30,
  "END_TIME": 1230,
  "EPISODE_ID": 125204,
  "EVENT_ID": 750890,
  "STATE": "TEXAS",
  "STATE_FIPS": 48,
  "YEAR": 2018,
  "MONTH_NAME": "May",
  "EVENT_TYPE": "Rip Current",
  "CZ_TYPE": "Z",
  "CZ_FIPS": 443,
  "CZ_NAME": "NUECES COUNTY ISLANDS",
  "WFO": "CRP",
  "BEGIN_DATE_TIME": "5/30/18 12:30",
  "CZ_TIMEZONE": "CST-6",
  "END_DATE_TIME": "5/30/18 12:30",
  "INJURIES_DIRECT": 0,
  "INJURIES_INDIRECT": 0,
  "DEATHS_DIRECT": 1,
  "DEATHS_INDIRECT": 0,
  "DAMAGE_PROPERTY": "0.00K",
  "DAMAGE_CROPS": "0.00K",
  "SOURCE": "Newspaper",
  "MAGNITUDE": "",
  "MAGNITUDE_TYPE": "",
  "FLOOD_CAUSE": "",
  "CATEGORY": "",
  "TOR_F_SCALE": "",
  "TOR_LENGTH": "",
  "TOR_WIDTH": "",
  "TOR_OTHER_WFO": "",
  "TOR_OTHER_CZ_STATE": "",
  "TOR_OTHER_CZ_FIPS": "",
  "TOR_OTHER_CZ_NAME": "",
  "BEGIN_RANGE": "",
  "BEGIN_AZIMUTH": "",
  "BEGIN_LOCATION": "",
  "END_RANGE": "",
  "END_AZIMUTH": "",
  "END_LOCATION": "",
  "BEGIN_LAT": "",
  "BEGIN_LON": "",
  "END_LAT": "",
  "END_LON": "",
  "text": "A 52 year old woman drowned in rip current near Horace Caldwell Pier in Port Aransas.",
  "EVENT_NARRATIVE": "A 52 year old woman from Round Rock Texas drowned in a rip current near Horace Caldwell Pier in Port Aransas.",
  "DATA_SOURCE": "CSV"
}
