{
  "BEGIN_YEARMONTH": 201802,
  "BEGIN_DAY": 6,
  "BEGIN_TIME": 600,
  "END_YEARMONTH": 201802,
  "END_DAY": 6,
  "END_TIME": 1100,
  "EPISODE_ID": 121939,
  "EVENT_ID": 729905,
  "STATE": "WEST VIRGINIA",
  "STATE_FIPS": 54,
  "YEAR": 2018,
  "MONTH_NAME": "February",
  "EVENT_TYPE": "Winter Weather",
  "CZ_TYPE": "Z",
  "CZ_FIPS": 30,
  "CZ_NAME": "LEWIS",
  "WFO": "RLX",
  "BEGIN_DATE_TIME": "2/6/18 6:00",
  "CZ_TIMEZONE": "EST-5",
  "END_DATE_TIME": "2/6/18 11:00",
  "INJURIES_DIRECT": 0,
  "INJURIES_INDIRECT": 0,
  "DEATHS_DIRECT": 0,
  "DEATHS_INDIRECT": 0,
  "DAMAGE_PROPERTY": "0.00K",
  "DAMAGE_CROPS": "0.00K",
  "SOURCE": "Social Media",
  "MAGNITUDE": "",
  "MAGNITUDE_TYPE": "",
  "FLOOD_CAUSE": "",
  "CATEGORY": "",
  "TOR_F_SCALE": "",
  "TOR_LENGTH": "",
  "TOR_WIDTH": "",
  "TOR_OTHER_WFO": "",
  "TOR_OTHER_CZ_STATE": "",
  "TOR_OTHER_CZ_FIPS": "",
  "TOR_OTHER_CZ_NAME": "",
  "BEGIN_RANGE": "",
  "BEGIN_AZIMUTH": "",
  "BEGIN_LOCATION": "",
  "END_RANGE": "",
  "END_AZIMUTH": "",
  "END_LOCATION": "",
  "BEGIN_LAT": "",
  "BEGIN_LON": "",
  "END_LAT": "",
  "END_LON": "",
  "text": "A warm front lifted through the middle Ohio River Valley on the 6th. Surface temperatures across portions of West Virginia remained at or below freezing through mid morning while temperatures above the surface had already warmed above freezing. This resulted in a period of light freezing drizzle, with a light coating of ice across a narrow swath of central and western West Virginia.",
  "EVENT_NARRATIVE": "",
  "DATA_SOURCE": "CSV"
}
