{
  "BEGIN_YEARMONTH": 201805,
  "BEGIN_DAY": 18,
  "BEGIN_TIME": 1215,
  "END_YEARMONTH": 201805,
  "END_DAY": 18,
  "END_TIME": 1225,
  "EPISODE_ID": 124594,
  "EVENT_ID": 747611,
  "STATE": "IDAHO",
  "STATE_FIPS": 16,
  "YEAR": 2018,
  "MONTH_NAME": "May",
  "EVENT_TYPE": "Funnel Cloud",
  "CZ_TYPE": "C",
  "CZ_FIPS": 85,
  "CZ_NAME": "VALLEY",
  "WFO": "BOI",
  "BEGIN_DATE_TIME": "5/18/18 12:15",
  "CZ_TIMEZONE": "MST-7",
  "END_DATE_TIME": "5/18/18 12:25",
  "INJURIES_DIRECT": 0,
  "INJURIES_INDIRECT": 0,
  "DEATHS_DIRECT": 0,
  "DEATHS_INDIRECT": 0,
  "DAMAGE_PROPERTY": "0.00K",
  "DAMAGE_CROPS": "0.00K",
  "SOURCE": "Social Media",
  "MAGNITUDE": "",
  "MAGNITUDE_TYPE": "",
  "FLOOD_CAUSE": "",
  "CATEGORY": "",
  "TOR_F_SCALE": "",
  "TOR_LENGTH": "",
  "TOR_WIDTH": "",
  "TOR_OTHER_WFO": "",
  "TOR_OTHER_CZ_STATE": "",
  "TOR_OTHER_CZ_FIPS": "",
  "TOR_OTHER_CZ_NAME": "",
  "BEGIN_RANGE": 7,
  "BEGIN_AZIMUTH": "E",
  "BEGIN_LOCATION": "CASCADE",
  "END_RANGE": 8,
  "END_AZIMUTH": "ENE",
  "END_LOCATION": "CASCADE ARPT",
  "BEGIN_LAT": 44.52,
  "BEGIN_LON": -115.8879,
  "END_LAT": 44.539,
  "END_LON": -115.8604,
  "text": "A funnel cloud formed from a strong thunderstorm just east of Horse Thief Reservoir.",
  "EVENT_NARRATIVE": "The public sent a picture through social media of a funnel cloud near Horse Thief Reservoir.",
  "DATA_SOURCE": "CSV"
}
