{
  "BEGIN_YEARMONTH": 201805,
  "BEGIN_DAY": 6,
  "BEGIN_TIME": 1702,
  "END_YEARMONTH": 201805,
  "END_DAY": 6,
  "END_TIME": 1704,
  "EPISODE_ID": 123969,
  "EVENT_ID": 744004,
  "STATE": "OHIO",
  "STATE_FIPS": 39,
  "YEAR": 2018,
  "MONTH_NAME": "May",
  "EVENT_TYPE": "Hail",
  "CZ_TYPE": "C",
  "CZ_FIPS": 25,
  "CZ_NAME": "CLERMONT",
  "WFO": "ILN",
  "BEGIN_DATE_TIME": "5/6/18 17:02",
  "CZ_TIMEZONE": "EST-5",
  "END_DATE_TIME": "5/6/18 17:04",
  "INJURIES_DIRECT": 0,
  "INJURIES_INDIRECT": 0,
  "DEATHS_DIRECT": 0,
  "DEATHS_INDIRECT": 0,
  "DAMAGE_PROPERTY": "0.00K",
  "DAMAGE_CROPS": "0.00K",
  "SOURCE": "Trained Spotter",
  "MAGNITUDE": 0.75,
  "MAGNITUDE_TYPE": "",
  "FLOOD_CAUSE": "",
  "CATEGORY": "",
  "TOR_F_SCALE": "",
  "TOR_LENGTH": "",
  "TOR_WIDTH": "",
  "TOR_OTHER_WFO": "",
  "TOR_OTHER_CZ_STATE": "",
  "TOR_OTHER_CZ_FIPS": "",
  "TOR_OTHER_CZ_NAME": "",
  "BEGIN_RANGE": 0,
  "BEGIN_AZIMUTH": "N",
  "BEGIN_LOCATION": "SUMMERSIDE",
  "END_RANGE": 0,
  "END_AZIMUTH": "N",
  "END_LOCATION": "SUMMERSIDE",
  "BEGIN_LAT": 39.1,
  "BEGIN_LON": -84.28,
  "END_LAT": 39.1,
  "END_LON": -84.28,
  "text": "Scattered thunderstorms developed during the afternoon hours in association with an upper level disturbance moving through the region.",
  "EVENT_NARRATIVE": "",
  "DATA_SOURCE": "CSV"
}
