{
  "BEGIN_YEARMONTH": 201805,
  "BEGIN_DAY": 18,
  "BEGIN_TIME": 1726,
  "END_YEARMONTH": 201805,
  "END_DAY": 18,
  "END_TIME": 1856,
  "EPISODE_ID": 124230,
  "EVENT_ID": 745486,
  "STATE": "KENTUCKY",
  "STATE_FIPS": 21,
  "YEAR": 2018,
  "MONTH_NAME": "May",
  "EVENT_TYPE": "Flash Flood",
  "CZ_TYPE": "C",
  "CZ_FIPS": 153,
  "CZ_NAME": "MAGOFFIN",
  "WFO": "JKL",
  "BEGIN_DATE_TIME": "5/18/18 17:26",
  "CZ_TIMEZONE": "EST-5",
  "END_DATE_TIME": "5/18/18 18:56",
  "INJURIES_DIRECT": 0,
  "INJURIES_INDIRECT": 0,
  "DEATHS_DIRECT": 0,
  "DEATHS_INDIRECT": 0,
  "DAMAGE_PROPERTY": "2.00K",
  "DAMAGE_CROPS": "0.00K",
  "SOURCE": "Emergency Manager",
  "MAGNITUDE": "",
  "MAGNITUDE_TYPE": "",
  "FLOOD_CAUSE": "Heavy Rain",
  "CATEGORY": "",
  "TOR_F_SCALE": "",
  "TOR_LENGTH": "",
  "TOR_WIDTH": "",
  "TOR_OTHER_WFO": "",
  "TOR_OTHER_CZ_STATE": "",
  "TOR_OTHER_CZ_FIPS": "",
  "TOR_OTHER_CZ_NAME": "",
  "BEGIN_RANGE": 1,
  "BEGIN_AZIMUTH": "SSE",
  "BEGIN_LOCATION": "HENDRICKS",
  "END_RANGE": 1,
  "END_AZIMUTH": "SSE",
  "END_LOCATION": "HENDRICKS",
  "BEGIN_LAT": 37.7114,
  "BEGIN_LON": -83.1134,
  "END_LAT": 37.711,
  "END_LON": -83.115,
  "text": "Numerous showers and thunderstorms developed this afternoon, extending into the evening ahead of an upper level disturbance. While storms were progressive in nature, continued development and repeated rounds of moderate to heavy rainfall over certain locations led to instances of flash flooding. The heavy rainfall also caused a mudslide which damaged a mobile home in Perry County. Additionally, a cloud to ground lightning strike near Somerset set a hay barn on fire.",
  "EVENT_NARRATIVE": "Emergency Management relayed a report of water flowing over Kentucky Route 30 near the Middle Fork of the Licking River southwest of Salyersville, making the road impassable. Road damage was also prevalent due to the swiftly flowing water.",
  "DATA_SOURCE": "CSV"
}
