{
  "BEGIN_YEARMONTH": 201805,
  "BEGIN_DAY": 16,
  "BEGIN_TIME": 1551,
  "END_YEARMONTH": 201805,
  "END_DAY": 16,
  "END_TIME": 1821,
  "EPISODE_ID": 124189,
  "EVENT_ID": 745283,
  "STATE": "KENTUCKY",
  "STATE_FIPS": 21,
  "YEAR": 2018,
  "MONTH_NAME": "May",
  "EVENT_TYPE": "Flash Flood",
  "CZ_TYPE": "C",
  "CZ_FIPS": 173,
  "CZ_NAME": "MONTGOMERY",
  "WFO": "JKL",
  "BEGIN_DATE_TIME": "5/16/18 15:51",
  "CZ_TIMEZONE": "EST-5",
  "END_DATE_TIME": "5/16/18 18:21",
  "INJURIES_DIRECT": 0,
  "INJURIES_INDIRECT": 0,
  "DEATHS_DIRECT": 0,
  "DEATHS_INDIRECT": 0,
  "DAMAGE_PROPERTY": "0.00K",
  "DAMAGE_CROPS": "0.01K",
  "SOURCE": "Public",
  "MAGNITUDE": "",
  "MAGNITUDE_TYPE": "",
  "FLOOD_CAUSE": "Heavy Rain",
  "CATEGORY": "",
  "TOR_F_SCALE": "",
  "TOR_LENGTH": "",
  "TOR_WIDTH": "",
  "TOR_OTHER_WFO": "",
  "TOR_OTHER_CZ_STATE": "",
  "TOR_OTHER_CZ_FIPS": "",
  "TOR_OTHER_CZ_NAME": "",
  "BEGIN_RANGE": 1,
  "BEGIN_AZIMUTH": "WNW",
  "BEGIN_LOCATION": "JUDY",
  "END_RANGE": 1,
  "END_AZIMUTH": "WNW",
  "END_LOCATION": "JUDY",
  "BEGIN_LAT": 38.14,
  "BEGIN_LON": -83.99,
  "END_LAT": 38.139,
  "END_LON": -83.9894,
  "text": "A slow moving line of thunderstorms developed from mid to late this afternoon across central Kentucky. As this line progressed east into the Bluegrass region of eastern Kentucky, these storms increased in coverage as rainfall rates increased. This led to instances of flash flooding across portions of Bath and Montgomery Counties. These storms continued to move east into the evening hours, creating additional flash flooding from Morehead to west of Sandy Hook.",
  "EVENT_NARRATIVE": "A citizen reported water flowing over a bridge on Aarons Run Road near Bunker Hill Road northwest of Judy.",
  "DATA_SOURCE": "CSV"
}
