{
  "BEGIN_YEARMONTH": 201805,
  "BEGIN_DAY": 12,
  "BEGIN_TIME": 1445,
  "END_YEARMONTH": 201805,
  "END_DAY": 12,
  "END_TIME": 1447,
  "EPISODE_ID": 124084,
  "EVENT_ID": 744667,
  "STATE": "OHIO",
  "STATE_FIPS": 39,
  "YEAR": 2018,
  "MONTH_NAME": "May",
  "EVENT_TYPE": "Hail",
  "CZ_TYPE": "C",
  "CZ_FIPS": 49,
  "CZ_NAME": "FRANKLIN",
  "WFO": "ILN",
  "BEGIN_DATE_TIME": "5/12/18 14:45",
  "CZ_TIMEZONE": "EST-5",
  "END_DATE_TIME": "5/12/18 14:47",
  "INJURIES_DIRECT": 0,
  "INJURIES_INDIRECT": 0,
  "DEATHS_DIRECT": 0,
  "DEATHS_INDIRECT": 0,
  "DAMAGE_PROPERTY": "0.00K",
  "DAMAGE_CROPS": "0.00K",
  "SOURCE": "Trained Spotter",
  "MAGNITUDE": 0.75,
  "MAGNITUDE_TYPE": "",
  "FLOOD_CAUSE": "",
  "CATEGORY": "",
  "TOR_F_SCALE": "",
  "TOR_LENGTH": "",
  "TOR_WIDTH": "",
  "TOR_OTHER_WFO": "",
  "TOR_OTHER_CZ_STATE": "",
  "TOR_OTHER_CZ_FIPS": "",
  "TOR_OTHER_CZ_NAME": "",
  "BEGIN_RANGE": 1,
  "BEGIN_AZIMUTH": "E",
  "BEGIN_LOCATION": "HANFORD",
  "END_RANGE": 1,
  "END_AZIMUTH": "E",
  "END_LOCATION": "HANFORD",
  "BEGIN_LAT": 39.95,
  "BEGIN_LON": -82.92,
  "END_LAT": 39.95,
  "END_LON": -82.92,
  "text": "Showers and thunderstorms developed along a stationary boundary during the mid to late afternoon hours.",
  "EVENT_NARRATIVE": "",
  "DATA_SOURCE": "CSV"
}
