{
  "BEGIN_YEARMONTH": 201805,
  "BEGIN_DAY": 18,
  "BEGIN_TIME": 930,
  "END_YEARMONTH": 201805,
  "END_DAY": 18,
  "END_TIME": 930,
  "EPISODE_ID": 124925,
  "EVENT_ID": 749309,
  "STATE": "FLORIDA",
  "STATE_FIPS": 12,
  "YEAR": 2018,
  "MONTH_NAME": "May",
  "EVENT_TYPE": "Hail",
  "CZ_TYPE": "C",
  "CZ_FIPS": 75,
  "CZ_NAME": "LEVY",
  "WFO": "TBW",
  "BEGIN_DATE_TIME": "5/18/18 9:30",
  "CZ_TIMEZONE": "EST-5",
  "END_DATE_TIME": "5/18/18 9:30",
  "INJURIES_DIRECT": 0,
  "INJURIES_INDIRECT": 0,
  "DEATHS_DIRECT": 0,
  "DEATHS_INDIRECT": 0,
  "DAMAGE_PROPERTY": "0.00K",
  "DAMAGE_CROPS": "0.00K",
  "SOURCE": "Public",
  "MAGNITUDE": 1,
  "MAGNITUDE_TYPE": "",
  "FLOOD_CAUSE": "",
  "CATEGORY": "",
  "TOR_F_SCALE": "",
  "TOR_LENGTH": "",
  "TOR_WIDTH": "",
  "TOR_OTHER_WFO": "",
  "TOR_OTHER_CZ_STATE": "",
  "TOR_OTHER_CZ_FIPS": "",
  "TOR_OTHER_CZ_NAME": "",
  "BEGIN_RANGE": 5,
  "BEGIN_AZIMUTH": "WSW",
  "BEGIN_LOCATION": "DUTTONS SPUR",
  "END_RANGE": 5,
  "END_AZIMUTH": "WSW",
  "END_LOCATION": "DUTTONS SPUR",
  "BEGIN_LAT": 29.25,
  "BEGIN_LON": -82.93,
  "END_LAT": 29.25,
  "END_LON": -82.93,
  "text": "Early morning thunderstorms across north central Florida produced gusty winds and hail.",
  "EVENT_NARRATIVE": "A resident of Levy County reported hail up to quarter size and wind gusts around 40 mph.",
  "DATA_SOURCE": "CSV"
}
