{
  "BEGIN_YEARMONTH": 201802,
  "BEGIN_DAY": 1,
  "BEGIN_TIME": 0,
  "END_YEARMONTH": 201802,
  "END_DAY": 28,
  "END_TIME": 2359,
  "EPISODE_ID": 123770,
  "EVENT_ID": 742481,
  "STATE": "TEXAS",
  "STATE_FIPS": 48,
  "YEAR": 2018,
  "MONTH_NAME": "February",
  "EVENT_TYPE": "Drought",
  "CZ_TYPE": "Z",
  "CZ_FIPS": 158,
  "CZ_NAME": "BELL",
  "WFO": "FWD",
  "BEGIN_DATE_TIME": "2/1/18 0:00",
  "CZ_TIMEZONE": "CST-6",
  "END_DATE_TIME": "2/28/18 23:59",
  "INJURIES_DIRECT": 0,
  "INJURIES_INDIRECT": 0,
  "DEATHS_DIRECT": 0,
  "DEATHS_INDIRECT": 0,
  "DAMAGE_PROPERTY": "0.00K",
  "DAMAGE_CROPS": "0.00K",
  "SOURCE": "Drought Monitor",
  "MAGNITUDE": "",
  "MAGNITUDE_TYPE": "",
  "FLOOD_CAUSE": "",
  "CATEGORY": "",
  "TOR_F_SCALE": "",
  "TOR_LENGTH": "",
  "TOR_WIDTH": "",
  "TOR_OTHER_WFO": "",
  "TOR_OTHER_CZ_STATE": "",
  "TOR_OTHER_CZ_FIPS": "",
  "TOR_OTHER_CZ_NAME": "",
  "BEGIN_RANGE": "",
  "BEGIN_AZIMUTH": "",
  "BEGIN_LOCATION": "",
  "END_RANGE": "",
  "END_AZIMUTH": "",
  "END_LOCATION": "",
  "BEGIN_LAT": "",
  "BEGIN_LON": "",
  "END_LAT": "",
  "END_LON": "",
  "text": "Severe drought conditions developed over parts of Central Texas by the first of February. Some of these locations missed out on beneficial rains which occurred across much of the region, allowing severe drought conditions to linger through the end of the month.",
  "EVENT_NARRATIVE": "Severe (D2) drought conditions were ongoing at the beginning of February and continued through the end of the month.",
  "DATA_SOURCE": "CSV"
}
