{
  "BEGIN_YEARMONTH": 201805,
  "BEGIN_DAY": 31,
  "BEGIN_TIME": 1826,
  "END_YEARMONTH": 201805,
  "END_DAY": 31,
  "END_TIME": 1826,
  "EPISODE_ID": 124715,
  "EVENT_ID": 748173,
  "STATE": "CALIFORNIA",
  "STATE_FIPS": 6,
  "YEAR": 2018,
  "MONTH_NAME": "May",
  "EVENT_TYPE": "High Wind",
  "CZ_TYPE": "Z",
  "CZ_FIPS": 98,
  "CZ_NAME": "INDIAN WELLS VLY",
  "WFO": "HNX",
  "BEGIN_DATE_TIME": "5/31/18 18:26",
  "CZ_TIMEZONE": "PST-8",
  "END_DATE_TIME": "5/31/18 18:26",
  "INJURIES_DIRECT": 0,
  "INJURIES_INDIRECT": 0,
  "DEATHS_DIRECT": 0,
  "DEATHS_INDIRECT": 0,
  "DAMAGE_PROPERTY": "0.00K",
  "DAMAGE_CROPS": "0.00K",
  "SOURCE": "RAWS",
  "MAGNITUDE": 54,
  "MAGNITUDE_TYPE": "MG",
  "FLOOD_CAUSE": "",
  "CATEGORY": "",
  "TOR_F_SCALE": "",
  "TOR_LENGTH": "",
  "TOR_WIDTH": "",
  "TOR_OTHER_WFO": "",
  "TOR_OTHER_CZ_STATE": "",
  "TOR_OTHER_CZ_FIPS": "",
  "TOR_OTHER_CZ_NAME": "",
  "BEGIN_RANGE": "",
  "BEGIN_AZIMUTH": "",
  "BEGIN_LOCATION": "",
  "END_RANGE": "",
  "END_AZIMUTH": "",
  "END_LOCATION": "",
  "BEGIN_LAT": "",
  "BEGIN_LON": "",
  "END_LAT": "",
  "END_LON": "",
  "text": "High pressure strengthened over the area on May 28 and May 29 and resulted in widespread triple digit heat on the 29th as the main upper ridge axis moved over Central California. An upper trough pushed into Central California on the May 30 and May 31  displacing the high pressure area and bringing cooler temperatures along with windy conditions to the west side of the San Joaquin Valley on the 30th and over the Kern County Mountains and Deserts on the 31st. Several reporting stations on the west side of the San Joaquin Valley measured wind gusts exceeding 40 mph on the 30th and several stations in the Kern County Mountains and Deserts measured gusts exceeding 50 mph on the 31st.",
  "EVENT_NARRATIVE": "The Indian Wells Canyon RAWS reported a peak wind gust of 62 mph.",
  "DATA_SOURCE": "CSV"
}
