{
  "BEGIN_YEARMONTH": 201805,
  "BEGIN_DAY": 13,
  "BEGIN_TIME": 1756,
  "END_YEARMONTH": 201805,
  "END_DAY": 13,
  "END_TIME": 1758,
  "EPISODE_ID": 124104,
  "EVENT_ID": 744737,
  "STATE": "OHIO",
  "STATE_FIPS": 39,
  "YEAR": 2018,
  "MONTH_NAME": "May",
  "EVENT_TYPE": "Thunderstorm Wind",
  "CZ_TYPE": "C",
  "CZ_FIPS": 73,
  "CZ_NAME": "HOCKING",
  "WFO": "ILN",
  "BEGIN_DATE_TIME": "5/13/18 17:56",
  "CZ_TIMEZONE": "EST-5",
  "END_DATE_TIME": "5/13/18 17:58",
  "INJURIES_DIRECT": 0,
  "INJURIES_INDIRECT": 0,
  "DEATHS_DIRECT": 0,
  "DEATHS_INDIRECT": 0,
  "DAMAGE_PROPERTY": "1.00K",
  "DAMAGE_CROPS": "0.00K",
  "SOURCE": "State Official",
  "MAGNITUDE": 45,
  "MAGNITUDE_TYPE": "EG",
  "FLOOD_CAUSE": "",
  "CATEGORY": "",
  "TOR_F_SCALE": "",
  "TOR_LENGTH": "",
  "TOR_WIDTH": "",
  "TOR_OTHER_WFO": "",
  "TOR_OTHER_CZ_STATE": "",
  "TOR_OTHER_CZ_FIPS": "",
  "TOR_OTHER_CZ_NAME": "",
  "BEGIN_RANGE": 2,
  "BEGIN_AZIMUTH": "W",
  "BEGIN_LOCATION": "LOGAN",
  "END_RANGE": 2,
  "END_AZIMUTH": "W",
  "END_LOCATION": "LOGAN",
  "BEGIN_LAT": 39.5269,
  "BEGIN_LON": -82.4623,
  "END_LAT": 39.5269,
  "END_LON": -82.4623,
  "text": "Scattered thunderstorms developed during the late afternoon and evening hours along a stationary boundary situated across southern Ohio.",
  "EVENT_NARRATIVE": "A tree was downed onto Blosser Road.",
  "DATA_SOURCE": "CSV"
}
