{
  "BEGIN_YEARMONTH": 201805,
  "BEGIN_DAY": 24,
  "BEGIN_TIME": 1742,
  "END_YEARMONTH": 201805,
  "END_DAY": 24,
  "END_TIME": 1742,
  "EPISODE_ID": 124927,
  "EVENT_ID": 749312,
  "STATE": "GULF OF MEXICO",
  "STATE_FIPS": 85,
  "YEAR": 2018,
  "MONTH_NAME": "May",
  "EVENT_TYPE": "Marine Thunderstorm Wind",
  "CZ_TYPE": "Z",
  "CZ_FIPS": 830,
  "CZ_NAME": "TAMPA BAY",
  "WFO": "TBW",
  "BEGIN_DATE_TIME": "5/24/18 17:42",
  "CZ_TIMEZONE": "EST-5",
  "END_DATE_TIME": "5/24/18 17:42",
  "INJURIES_DIRECT": 0,
  "INJURIES_INDIRECT": 0,
  "DEATHS_DIRECT": 0,
  "DEATHS_INDIRECT": 0,
  "DAMAGE_PROPERTY": "0.00K",
  "DAMAGE_CROPS": "0.00K",
  "SOURCE": "AWOS",
  "MAGNITUDE": 36,
  "MAGNITUDE_TYPE": "MG",
  "FLOOD_CAUSE": "",
  "CATEGORY": "",
  "TOR_F_SCALE": "",
  "TOR_LENGTH": "",
  "TOR_WIDTH": "",
  "TOR_OTHER_WFO": "",
  "TOR_OTHER_CZ_STATE": "",
  "TOR_OTHER_CZ_FIPS": "",
  "TOR_OTHER_CZ_NAME": "",
  "BEGIN_RANGE": 4,
  "BEGIN_AZIMUTH": "E",
  "BEGIN_LOCATION": "OLD TAMPA BAY",
  "END_RANGE": 4,
  "END_AZIMUTH": "E",
  "END_LOCATION": "OLD TAMPA BAY",
  "BEGIN_LAT": 27.85,
  "BEGIN_LON": -82.52,
  "END_LAT": 27.85,
  "END_LON": -82.52,
  "text": "Deep tropical moisture in place across the Florida peninsula allowed for the development of widespread showers and thunderstorms. Gusty winds were observed across portions of Tampa Bay.",
  "EVENT_NARRATIVE": "The AWOS at MacDill Air Force Base measured a wind gust of 36 knots...41 mph.",
  "DATA_SOURCE": "CSV"
}
