{
  "BEGIN_YEARMONTH": 201805,
  "BEGIN_DAY": 25,
  "BEGIN_TIME": 1445,
  "END_YEARMONTH": 201805,
  "END_DAY": 25,
  "END_TIME": 1500,
  "EPISODE_ID": 124607,
  "EVENT_ID": 747668,
  "STATE": "OREGON",
  "STATE_FIPS": 41,
  "YEAR": 2018,
  "MONTH_NAME": "May",
  "EVENT_TYPE": "Hail",
  "CZ_TYPE": "C",
  "CZ_FIPS": 25,
  "CZ_NAME": "HARNEY",
  "WFO": "BOI",
  "BEGIN_DATE_TIME": "5/25/18 14:45",
  "CZ_TIMEZONE": "PST-8",
  "END_DATE_TIME": "5/25/18 15:00",
  "INJURIES_DIRECT": 0,
  "INJURIES_INDIRECT": 0,
  "DEATHS_DIRECT": 0,
  "DEATHS_INDIRECT": 0,
  "DAMAGE_PROPERTY": "0.00K",
  "DAMAGE_CROPS": "0.00K",
  "SOURCE": "Social Media",
  "MAGNITUDE": 1,
  "MAGNITUDE_TYPE": "",
  "FLOOD_CAUSE": "",
  "CATEGORY": "",
  "TOR_F_SCALE": "",
  "TOR_LENGTH": "",
  "TOR_WIDTH": "",
  "TOR_OTHER_WFO": "",
  "TOR_OTHER_CZ_STATE": "",
  "TOR_OTHER_CZ_FIPS": "",
  "TOR_OTHER_CZ_NAME": "",
  "BEGIN_RANGE": 18,
  "BEGIN_AZIMUTH": "S",
  "BEGIN_LOCATION": "FIELDS",
  "END_RANGE": 16,
  "END_AZIMUTH": "S",
  "END_LOCATION": "FIELDS",
  "BEGIN_LAT": 42.01,
  "BEGIN_LON": -118.63,
  "END_LAT": 42.0451,
  "END_LON": -118.6258,
  "text": "A vigorous upper level low moved northeast out of California and spread strong to severe thunderstorms across Southeast Oregon and Southwest Idaho with large hail and damaging winds.",
  "EVENT_NARRATIVE": "A social media post reported quarter size hail 6 miles south of Pueblo Mountain.",
  "DATA_SOURCE": "CSV"
}
