{
  "BEGIN_YEARMONTH": 201306,
  "BEGIN_DAY": 28,
  "BEGIN_TIME": 1454,
  "END_YEARMONTH": 201306,
  "END_DAY": 28,
  "END_TIME": 1454,
  "EPISODE_ID": 76682,
  "EVENT_ID": 462711,
  "STATE": "DISTRICT OF COLUMBIA",
  "STATE_FIPS": 11,
  "YEAR": 2013,
  "MONTH_NAME": "June",
  "EVENT_TYPE": "Thunderstorm Wind",
  "CZ_TYPE": "C",
  "CZ_FIPS": 1,
  "CZ_NAME": "DISTRICT OF COLUMBIA",
  "WFO": "LWX",
  "BEGIN_DATE_TIME": "28-JUN-13 14:54:00",
  "CZ_TIMEZONE": "EST-5",
  "END_DATE_TIME": "28-JUN-13 14:54:00",
  "INJURIES_DIRECT": 0,
  "INJURIES_INDIRECT": 0,
  "DEATHS_DIRECT": 0,
  "DEATHS_INDIRECT": 0,
  "DAMAGE_PROPERTY": "0.00K",
  "DAMAGE_CROPS": "0.50K",
  "SOURCE": "911 Call Center",
  "MAGNITUDE": 52,
  "MAGNITUDE_TYPE": "EG",
  "FLOOD_CAUSE": "",
  "CATEGORY": "",
  "TOR_F_SCALE": "",
  "TOR_LENGTH": "",
  "TOR_WIDTH": "",
  "TOR_OTHER_WFO": "",
  "TOR_OTHER_CZ_STATE": "",
  "TOR_OTHER_CZ_FIPS": "",
  "TOR_OTHER_CZ_NAME": "",
  "BEGIN_RANGE": 1,
  "BEGIN_AZIMUTH": "ESE",
  "BEGIN_LOCATION": "BOLLING AFB",
  "END_RANGE": 1,
  "END_AZIMUTH": "ESE",
  "END_LOCATION": "BOLLING AFB",
  "BEGIN_LAT": 38.845,
  "BEGIN_LON": -77.007,
  "END_LAT": 38.845,
  "END_LON": -77.007,
  "text": "High pressure was anchored off shore while low pressure spun over the Great Lakes. A shortwave trough moved over the region initiating showers and thunderstorms in vicinity of a surface trough.",
  "EVENT_NARRATIVE": "There was a tree down on 295 near Malcolm X Ave.",
  "DATA_SOURCE": "CSV"
}
