{
  "BEGIN_YEARMONTH": 201305,
  "BEGIN_DAY": 1,
  "BEGIN_TIME": 0,
  "END_YEARMONTH": 201305,
  "END_DAY": 28,
  "END_TIME": 0,
  "EPISODE_ID": 73592,
  "EVENT_ID": 445215,
  "STATE": "NEBRASKA",
  "STATE_FIPS": 31,
  "YEAR": 2013,
  "MONTH_NAME": "May",
  "EVENT_TYPE": "Drought",
  "CZ_TYPE": "Z",
  "CZ_FIPS": 66,
  "CZ_NAME": "LANCASTER",
  "WFO": "OAX",
  "BEGIN_DATE_TIME": "01-MAY-13 00:00:00",
  "CZ_TIMEZONE": "CST-6",
  "END_DATE_TIME": "28-MAY-13 00:00:00",
  "INJURIES_DIRECT": 0,
  "INJURIES_INDIRECT": 0,
  "DEATHS_DIRECT": 0,
  "DEATHS_INDIRECT": 0,
  "DAMAGE_PROPERTY": "0.00K",
  "DAMAGE_CROPS": "0.00K",
  "SOURCE": "Drought Monitor",
  "MAGNITUDE": "",
  "MAGNITUDE_TYPE": "",
  "FLOOD_CAUSE": "",
  "CATEGORY": "",
  "TOR_F_SCALE": "",
  "TOR_LENGTH": "",
  "TOR_WIDTH": "",
  "TOR_OTHER_WFO": "",
  "TOR_OTHER_CZ_STATE": "",
  "TOR_OTHER_CZ_FIPS": "",
  "TOR_OTHER_CZ_NAME": "",
  "BEGIN_RANGE": "",
  "BEGIN_AZIMUTH": "",
  "BEGIN_LOCATION": "",
  "END_RANGE": "",
  "END_AZIMUTH": "",
  "END_LOCATION": "",
  "BEGIN_LAT": "",
  "BEGIN_LON": "",
  "END_LAT": "",
  "END_LON": "",
  "text": "Drought conditions continued improving across eastern Nebraska in May eventually ending or upgrading into the Moderate or Abnormally Dry.  Widespread rainfall of 5 to 8 inches fell over a large part of eastern Nebraska during the month, in some cases at least several inches above normal.",
  "EVENT_NARRATIVE": "",
  "DATA_SOURCE": "CSV"
}
