{
  "BEGIN_YEARMONTH": 201305,
  "BEGIN_DAY": 30,
  "BEGIN_TIME": 1748,
  "END_YEARMONTH": 201305,
  "END_DAY": 30,
  "END_TIME": 1748,
  "EPISODE_ID": 74801,
  "EVENT_ID": 456175,
  "STATE": "WISCONSIN",
  "STATE_FIPS": 55,
  "YEAR": 2013,
  "MONTH_NAME": "May",
  "EVENT_TYPE": "Thunderstorm Wind",
  "CZ_TYPE": "C",
  "CZ_FIPS": 105,
  "CZ_NAME": "ROCK",
  "WFO": "MKX",
  "BEGIN_DATE_TIME": "30-MAY-13 17:48:00",
  "CZ_TIMEZONE": "CST-6",
  "END_DATE_TIME": "30-MAY-13 17:48:00",
  "INJURIES_DIRECT": 0,
  "INJURIES_INDIRECT": 0,
  "DEATHS_DIRECT": 0,
  "DEATHS_INDIRECT": 0,
  "DAMAGE_PROPERTY": "5.00K",
  "DAMAGE_CROPS": "",
  "SOURCE": "Law Enforcement",
  "MAGNITUDE": 56,
  "MAGNITUDE_TYPE": "EG",
  "FLOOD_CAUSE": "",
  "CATEGORY": "",
  "TOR_F_SCALE": "",
  "TOR_LENGTH": "",
  "TOR_WIDTH": "",
  "TOR_OTHER_WFO": "",
  "TOR_OTHER_CZ_STATE": "",
  "TOR_OTHER_CZ_FIPS": "",
  "TOR_OTHER_CZ_NAME": "",
  "BEGIN_RANGE": 5,
  "BEGIN_AZIMUTH": "W",
  "BEGIN_LOCATION": "ORFORDVILLE",
  "END_RANGE": 5,
  "END_AZIMUTH": "W",
  "END_LOCATION": "ORFORDVILLE",
  "BEGIN_LAT": 42.63,
  "BEGIN_LON": -89.3484,
  "END_LAT": 42.63,
  "END_LON": -89.3484,
  "text": "Individual severe thunderstorms that developed over South Central Wisconsin, producing hail up to 1 inch in diameter, merged into several squall lines that produced damaging wind gusts as they moved east through Southeast Wisconsin during the afternoon and evening hours of May 30th. Overall forcing for ascent over the region was provided by  differential vorticity advection ahead of a progressive 500 mb negatively-tilted trough, with the storms developing on the nose of a moderate to strong low-level jet ahead of the wave. Moderate instability, reflected in mixed-layer CAPE values of 1000 to 1200 J/kg, and favorable wind shear contributed to conditions that produced broken bands of thunderstorms with damaging wind gusts and downbursts.",
  "EVENT_NARRATIVE": "Law enforcement officials reported a few trees and power lines blown down by thunderstorm wind gusts estimated at 65 mph (56 knots) 5 miles west of Orfordville.",
  "DATA_SOURCE": "CSV"
}
