{
  "BEGIN_YEARMONTH": 201305,
  "BEGIN_DAY": 23,
  "BEGIN_TIME": 1107,
  "END_YEARMONTH": 201305,
  "END_DAY": 23,
  "END_TIME": 1708,
  "EPISODE_ID": 74037,
  "EVENT_ID": 447827,
  "STATE": "MONTANA",
  "STATE_FIPS": 30,
  "YEAR": 2013,
  "MONTH_NAME": "May",
  "EVENT_TYPE": "High Wind",
  "CZ_TYPE": "Z",
  "CZ_FIPS": 33,
  "CZ_NAME": "FALLON",
  "WFO": "BYZ",
  "BEGIN_DATE_TIME": "23-MAY-13 11:07:00",
  "CZ_TIMEZONE": "MST-7",
  "END_DATE_TIME": "23-MAY-13 17:08:00",
  "INJURIES_DIRECT": 0,
  "INJURIES_INDIRECT": 0,
  "DEATHS_DIRECT": 0,
  "DEATHS_INDIRECT": 0,
  "DAMAGE_PROPERTY": "0.00K",
  "DAMAGE_CROPS": "0.00K",
  "SOURCE": "ASOS",
  "MAGNITUDE": 35,
  "MAGNITUDE_TYPE": "MS",
  "FLOOD_CAUSE": "",
  "CATEGORY": "",
  "TOR_F_SCALE": "",
  "TOR_LENGTH": "",
  "TOR_WIDTH": "",
  "TOR_OTHER_WFO": "",
  "TOR_OTHER_CZ_STATE": "",
  "TOR_OTHER_CZ_FIPS": "",
  "TOR_OTHER_CZ_NAME": "",
  "BEGIN_RANGE": "",
  "BEGIN_AZIMUTH": "",
  "BEGIN_LOCATION": "",
  "END_RANGE": "",
  "END_AZIMUTH": "",
  "END_LOCATION": "",
  "BEGIN_LAT": "",
  "BEGIN_LON": "",
  "END_LAT": "",
  "END_LON": "",
  "text": "A surface low pressure across Wyoming produced a very tight pressure gradient across Southeast Montana and North Central Wyoming which resulted in very strong winds.",
  "EVENT_NARRATIVE": "Sustained winds of 40 mph were recorded at the Baker Airport.",
  "DATA_SOURCE": "CSV"
}
