{
  "BEGIN_YEARMONTH": 201302,
  "BEGIN_DAY": 23,
  "BEGIN_TIME": 1900,
  "END_YEARMONTH": 201302,
  "END_DAY": 25,
  "END_TIME": 400,
  "EPISODE_ID": 71313,
  "EVENT_ID": 436163,
  "STATE": "NEW HAMPSHIRE",
  "STATE_FIPS": 33,
  "YEAR": 2013,
  "MONTH_NAME": "February",
  "EVENT_TYPE": "Winter Weather",
  "CZ_TYPE": "Z",
  "CZ_FIPS": 12,
  "CZ_NAME": "EASTERN HILLSBOROUGH",
  "WFO": "BOX",
  "BEGIN_DATE_TIME": "23-FEB-13 19:00:00",
  "CZ_TIMEZONE": "EST-5",
  "END_DATE_TIME": "25-FEB-13 04:00:00",
  "INJURIES_DIRECT": 0,
  "INJURIES_INDIRECT": 0,
  "DEATHS_DIRECT": 0,
  "DEATHS_INDIRECT": 0,
  "DAMAGE_PROPERTY": "0.00K",
  "DAMAGE_CROPS": "0.00K",
  "SOURCE": "NWS Employee",
  "MAGNITUDE": "",
  "MAGNITUDE_TYPE": "",
  "FLOOD_CAUSE": "",
  "CATEGORY": "",
  "TOR_F_SCALE": "",
  "TOR_LENGTH": "",
  "TOR_WIDTH": "",
  "TOR_OTHER_WFO": "",
  "TOR_OTHER_CZ_STATE": "",
  "TOR_OTHER_CZ_FIPS": "",
  "TOR_OTHER_CZ_NAME": "",
  "BEGIN_RANGE": "",
  "BEGIN_AZIMUTH": "",
  "BEGIN_LOCATION": "",
  "END_RANGE": "",
  "END_AZIMUTH": "",
  "END_LOCATION": "",
  "BEGIN_LAT": "",
  "BEGIN_LON": "",
  "END_LAT": "",
  "END_LON": "",
  "text": "A coastal low moved southeast of southern New England.  As this occurred, an inverted trough set up, bringing snow to much of the area.  Snow amounts were low (under 3 inches) for much of the area.  However, the higher elevations ended up with 6+ inches of snow.",
  "EVENT_NARRATIVE": "Three to five inches of snow fell across eastern Hillsborough County.",
  "DATA_SOURCE": "CSV"
}
