{
  "BEGIN_YEARMONTH": 201306,
  "BEGIN_DAY": 15,
  "BEGIN_TIME": 1450,
  "END_YEARMONTH": 201306,
  "END_DAY": 15,
  "END_TIME": 2050,
  "EPISODE_ID": 75073,
  "EVENT_ID": 453904,
  "STATE": "KANSAS",
  "STATE_FIPS": 20,
  "YEAR": 2013,
  "MONTH_NAME": "June",
  "EVENT_TYPE": "Flood",
  "CZ_TYPE": "C",
  "CZ_FIPS": 91,
  "CZ_NAME": "JOHNSON",
  "WFO": "EAX",
  "BEGIN_DATE_TIME": "15-JUN-13 14:50:00",
  "CZ_TIMEZONE": "CST-6",
  "END_DATE_TIME": "15-JUN-13 20:50:00",
  "INJURIES_DIRECT": 0,
  "INJURIES_INDIRECT": 0,
  "DEATHS_DIRECT": 0,
  "DEATHS_INDIRECT": 0,
  "DAMAGE_PROPERTY": "0.00K",
  "DAMAGE_CROPS": "0.00K",
  "SOURCE": "Trained Spotter",
  "MAGNITUDE": "",
  "MAGNITUDE_TYPE": "",
  "FLOOD_CAUSE": "Heavy Rain",
  "CATEGORY": "",
  "TOR_F_SCALE": "",
  "TOR_LENGTH": "",
  "TOR_WIDTH": "",
  "TOR_OTHER_WFO": "",
  "TOR_OTHER_CZ_STATE": "",
  "TOR_OTHER_CZ_FIPS": "",
  "TOR_OTHER_CZ_NAME": "",
  "BEGIN_RANGE": 1,
  "BEGIN_AZIMUTH": "N",
  "BEGIN_LOCATION": "OVERLAND PARK",
  "END_RANGE": 1,
  "END_AZIMUTH": "N",
  "END_LOCATION": "OVERLAND PARK",
  "BEGIN_LAT": 38.9958,
  "BEGIN_LON": -94.6726,
  "END_LAT": 38.9912,
  "END_LON": -94.6706,
  "text": "A very unstable airmass across extreme eastern Kansas, led to severe thunderstorm development, during the afternoon hours of June, 15, 2013. Damaging winds were observed with these storms.",
  "EVENT_NARRATIVE": "Heavy rains, caused street flooding with impassable conditions, at 75th Street and Metcalf Avenue.",
  "DATA_SOURCE": "CSV"
}
