{
  "BEGIN_YEARMONTH": 201306,
  "BEGIN_DAY": 28,
  "BEGIN_TIME": 1507,
  "END_YEARMONTH": 201306,
  "END_DAY": 28,
  "END_TIME": 1507,
  "EPISODE_ID": 76677,
  "EVENT_ID": 462710,
  "STATE": "VIRGINIA",
  "STATE_FIPS": 51,
  "YEAR": 2013,
  "MONTH_NAME": "June",
  "EVENT_TYPE": "Thunderstorm Wind",
  "CZ_TYPE": "C",
  "CZ_FIPS": 99,
  "CZ_NAME": "KING GEORGE",
  "WFO": "LWX",
  "BEGIN_DATE_TIME": "28-JUN-13 15:07:00",
  "CZ_TIMEZONE": "EST-5",
  "END_DATE_TIME": "28-JUN-13 15:07:00",
  "INJURIES_DIRECT": 0,
  "INJURIES_INDIRECT": 0,
  "DEATHS_DIRECT": 0,
  "DEATHS_INDIRECT": 0,
  "DAMAGE_PROPERTY": "0.00K",
  "DAMAGE_CROPS": "0.50K",
  "SOURCE": "Emergency Manager",
  "MAGNITUDE": 52,
  "MAGNITUDE_TYPE": "EG",
  "FLOOD_CAUSE": "",
  "CATEGORY": "",
  "TOR_F_SCALE": "",
  "TOR_LENGTH": "",
  "TOR_WIDTH": "",
  "TOR_OTHER_WFO": "",
  "TOR_OTHER_CZ_STATE": "",
  "TOR_OTHER_CZ_FIPS": "",
  "TOR_OTHER_CZ_NAME": "",
  "BEGIN_RANGE": 0,
  "BEGIN_AZIMUTH": "WNW",
  "BEGIN_LOCATION": "HOOES",
  "END_RANGE": 0,
  "END_AZIMUTH": "WNW",
  "END_LOCATION": "HOOES",
  "BEGIN_LAT": 38.352,
  "BEGIN_LON": -77.077,
  "END_LAT": 38.352,
  "END_LON": -77.077,
  "text": "High pressure was anchored off shore while low pressure spun over the Great Lakes. A shortwave trough moved over the region initiating showers and thunderstorms in vicinity of a surface trough.",
  "EVENT_NARRATIVE": "There was a tree down on Owens Drive and Dixon Lane.",
  "DATA_SOURCE": "CSV"
}
