{
  "BEGIN_YEARMONTH": 201306,
  "BEGIN_DAY": 28,
  "BEGIN_TIME": 1547,
  "END_YEARMONTH": 201306,
  "END_DAY": 28,
  "END_TIME": 1547,
  "EPISODE_ID": 76676,
  "EVENT_ID": 462717,
  "STATE": "MARYLAND",
  "STATE_FIPS": 24,
  "YEAR": 2013,
  "MONTH_NAME": "June",
  "EVENT_TYPE": "Thunderstorm Wind",
  "CZ_TYPE": "C",
  "CZ_FIPS": 37,
  "CZ_NAME": "ST. MARY'S",
  "WFO": "LWX",
  "BEGIN_DATE_TIME": "28-JUN-13 15:47:00",
  "CZ_TIMEZONE": "EST-5",
  "END_DATE_TIME": "28-JUN-13 15:47:00",
  "INJURIES_DIRECT": 0,
  "INJURIES_INDIRECT": 0,
  "DEATHS_DIRECT": 0,
  "DEATHS_INDIRECT": 0,
  "DAMAGE_PROPERTY": "2.00K",
  "DAMAGE_CROPS": "0.50K",
  "SOURCE": "911 Call Center",
  "MAGNITUDE": 52,
  "MAGNITUDE_TYPE": "EG",
  "FLOOD_CAUSE": "",
  "CATEGORY": "",
  "TOR_F_SCALE": "",
  "TOR_LENGTH": "",
  "TOR_WIDTH": "",
  "TOR_OTHER_WFO": "",
  "TOR_OTHER_CZ_STATE": "",
  "TOR_OTHER_CZ_FIPS": "",
  "TOR_OTHER_CZ_NAME": "",
  "BEGIN_RANGE": 0,
  "BEGIN_AZIMUTH": "ENE",
  "BEGIN_LOCATION": "HURRY",
  "END_RANGE": 0,
  "END_AZIMUTH": "ENE",
  "END_LOCATION": "HURRY",
  "BEGIN_LAT": 38.332,
  "BEGIN_LON": -76.773,
  "END_LAT": 38.332,
  "END_LON": -76.773,
  "text": "High pressure was anchored off shore while low pressure spun over the Great Lakes. A shortwave trough moved over the region initiating showers and thunderstorms in vicinity of a surface trough.",
  "EVENT_NARRATIVE": "There was a tree knocked down onto a house along Hurry Road.",
  "DATA_SOURCE": "CSV"
}
