{
  "BEGIN_YEARMONTH": 201311,
  "BEGIN_DAY": 20,
  "BEGIN_TIME": 1500,
  "END_YEARMONTH": 201311,
  "END_DAY": 25,
  "END_TIME": 500,
  "EPISODE_ID": 82840,
  "EVENT_ID": 499173,
  "STATE": "COLORADO",
  "STATE_FIPS": 8,
  "YEAR": 2013,
  "MONTH_NAME": "November",
  "EVENT_TYPE": "Winter Storm",
  "CZ_TYPE": "Z",
  "CZ_FIPS": 19,
  "CZ_NAME": "SOUTHWESTERN SAN JUAN MOUNTAINS",
  "WFO": "GJT",
  "BEGIN_DATE_TIME": "20-NOV-13 15:00:00",
  "CZ_TIMEZONE": "MST-7",
  "END_DATE_TIME": "25-NOV-13 05:00:00",
  "INJURIES_DIRECT": 0,
  "INJURIES_INDIRECT": 0,
  "DEATHS_DIRECT": 0,
  "DEATHS_INDIRECT": 0,
  "DAMAGE_PROPERTY": "0.00K",
  "DAMAGE_CROPS": "0.00K",
  "SOURCE": "Department of Highways",
  "MAGNITUDE": "",
  "MAGNITUDE_TYPE": "",
  "FLOOD_CAUSE": "",
  "CATEGORY": "",
  "TOR_F_SCALE": "",
  "TOR_LENGTH": "",
  "TOR_WIDTH": "",
  "TOR_OTHER_WFO": "",
  "TOR_OTHER_CZ_STATE": "",
  "TOR_OTHER_CZ_FIPS": "",
  "TOR_OTHER_CZ_NAME": "",
  "BEGIN_RANGE": "",
  "BEGIN_AZIMUTH": "",
  "BEGIN_LOCATION": "",
  "END_RANGE": "",
  "END_AZIMUTH": "",
  "END_LOCATION": "",
  "BEGIN_LAT": "",
  "BEGIN_LON": "",
  "END_LAT": "",
  "END_LON": "",
  "text": "A very moist southwest flow preceded a large upper low which moved into the southwest states on the 24th.  Initially, precipitation was mostly in the form of rain at lower elevations, then changed to snow as colder air spread into the region.",
  "EVENT_NARRATIVE": "High-density snowfall totals of 1 to 3 feet were measured across the area.  Locally heavier amounts included 50 inches at the Weminuche Creek SNOTEL site. WInd gusts of 20 to 40 mph produced areas of blowing snow.",
  "DATA_SOURCE": "CSV"
}
