{
  "BEGIN_YEARMONTH": 201305,
  "BEGIN_DAY": 30,
  "BEGIN_TIME": 1000,
  "END_YEARMONTH": 201305,
  "END_DAY": 31,
  "END_TIME": 1900,
  "EPISODE_ID": 74209,
  "EVENT_ID": 448796,
  "STATE": "WYOMING",
  "STATE_FIPS": 56,
  "YEAR": 2013,
  "MONTH_NAME": "May",
  "EVENT_TYPE": "High Wind",
  "CZ_TYPE": "Z",
  "CZ_FIPS": 99,
  "CZ_NAME": "SHERIDAN FOOTHILLS",
  "WFO": "BYZ",
  "BEGIN_DATE_TIME": "30-MAY-13 10:00:00",
  "CZ_TIMEZONE": "MST-7",
  "END_DATE_TIME": "31-MAY-13 19:00:00",
  "INJURIES_DIRECT": 0,
  "INJURIES_INDIRECT": 0,
  "DEATHS_DIRECT": 0,
  "DEATHS_INDIRECT": 0,
  "DAMAGE_PROPERTY": "0.00K",
  "DAMAGE_CROPS": "0.00K",
  "SOURCE": "ASOS",
  "MAGNITUDE": 54,
  "MAGNITUDE_TYPE": "MG",
  "FLOOD_CAUSE": "",
  "CATEGORY": "",
  "TOR_F_SCALE": "",
  "TOR_LENGTH": "",
  "TOR_WIDTH": "",
  "TOR_OTHER_WFO": "",
  "TOR_OTHER_CZ_STATE": "",
  "TOR_OTHER_CZ_FIPS": "",
  "TOR_OTHER_CZ_NAME": "",
  "BEGIN_RANGE": "",
  "BEGIN_AZIMUTH": "",
  "BEGIN_LOCATION": "",
  "END_RANGE": "",
  "END_AZIMUTH": "",
  "END_LOCATION": "",
  "BEGIN_LAT": "",
  "BEGIN_LON": "",
  "END_LAT": "",
  "END_LON": "",
  "text": "A strong surface low across Northeastern Wyoming produced a very tight pressure gradient and high winds across Sheridan County.",
  "EVENT_NARRATIVE": "Sustained winds of 40 to 50 mph with a gusts around 60 mph were recorded across Sheridan County.",
  "DATA_SOURCE": "CSV"
}
