{
  "BEGIN_YEARMONTH": 201306,
  "BEGIN_DAY": 15,
  "BEGIN_TIME": 1358,
  "END_YEARMONTH": 201306,
  "END_DAY": 15,
  "END_TIME": 1358,
  "EPISODE_ID": 75073,
  "EVENT_ID": 453909,
  "STATE": "KANSAS",
  "STATE_FIPS": 20,
  "YEAR": 2013,
  "MONTH_NAME": "June",
  "EVENT_TYPE": "Thunderstorm Wind",
  "CZ_TYPE": "C",
  "CZ_FIPS": 121,
  "CZ_NAME": "MIAMI",
  "WFO": "EAX",
  "BEGIN_DATE_TIME": "15-JUN-13 13:58:00",
  "CZ_TIMEZONE": "CST-6",
  "END_DATE_TIME": "15-JUN-13 13:58:00",
  "INJURIES_DIRECT": 0,
  "INJURIES_INDIRECT": 0,
  "DEATHS_DIRECT": 0,
  "DEATHS_INDIRECT": 0,
  "DAMAGE_PROPERTY": "0.10K",
  "DAMAGE_CROPS": "0.00K",
  "SOURCE": "Emergency Manager",
  "MAGNITUDE": 52,
  "MAGNITUDE_TYPE": "EG",
  "FLOOD_CAUSE": "",
  "CATEGORY": "",
  "TOR_F_SCALE": "",
  "TOR_LENGTH": "",
  "TOR_WIDTH": "",
  "TOR_OTHER_WFO": "",
  "TOR_OTHER_CZ_STATE": "",
  "TOR_OTHER_CZ_FIPS": "",
  "TOR_OTHER_CZ_NAME": "",
  "BEGIN_RANGE": 2,
  "BEGIN_AZIMUTH": "NNW",
  "BEGIN_LOCATION": "HENSON",
  "END_RANGE": 2,
  "END_AZIMUTH": "NNW",
  "END_LOCATION": "HENSON",
  "BEGIN_LAT": 38.53,
  "BEGIN_LON": -94.87,
  "END_LAT": 38.53,
  "END_LON": -94.87,
  "text": "A very unstable airmass across extreme eastern Kansas, led to severe thunderstorm development, during the afternoon hours of June, 15, 2013. Damaging winds were observed with these storms.",
  "EVENT_NARRATIVE": "Thunderstorm wind gusts were estimated up to 60 mph, with a small shed reported blown over.",
  "DATA_SOURCE": "CSV"
}
