{
  "BEGIN_YEARMONTH": 201306,
  "BEGIN_DAY": 28,
  "BEGIN_TIME": 1422,
  "END_YEARMONTH": 201306,
  "END_DAY": 28,
  "END_TIME": 1422,
  "EPISODE_ID": 74670,
  "EVENT_ID": 451510,
  "STATE": "PENNSYLVANIA",
  "STATE_FIPS": 42,
  "YEAR": 2013,
  "MONTH_NAME": "June",
  "EVENT_TYPE": "Hail",
  "CZ_TYPE": "C",
  "CZ_FIPS": 27,
  "CZ_NAME": "CENTRE",
  "WFO": "CTP",
  "BEGIN_DATE_TIME": "28-JUN-13 14:22:00",
  "CZ_TIMEZONE": "EST-5",
  "END_DATE_TIME": "28-JUN-13 14:22:00",
  "INJURIES_DIRECT": 0,
  "INJURIES_INDIRECT": 0,
  "DEATHS_DIRECT": 0,
  "DEATHS_INDIRECT": 0,
  "DAMAGE_PROPERTY": "",
  "DAMAGE_CROPS": "",
  "SOURCE": "Trained Spotter",
  "MAGNITUDE": 0.75,
  "MAGNITUDE_TYPE": "",
  "FLOOD_CAUSE": "",
  "CATEGORY": "",
  "TOR_F_SCALE": "",
  "TOR_LENGTH": "",
  "TOR_WIDTH": "",
  "TOR_OTHER_WFO": "",
  "TOR_OTHER_CZ_STATE": "",
  "TOR_OTHER_CZ_FIPS": "",
  "TOR_OTHER_CZ_NAME": "",
  "BEGIN_RANGE": 1,
  "BEGIN_AZIMUTH": "NW",
  "BEGIN_LOCATION": "STATE COLLEGE",
  "END_RANGE": 1,
  "END_AZIMUTH": "NW",
  "END_LOCATION": "STATE COLLEGE",
  "BEGIN_LAT": 40.7933,
  "BEGIN_LON": -77.8669,
  "END_LAT": 40.7933,
  "END_LON": -77.8669,
  "text": "Thunderstorms increased in coverage and intensity during the afternoon as large scale lift was enhanced by a mid-level disturbance pivoting around an upper-level low centered over southwestern Ontario. The combination of enhanced lift, strong instability and deep layer wind profiles supported organized storm structures including bowing line segments that produced areas of damaging winds and severe hail.",
  "EVENT_NARRATIVE": "Penny size hail (0.75 inch diameter) was reported at the Walker Building on the campus of Penn State University.",
  "DATA_SOURCE": "CSV"
}
