{
  "BEGIN_YEARMONTH": 201304,
  "BEGIN_DAY": 10,
  "BEGIN_TIME": 1755,
  "END_YEARMONTH": 201304,
  "END_DAY": 10,
  "END_TIME": 1755,
  "EPISODE_ID": 72767,
  "EVENT_ID": 444228,
  "STATE": "MISSOURI",
  "STATE_FIPS": 29,
  "YEAR": 2013,
  "MONTH_NAME": "April",
  "EVENT_TYPE": "Thunderstorm Wind",
  "CZ_TYPE": "C",
  "CZ_FIPS": 55,
  "CZ_NAME": "CRAWFORD",
  "WFO": "LSX",
  "BEGIN_DATE_TIME": "10-APR-13 17:55:00",
  "CZ_TIMEZONE": "CST-6",
  "END_DATE_TIME": "10-APR-13 17:55:00",
  "INJURIES_DIRECT": 0,
  "INJURIES_INDIRECT": 0,
  "DEATHS_DIRECT": 0,
  "DEATHS_INDIRECT": 0,
  "DAMAGE_PROPERTY": "0.00K",
  "DAMAGE_CROPS": "0.00K",
  "SOURCE": "Amateur Radio",
  "MAGNITUDE": 61,
  "MAGNITUDE_TYPE": "EG",
  "FLOOD_CAUSE": "",
  "CATEGORY": "",
  "TOR_F_SCALE": "",
  "TOR_LENGTH": "",
  "TOR_WIDTH": "",
  "TOR_OTHER_WFO": "",
  "TOR_OTHER_CZ_STATE": "",
  "TOR_OTHER_CZ_FIPS": "",
  "TOR_OTHER_CZ_NAME": "",
  "BEGIN_RANGE": 0,
  "BEGIN_AZIMUTH": "N",
  "BEGIN_LOCATION": "STEELVILLE",
  "END_RANGE": 0,
  "END_AZIMUTH": "N",
  "END_LOCATION": "STEELVILLE",
  "BEGIN_LAT": 37.97,
  "BEGIN_LON": -91.35,
  "END_LAT": 37.97,
  "END_LON": -91.35,
  "text": "A strong weather system moved through the region, triggering showers and thunderstorms.  There were numerous reports of large hail, as well as damaging winds and three tornadoes.",
  "EVENT_NARRATIVE": "Numerous trees blown down around town.",
  "DATA_SOURCE": "CSV"
}
