{
  "BEGIN_YEARMONTH": 201303,
  "BEGIN_DAY": 21,
  "BEGIN_TIME": 600,
  "END_YEARMONTH": 201303,
  "END_DAY": 22,
  "END_TIME": 2300,
  "EPISODE_ID": 72061,
  "EVENT_ID": 434349,
  "STATE": "HAWAII",
  "STATE_FIPS": 15,
  "YEAR": 2013,
  "MONTH_NAME": "March",
  "EVENT_TYPE": "High Surf",
  "CZ_TYPE": "Z",
  "CZ_FIPS": 23,
  "CZ_NAME": "KONA",
  "WFO": "HFO",
  "BEGIN_DATE_TIME": "21-MAR-13 06:00:00",
  "CZ_TIMEZONE": "HST-10",
  "END_DATE_TIME": "22-MAR-13 23:00:00",
  "INJURIES_DIRECT": 0,
  "INJURIES_INDIRECT": 0,
  "DEATHS_DIRECT": 0,
  "DEATHS_INDIRECT": 0,
  "DAMAGE_PROPERTY": "0.00K",
  "DAMAGE_CROPS": "0.00K",
  "SOURCE": "Trained Spotter",
  "MAGNITUDE": "",
  "MAGNITUDE_TYPE": "",
  "FLOOD_CAUSE": "",
  "CATEGORY": "",
  "TOR_F_SCALE": "",
  "TOR_LENGTH": "",
  "TOR_WIDTH": "",
  "TOR_OTHER_WFO": "",
  "TOR_OTHER_CZ_STATE": "",
  "TOR_OTHER_CZ_FIPS": "",
  "TOR_OTHER_CZ_NAME": "",
  "BEGIN_RANGE": "",
  "BEGIN_AZIMUTH": "",
  "BEGIN_LOCATION": "",
  "END_RANGE": "",
  "END_AZIMUTH": "",
  "END_LOCATION": "",
  "BEGIN_LAT": "",
  "BEGIN_LON": "",
  "END_LAT": "",
  "END_LON": "",
  "text": "A swell from a powerful low far northwest of the Aloha State generated surf of 15 to 25 feet along the north- and west-facing shores of Niihau and Kauai, and the north-facing shores of Oahu, Molokai, and Maui; 10 to 20 feet along the west-facing shores of Oahu and Molokai; and 6 to 9 feet along the west-facing shores of the Big Island of Hawaii.  Beaches were closed for a time on Kauai because of the high surf conditions.  Lifeguards were busy elsewhere with rescues and keeping inexperienced surfers out of the water.  No serious injuries or property damage were reported.",
  "EVENT_NARRATIVE": "",
  "DATA_SOURCE": "CSV"
}
