{
  "BEGIN_YEARMONTH": 201306,
  "BEGIN_DAY": 13,
  "BEGIN_TIME": 1438,
  "END_YEARMONTH": 201306,
  "END_DAY": 13,
  "END_TIME": 1459,
  "EPISODE_ID": 76346,
  "EVENT_ID": 460451,
  "STATE": "MARYLAND",
  "STATE_FIPS": 24,
  "YEAR": 2013,
  "MONTH_NAME": "June",
  "EVENT_TYPE": "Tornado",
  "CZ_TYPE": "C",
  "CZ_FIPS": 31,
  "CZ_NAME": "MONTGOMERY",
  "WFO": "LWX",
  "BEGIN_DATE_TIME": "13-JUN-13 14:38:00",
  "CZ_TIMEZONE": "EST-5",
  "END_DATE_TIME": "13-JUN-13 14:59:00",
  "INJURIES_DIRECT": 0,
  "INJURIES_INDIRECT": 0,
  "DEATHS_DIRECT": 0,
  "DEATHS_INDIRECT": 0,
  "DAMAGE_PROPERTY": "1.00K",
  "DAMAGE_CROPS": "5.00K",
  "SOURCE": "NWS Storm Survey",
  "MAGNITUDE": "",
  "MAGNITUDE_TYPE": "",
  "FLOOD_CAUSE": "",
  "CATEGORY": "",
  "TOR_F_SCALE": "EF0",
  "TOR_LENGTH": 20.1,
  "TOR_WIDTH": 150,
  "TOR_OTHER_WFO": "",
  "TOR_OTHER_CZ_STATE": "",
  "TOR_OTHER_CZ_FIPS": "",
  "TOR_OTHER_CZ_NAME": "",
  "BEGIN_RANGE": 1,
  "BEGIN_AZIMUTH": "E",
  "BEGIN_LOCATION": "SENECA",
  "END_RANGE": 1,
  "END_AZIMUTH": "WNW",
  "END_LOCATION": "BURTONSVILLE",
  "BEGIN_LAT": 39.08,
  "BEGIN_LON": -77.32,
  "END_LAT": 39.108,
  "END_LON": -76.947,
  "text": "A cold front stalled across the Mid Atlantic and low pressure formed and moved along it. Southerly flow advected gulf moisture into the region and showers and thunderstorms easily formed. Heavy rain, hail, damaging winds and tornadoes occurred throughout the day.",
  "EVENT_NARRATIVE": "From eyewitness accounts, radar imagery and a ground survey concluded a long track EF-0 tornado occurred in Montgomery County MD on the afternoon of June 13, 2013.  Peak winds were estimated at 75 mph.  Damage was almost entirely from downed trees.  In that regard numerous homes and a few parked vehicles were damaged by trees falling onto them.  ||First damage was noted near the Bretton Woods golf course along River Road.  Damage continued along Bonnie Dale Drive and Glenhurst Ct where several trees were downed in the community.  Also, near the intersection of Turkey Foot Road and Jones Lane in southwest Montgomery County near North Potomac MD a few large trees were over the road.  The tornado raced east at nearly 60 mph to the northern section of Rockville MD.  At least 14 homes were significantly damaged by uprooted trees.  As it continued east to the Norbeck and Aspen Hill area 30 trees were uprooted in the Manor County Golf Club as well as numerous homes damaged in the surrounding communiteis from tree damage.  Tree damage was noted along the intercounty connector route 200 at the Layhill Road exit.  Finally a few trees were downed in Spencerville and Burtonsville.||Additionally there was a parallel 7 miles path of damage through South Rockville and Glenmont MD with similar tree damage.  This area was found to be straight line winds from the outflow just south of the tornado from the parent supercell storm.",
  "DATA_SOURCE": "CSV"
}
