{
  "BEGIN_YEARMONTH": 201305,
  "BEGIN_DAY": 30,
  "BEGIN_TIME": 1440,
  "END_YEARMONTH": 201305,
  "END_DAY": 30,
  "END_TIME": 1440,
  "EPISODE_ID": 75601,
  "EVENT_ID": 456365,
  "STATE": "MICHIGAN",
  "STATE_FIPS": 26,
  "YEAR": 2013,
  "MONTH_NAME": "May",
  "EVENT_TYPE": "Thunderstorm Wind",
  "CZ_TYPE": "C",
  "CZ_FIPS": 147,
  "CZ_NAME": "ST. CLAIR",
  "WFO": "DTX",
  "BEGIN_DATE_TIME": "30-MAY-13 14:40:00",
  "CZ_TIMEZONE": "EST-5",
  "END_DATE_TIME": "30-MAY-13 14:40:00",
  "INJURIES_DIRECT": 0,
  "INJURIES_INDIRECT": 0,
  "DEATHS_DIRECT": 0,
  "DEATHS_INDIRECT": 0,
  "DAMAGE_PROPERTY": "10.00K",
  "DAMAGE_CROPS": "0.00K",
  "SOURCE": "Public",
  "MAGNITUDE": 59,
  "MAGNITUDE_TYPE": "EG",
  "FLOOD_CAUSE": "",
  "CATEGORY": "",
  "TOR_F_SCALE": "",
  "TOR_LENGTH": "",
  "TOR_WIDTH": "",
  "TOR_OTHER_WFO": "",
  "TOR_OTHER_CZ_STATE": "",
  "TOR_OTHER_CZ_FIPS": "",
  "TOR_OTHER_CZ_NAME": "",
  "BEGIN_RANGE": 1,
  "BEGIN_AZIMUTH": "S",
  "BEGIN_LOCATION": "PORT HURON ARPT",
  "END_RANGE": 1,
  "END_AZIMUTH": "S",
  "END_LOCATION": "PORT HURON ARPT",
  "BEGIN_LAT": 43,
  "BEGIN_LON": -82.45,
  "END_LAT": 43,
  "END_LON": -82.45,
  "text": "Several severe thunderstorms developed with good afternoon instability.",
  "EVENT_NARRATIVE": "Trees reported down, along with damage to houses.",
  "DATA_SOURCE": "CSV"
}
