{
  "BEGIN_YEARMONTH": 201306,
  "BEGIN_DAY": 14,
  "BEGIN_TIME": 1246,
  "END_YEARMONTH": 201306,
  "END_DAY": 14,
  "END_TIME": 1246,
  "EPISODE_ID": 75072,
  "EVENT_ID": 453900,
  "STATE": "MISSOURI",
  "STATE_FIPS": 29,
  "YEAR": 2013,
  "MONTH_NAME": "June",
  "EVENT_TYPE": "Hail",
  "CZ_TYPE": "C",
  "CZ_FIPS": 81,
  "CZ_NAME": "HARRISON",
  "WFO": "EAX",
  "BEGIN_DATE_TIME": "14-JUN-13 12:46:00",
  "CZ_TIMEZONE": "CST-6",
  "END_DATE_TIME": "14-JUN-13 12:46:00",
  "INJURIES_DIRECT": 0,
  "INJURIES_INDIRECT": 0,
  "DEATHS_DIRECT": 0,
  "DEATHS_INDIRECT": 0,
  "DAMAGE_PROPERTY": "0.00K",
  "DAMAGE_CROPS": "0.00K",
  "SOURCE": "Public",
  "MAGNITUDE": 1,
  "MAGNITUDE_TYPE": "",
  "FLOOD_CAUSE": "",
  "CATEGORY": "",
  "TOR_F_SCALE": "",
  "TOR_LENGTH": "",
  "TOR_WIDTH": "",
  "TOR_OTHER_WFO": "",
  "TOR_OTHER_CZ_STATE": "",
  "TOR_OTHER_CZ_FIPS": "",
  "TOR_OTHER_CZ_NAME": "",
  "BEGIN_RANGE": 3,
  "BEGIN_AZIMUTH": "S",
  "BEGIN_LOCATION": "ANDOVER",
  "END_RANGE": 3,
  "END_AZIMUTH": "S",
  "END_LOCATION": "ANDOVER",
  "BEGIN_LAT": 40.53,
  "BEGIN_LON": -93.91,
  "END_LAT": 40.53,
  "END_LON": -93.91,
  "text": "A warm front moved northeast across Missouri, during the afternoon hours of June, 14, 2013. A severe thunderstorm with one inch diameter hail was observed in Harrison County.",
  "EVENT_NARRATIVE": "",
  "DATA_SOURCE": "CSV"
}
