{
  "BEGIN_YEARMONTH": 201305,
  "BEGIN_DAY": 19,
  "BEGIN_TIME": 1623,
  "END_YEARMONTH": 201305,
  "END_DAY": 19,
  "END_TIME": 1623,
  "EPISODE_ID": 75893,
  "EVENT_ID": 458084,
  "STATE": "KANSAS",
  "STATE_FIPS": 20,
  "YEAR": 2013,
  "MONTH_NAME": "May",
  "EVENT_TYPE": "Hail",
  "CZ_TYPE": "C",
  "CZ_FIPS": 151,
  "CZ_NAME": "PRATT",
  "WFO": "DDC",
  "BEGIN_DATE_TIME": "19-MAY-13 16:23:00",
  "CZ_TIMEZONE": "CST-6",
  "END_DATE_TIME": "19-MAY-13 16:23:00",
  "INJURIES_DIRECT": 0,
  "INJURIES_INDIRECT": 0,
  "DEATHS_DIRECT": 0,
  "DEATHS_INDIRECT": 0,
  "DAMAGE_PROPERTY": "",
  "DAMAGE_CROPS": "",
  "SOURCE": "Emergency Manager",
  "MAGNITUDE": 1,
  "MAGNITUDE_TYPE": "",
  "FLOOD_CAUSE": "",
  "CATEGORY": "",
  "TOR_F_SCALE": "",
  "TOR_LENGTH": "",
  "TOR_WIDTH": "",
  "TOR_OTHER_WFO": "",
  "TOR_OTHER_CZ_STATE": "",
  "TOR_OTHER_CZ_FIPS": "",
  "TOR_OTHER_CZ_NAME": "",
  "BEGIN_RANGE": 3,
  "BEGIN_AZIMUTH": "ESE",
  "BEGIN_LOCATION": "SPRINGVALE",
  "END_RANGE": 3,
  "END_AZIMUTH": "ESE",
  "END_LOCATION": "SPRINGVALE",
  "BEGIN_LAT": 37.51,
  "BEGIN_LON": -98.9,
  "END_LAT": 37.51,
  "END_LON": -98.9,
  "text": "Thunderstorms developed in the post frontal area during the afternoon.  Lapse rates supported elevated thunderstorms as a weak mid level wind maximum moved across the area.",
  "EVENT_NARRATIVE": "",
  "DATA_SOURCE": "CSV"
}
