{
  "BEGIN_YEARMONTH": 201408,
  "BEGIN_DAY": 23,
  "BEGIN_TIME": 1552,
  "END_YEARMONTH": 201408,
  "END_DAY": 23,
  "END_TIME": 1552,
  "EPISODE_ID": 88682,
  "EVENT_ID": 534758,
  "STATE": "TENNESSEE",
  "STATE_FIPS": 47,
  "YEAR": 2014,
  "MONTH_NAME": "August",
  "EVENT_TYPE": "Thunderstorm Wind",
  "CZ_TYPE": "C",
  "CZ_FIPS": 165,
  "CZ_NAME": "SUMNER",
  "WFO": "OHX",
  "BEGIN_DATE_TIME": "23-AUG-14 15:52:00",
  "CZ_TIMEZONE": "CST-6",
  "END_DATE_TIME": "23-AUG-14 15:52:00",
  "INJURIES_DIRECT": 0,
  "INJURIES_INDIRECT": 0,
  "DEATHS_DIRECT": 0,
  "DEATHS_INDIRECT": 0,
  "DAMAGE_PROPERTY": "3.00K",
  "DAMAGE_CROPS": "0.00K",
  "SOURCE": "Emergency Manager",
  "MAGNITUDE": 52,
  "MAGNITUDE_TYPE": "EG",
  "FLOOD_CAUSE": "",
  "CATEGORY": "",
  "TOR_F_SCALE": "",
  "TOR_LENGTH": "",
  "TOR_WIDTH": "",
  "TOR_OTHER_WFO": "",
  "TOR_OTHER_CZ_STATE": "",
  "TOR_OTHER_CZ_FIPS": "",
  "TOR_OTHER_CZ_NAME": "",
  "BEGIN_RANGE": 0,
  "BEGIN_AZIMUTH": "N",
  "BEGIN_LOCATION": "HENDERSONVILLE",
  "END_RANGE": 0,
  "END_AZIMUTH": "N",
  "END_LOCATION": "HENDERSONVILLE",
  "BEGIN_LAT": 36.28,
  "BEGIN_LON": -86.62,
  "END_LAT": 36.28,
  "END_LON": -86.62,
  "text": "Scattered showers and thunderstorms affected central and northern parts of Middle Tennessee during the afternoon and evening hours on August 23. Several reports of wind and lightning damage were received.",
  "EVENT_NARRATIVE": "Trees and power lines were blown down in Hendersonville.",
  "DATA_SOURCE": "CSV"
}
