{
  "BEGIN_YEARMONTH": 201409,
  "BEGIN_DAY": 19,
  "BEGIN_TIME": 2230,
  "END_YEARMONTH": 201409,
  "END_DAY": 19,
  "END_TIME": 2230,
  "EPISODE_ID": 89980,
  "EVENT_ID": 540951,
  "STATE": "IOWA",
  "STATE_FIPS": 19,
  "YEAR": 2014,
  "MONTH_NAME": "September",
  "EVENT_TYPE": "Thunderstorm Wind",
  "CZ_TYPE": "C",
  "CZ_FIPS": 35,
  "CZ_NAME": "CHEROKEE",
  "WFO": "FSD",
  "BEGIN_DATE_TIME": "19-SEP-14 22:30:00",
  "CZ_TIMEZONE": "CST-6",
  "END_DATE_TIME": "19-SEP-14 22:30:00",
  "INJURIES_DIRECT": 0,
  "INJURIES_INDIRECT": 0,
  "DEATHS_DIRECT": 0,
  "DEATHS_INDIRECT": 0,
  "DAMAGE_PROPERTY": "0.00K",
  "DAMAGE_CROPS": "0.00K",
  "SOURCE": "Trained Spotter",
  "MAGNITUDE": 52,
  "MAGNITUDE_TYPE": "EG",
  "FLOOD_CAUSE": "",
  "CATEGORY": "",
  "TOR_F_SCALE": "",
  "TOR_LENGTH": "",
  "TOR_WIDTH": "",
  "TOR_OTHER_WFO": "",
  "TOR_OTHER_CZ_STATE": "",
  "TOR_OTHER_CZ_FIPS": "",
  "TOR_OTHER_CZ_NAME": "",
  "BEGIN_RANGE": 1,
  "BEGIN_AZIMUTH": "SW",
  "BEGIN_LOCATION": "AURELIA",
  "END_RANGE": 1,
  "END_AZIMUTH": "SW",
  "END_LOCATION": "AURELIA",
  "BEGIN_LAT": 42.71,
  "BEGIN_LON": -95.44,
  "END_LAT": 42.71,
  "END_LON": -95.44,
  "text": "Thunderstorms produced hail up to ping pong ball size, and damaging winds, at a few locations in northwest Iowa during the evening of September 19th.",
  "EVENT_NARRATIVE": "Thunderstorm winds caused tree damage, including branches up to 10 inches in diameter blown down.",
  "DATA_SOURCE": "CSV"
}
