{
  "BEGIN_YEARMONTH": 201406,
  "BEGIN_DAY": 3,
  "BEGIN_TIME": 1648,
  "END_YEARMONTH": 201406,
  "END_DAY": 3,
  "END_TIME": 1648,
  "EPISODE_ID": 85094,
  "EVENT_ID": 517424,
  "STATE": "NEW YORK",
  "STATE_FIPS": 36,
  "YEAR": 2014,
  "MONTH_NAME": "June",
  "EVENT_TYPE": "Thunderstorm Wind",
  "CZ_TYPE": "C",
  "CZ_FIPS": 21,
  "CZ_NAME": "COLUMBIA",
  "WFO": "ALY",
  "BEGIN_DATE_TIME": "03-JUN-14 16:48:00",
  "CZ_TIMEZONE": "EST-5",
  "END_DATE_TIME": "03-JUN-14 16:48:00",
  "INJURIES_DIRECT": 0,
  "INJURIES_INDIRECT": 0,
  "DEATHS_DIRECT": 0,
  "DEATHS_INDIRECT": 0,
  "DAMAGE_PROPERTY": "",
  "DAMAGE_CROPS": "",
  "SOURCE": "911 Call Center",
  "MAGNITUDE": 50,
  "MAGNITUDE_TYPE": "EG",
  "FLOOD_CAUSE": "",
  "CATEGORY": "",
  "TOR_F_SCALE": "",
  "TOR_LENGTH": "",
  "TOR_WIDTH": "",
  "TOR_OTHER_WFO": "",
  "TOR_OTHER_CZ_STATE": "",
  "TOR_OTHER_CZ_FIPS": "",
  "TOR_OTHER_CZ_NAME": "",
  "BEGIN_RANGE": 0,
  "BEGIN_AZIMUTH": "E",
  "BEGIN_LOCATION": "EDWARDS PARK",
  "END_RANGE": 0,
  "END_AZIMUTH": "E",
  "END_LOCATION": "EDWARDS PARK",
  "BEGIN_LAT": 42.3709,
  "BEGIN_LON": -73.4212,
  "END_LAT": 42.3709,
  "END_LON": -73.4212,
  "text": "Ahead of a slow moving cold front, a southerly flow transported plenty of moisture into the region during the day on Tuesday, June 3rd.  With a moist and unstable air mass in place, plenty of slow moving showers and thunderstorms developed ahead of the approaching boundary.  Some of these thunderstorms produced very heavy rain in a short period of time.  This led to some flash flooding, especially in urban and poor drainage areas.  In addition, a few of the thunderstorms also produced strong wind gusts, which caused damage to trees and power lines.  By the late evening, the threat for thunderstorms ended, as the frontal boundary pushed through and less humid air moved into the region.",
  "EVENT_NARRATIVE": "Trees and wires were reported down on Dean Hill Road in the town of Canaan due to thunderstorm winds.",
  "DATA_SOURCE": "CSV"
}
