{
  "BEGIN_YEARMONTH": 201407,
  "BEGIN_DAY": 2,
  "BEGIN_TIME": 1337,
  "END_YEARMONTH": 201407,
  "END_DAY": 2,
  "END_TIME": 1337,
  "EPISODE_ID": 88596,
  "EVENT_ID": 534169,
  "STATE": "WEST VIRGINIA",
  "STATE_FIPS": 54,
  "YEAR": 2014,
  "MONTH_NAME": "July",
  "EVENT_TYPE": "Thunderstorm Wind",
  "CZ_TYPE": "C",
  "CZ_FIPS": 37,
  "CZ_NAME": "JEFFERSON",
  "WFO": "LWX",
  "BEGIN_DATE_TIME": "02-JUL-14 13:37:00",
  "CZ_TIMEZONE": "EST-5",
  "END_DATE_TIME": "02-JUL-14 13:37:00",
  "INJURIES_DIRECT": 0,
  "INJURIES_INDIRECT": 0,
  "DEATHS_DIRECT": 0,
  "DEATHS_INDIRECT": 0,
  "DAMAGE_PROPERTY": "3.00K",
  "DAMAGE_CROPS": "0.50K",
  "SOURCE": "Trained Spotter",
  "MAGNITUDE": 52,
  "MAGNITUDE_TYPE": "EG",
  "FLOOD_CAUSE": "",
  "CATEGORY": "",
  "TOR_F_SCALE": "",
  "TOR_LENGTH": "",
  "TOR_WIDTH": "",
  "TOR_OTHER_WFO": "",
  "TOR_OTHER_CZ_STATE": "",
  "TOR_OTHER_CZ_FIPS": "",
  "TOR_OTHER_CZ_NAME": "",
  "BEGIN_RANGE": 1,
  "BEGIN_AZIMUTH": "SSE",
  "BEGIN_LOCATION": "BARDANE",
  "END_RANGE": 1,
  "END_AZIMUTH": "SSE",
  "END_LOCATION": "BARDANE",
  "BEGIN_LAT": 39.3606,
  "BEGIN_LON": -77.8462,
  "END_LAT": 39.3606,
  "END_LON": -77.8462,
  "text": "Hot and humid conditions led to an unstable environment across the Mid Atlantic. Showers and Thunderstorms were capable of producing damaging winds and large hail.",
  "EVENT_NARRATIVE": "There was a tree down on a house with entrapment on Ridge Road near Shenandoah Junction.",
  "DATA_SOURCE": "CSV"
}
