{
  "BEGIN_YEARMONTH": 201405,
  "BEGIN_DAY": 30,
  "BEGIN_TIME": 1745,
  "END_YEARMONTH": 201405,
  "END_DAY": 30,
  "END_TIME": 1745,
  "EPISODE_ID": 85085,
  "EVENT_ID": 513831,
  "STATE": "NEW YORK",
  "STATE_FIPS": 36,
  "YEAR": 2014,
  "MONTH_NAME": "May",
  "EVENT_TYPE": "Thunderstorm Wind",
  "CZ_TYPE": "C",
  "CZ_FIPS": 21,
  "CZ_NAME": "COLUMBIA",
  "WFO": "ALY",
  "BEGIN_DATE_TIME": "30-MAY-14 17:45:00",
  "CZ_TIMEZONE": "EST-5",
  "END_DATE_TIME": "30-MAY-14 17:45:00",
  "INJURIES_DIRECT": 0,
  "INJURIES_INDIRECT": 0,
  "DEATHS_DIRECT": 0,
  "DEATHS_INDIRECT": 0,
  "DAMAGE_PROPERTY": "",
  "DAMAGE_CROPS": "",
  "SOURCE": "Department of Highways",
  "MAGNITUDE": 50,
  "MAGNITUDE_TYPE": "EG",
  "FLOOD_CAUSE": "",
  "CATEGORY": "",
  "TOR_F_SCALE": "",
  "TOR_LENGTH": "",
  "TOR_WIDTH": "",
  "TOR_OTHER_WFO": "",
  "TOR_OTHER_CZ_STATE": "",
  "TOR_OTHER_CZ_FIPS": "",
  "TOR_OTHER_CZ_NAME": "",
  "BEGIN_RANGE": 0,
  "BEGIN_AZIMUTH": "S",
  "BEGIN_LOCATION": "POOLSBURG",
  "END_RANGE": 0,
  "END_AZIMUTH": "S",
  "END_LOCATION": "POOLSBURG",
  "BEGIN_LAT": 42.4231,
  "BEGIN_LON": -73.7704,
  "END_LAT": 42.4231,
  "END_LON": -73.7704,
  "text": "The combination of an approaching cold front and potent upper level jet allowed for some thunderstorms to develop in the late afternoon and early evening hours on Friday, May 30th.  A few of these thunderstorms became severe, producing hail to the size of quarters and wind damage to trees and power lines.  Thunderstorm activity waned by later in the evening, as the front moved to the east of the region.",
  "EVENT_NARRATIVE": "A power pole and power lines were downed as a result of thunderstorm winds on route 9J in Poolsburg.  The road was temporarily closed between Gibbons Road and School House Road as a result of the damage.",
  "DATA_SOURCE": "CSV"
}
