{
  "BEGIN_YEARMONTH": 201409,
  "BEGIN_DAY": 2,
  "BEGIN_TIME": 1516,
  "END_YEARMONTH": 201409,
  "END_DAY": 2,
  "END_TIME": 1516,
  "EPISODE_ID": 90347,
  "EVENT_ID": 542569,
  "STATE": "WEST VIRGINIA",
  "STATE_FIPS": 54,
  "YEAR": 2014,
  "MONTH_NAME": "September",
  "EVENT_TYPE": "Thunderstorm Wind",
  "CZ_TYPE": "C",
  "CZ_FIPS": 65,
  "CZ_NAME": "MORGAN",
  "WFO": "LWX",
  "BEGIN_DATE_TIME": "02-SEP-14 15:16:00",
  "CZ_TIMEZONE": "EST-5",
  "END_DATE_TIME": "02-SEP-14 15:16:00",
  "INJURIES_DIRECT": 0,
  "INJURIES_INDIRECT": 0,
  "DEATHS_DIRECT": 0,
  "DEATHS_INDIRECT": 0,
  "DAMAGE_PROPERTY": "0.00K",
  "DAMAGE_CROPS": "0.25K",
  "SOURCE": "Emergency Manager",
  "MAGNITUDE": 52,
  "MAGNITUDE_TYPE": "EG",
  "FLOOD_CAUSE": "",
  "CATEGORY": "",
  "TOR_F_SCALE": "",
  "TOR_LENGTH": "",
  "TOR_WIDTH": "",
  "TOR_OTHER_WFO": "",
  "TOR_OTHER_CZ_STATE": "",
  "TOR_OTHER_CZ_FIPS": "",
  "TOR_OTHER_CZ_NAME": "",
  "BEGIN_RANGE": 1,
  "BEGIN_AZIMUTH": "SW",
  "BEGIN_LOCATION": "SMITH XRDS",
  "END_RANGE": 1,
  "END_AZIMUTH": "SW",
  "END_LOCATION": "SMITH XRDS",
  "BEGIN_LAT": 39.5548,
  "BEGIN_LON": -78.2458,
  "END_LAT": 39.5548,
  "END_LON": -78.2458,
  "text": "Hot and humid conditions persisted across the Mid Atlantic ahead of a advancing cold front. Showers and thunderstorms formed in the vicinity of a surface trough. Some thunderstorms became severe leading to damaging winds.",
  "EVENT_NARRATIVE": "There were two trees down in the 1900 Block of Mesner Road.",
  "DATA_SOURCE": "CSV"
}
