{
  "BEGIN_YEARMONTH": 201409,
  "BEGIN_DAY": 4,
  "BEGIN_TIME": 500,
  "END_YEARMONTH": 201409,
  "END_DAY": 5,
  "END_TIME": 500,
  "EPISODE_ID": 90305,
  "EVENT_ID": 542734,
  "STATE": "MICHIGAN",
  "STATE_FIPS": 26,
  "YEAR": 2014,
  "MONTH_NAME": "September",
  "EVENT_TYPE": "Heavy Rain",
  "CZ_TYPE": "C",
  "CZ_FIPS": 43,
  "CZ_NAME": "DICKINSON",
  "WFO": "MQT",
  "BEGIN_DATE_TIME": "04-SEP-14 05:00:00",
  "CZ_TIMEZONE": "CST-6",
  "END_DATE_TIME": "05-SEP-14 05:00:00",
  "INJURIES_DIRECT": 0,
  "INJURIES_INDIRECT": 0,
  "DEATHS_DIRECT": 0,
  "DEATHS_INDIRECT": 0,
  "DAMAGE_PROPERTY": "0.00K",
  "DAMAGE_CROPS": "0.00K",
  "SOURCE": "CoCoRaHS",
  "MAGNITUDE": "",
  "MAGNITUDE_TYPE": "",
  "FLOOD_CAUSE": "",
  "CATEGORY": "",
  "TOR_F_SCALE": "",
  "TOR_LENGTH": "",
  "TOR_WIDTH": "",
  "TOR_OTHER_WFO": "",
  "TOR_OTHER_CZ_STATE": "",
  "TOR_OTHER_CZ_FIPS": "",
  "TOR_OTHER_CZ_NAME": "",
  "BEGIN_RANGE": 2,
  "BEGIN_AZIMUTH": "N",
  "BEGIN_LOCATION": "QUINN",
  "END_RANGE": 2,
  "END_AZIMUTH": "N",
  "END_LOCATION": "QUINN",
  "BEGIN_LAT": 45.83,
  "BEGIN_LON": -88,
  "END_LAT": 45.83,
  "END_LON": -88,
  "text": "Frontal boundaries from a low pressure system tracking through northwest Ontario produced heavy rain and a few severe thunderstorms over south central Upper Michigan from the 4th into the early morning of the 5th.",
  "EVENT_NARRATIVE": "An automated CoCoRaHS site measured 3.31 inches of rain in 24 hours near Quinnesec.",
  "DATA_SOURCE": "CSV"
}
