{
  "BEGIN_YEARMONTH": 201407,
  "BEGIN_DAY": 21,
  "BEGIN_TIME": 2035,
  "END_YEARMONTH": 201407,
  "END_DAY": 21,
  "END_TIME": 2035,
  "EPISODE_ID": 86731,
  "EVENT_ID": 523722,
  "STATE": "MINNESOTA",
  "STATE_FIPS": 27,
  "YEAR": 2014,
  "MONTH_NAME": "July",
  "EVENT_TYPE": "Thunderstorm Wind",
  "CZ_TYPE": "C",
  "CZ_FIPS": 113,
  "CZ_NAME": "PENNINGTON",
  "WFO": "FGF",
  "BEGIN_DATE_TIME": "21-JUL-14 20:35:00",
  "CZ_TIMEZONE": "CST-6",
  "END_DATE_TIME": "21-JUL-14 20:35:00",
  "INJURIES_DIRECT": 0,
  "INJURIES_INDIRECT": 0,
  "DEATHS_DIRECT": 0,
  "DEATHS_INDIRECT": 0,
  "DAMAGE_PROPERTY": "",
  "DAMAGE_CROPS": "",
  "SOURCE": "AWOS",
  "MAGNITUDE": 50,
  "MAGNITUDE_TYPE": "MG",
  "FLOOD_CAUSE": "",
  "CATEGORY": "",
  "TOR_F_SCALE": "",
  "TOR_LENGTH": "",
  "TOR_WIDTH": "",
  "TOR_OTHER_WFO": "",
  "TOR_OTHER_CZ_STATE": "",
  "TOR_OTHER_CZ_FIPS": "",
  "TOR_OTHER_CZ_NAME": "",
  "BEGIN_RANGE": 1,
  "BEGIN_AZIMUTH": "N",
  "BEGIN_LOCATION": "(TVF)THIEF RVR FALLS",
  "END_RANGE": 1,
  "END_AZIMUTH": "N",
  "END_LOCATION": "(TVF)THIEF RVR FALLS",
  "BEGIN_LAT": 48.08,
  "BEGIN_LON": -96.18,
  "END_LAT": 48.08,
  "END_LON": -96.18,
  "text": "During the late afternoon of July 21st, a stationary boundary set up across northeast North Dakota. Temperatures north of the boundary were generally in the low to mid 80s, while to the south they were in the mid 80s to low 90s. Surface dew point readings were very high, with most locations in the low to mid 70s. A few thunderstorms fired north of the front around the Langdon, ND, area, dropping some large hail. However, the more significant action came from a thunderstorm complex that formed across west central North Dakota and moved east during the evening. This complex evolved into a bow echo with good rotational structure on the northern book end vortice. Strong straight line winds, large hail, and a few tornadoes were reported as this complex moved across eastern North Dakota into the northwest quarter of Minnesota.",
  "EVENT_NARRATIVE": "The peak wind was measured at the Thief River Falls Regional Airport.",
  "DATA_SOURCE": "CSV"
}
