{
  "BEGIN_YEARMONTH": 201407,
  "BEGIN_DAY": 23,
  "BEGIN_TIME": 1915,
  "END_YEARMONTH": 201407,
  "END_DAY": 23,
  "END_TIME": 1915,
  "EPISODE_ID": 88209,
  "EVENT_ID": 532142,
  "STATE": "CONNECTICUT",
  "STATE_FIPS": 9,
  "YEAR": 2014,
  "MONTH_NAME": "July",
  "EVENT_TYPE": "Thunderstorm Wind",
  "CZ_TYPE": "C",
  "CZ_FIPS": 5,
  "CZ_NAME": "LITCHFIELD",
  "WFO": "ALY",
  "BEGIN_DATE_TIME": "23-JUL-14 19:15:00",
  "CZ_TIMEZONE": "EST-5",
  "END_DATE_TIME": "23-JUL-14 19:15:00",
  "INJURIES_DIRECT": 0,
  "INJURIES_INDIRECT": 0,
  "DEATHS_DIRECT": 0,
  "DEATHS_INDIRECT": 0,
  "DAMAGE_PROPERTY": "",
  "DAMAGE_CROPS": "",
  "SOURCE": "Law Enforcement",
  "MAGNITUDE": 50,
  "MAGNITUDE_TYPE": "EG",
  "FLOOD_CAUSE": "",
  "CATEGORY": "",
  "TOR_F_SCALE": "",
  "TOR_LENGTH": "",
  "TOR_WIDTH": "",
  "TOR_OTHER_WFO": "",
  "TOR_OTHER_CZ_STATE": "",
  "TOR_OTHER_CZ_FIPS": "",
  "TOR_OTHER_CZ_NAME": "",
  "BEGIN_RANGE": 2,
  "BEGIN_AZIMUTH": "ESE",
  "BEGIN_LOCATION": "WEST CORNWALL",
  "END_RANGE": 2,
  "END_AZIMUTH": "ESE",
  "END_LOCATION": "WEST CORNWALL",
  "BEGIN_LAT": 41.8577,
  "BEGIN_LON": -73.3401,
  "END_LAT": 41.8577,
  "END_LON": -73.3401,
  "text": "A hot and humid air mass was in place on Wednesday, July 23rd, allowing the atmosphere to become quite unstable. As a cold front approached from the west, clusters of thunderstorms developed during the afternoon hours over eastern New York, producing damaging winds and large hail. These thunderstorms moved into western New England during the evening hours.  One of these thunderstorms continued to be severe, producing wind damage in northwestern Connecticut.  Thunderstorms continued to move east and weakened further by the late evening hours, as the cold front crossed the region.",
  "EVENT_NARRATIVE": "Wires were reported down on Dibble Hill Road in Cornwall due to thunderstorm winds.",
  "DATA_SOURCE": "CSV"
}
