{
  "BEGIN_YEARMONTH": 201405,
  "BEGIN_DAY": 30,
  "BEGIN_TIME": 1702,
  "END_YEARMONTH": 201405,
  "END_DAY": 30,
  "END_TIME": 1702,
  "EPISODE_ID": 85085,
  "EVENT_ID": 513836,
  "STATE": "NEW YORK",
  "STATE_FIPS": 36,
  "YEAR": 2014,
  "MONTH_NAME": "May",
  "EVENT_TYPE": "Thunderstorm Wind",
  "CZ_TYPE": "C",
  "CZ_FIPS": 1,
  "CZ_NAME": "ALBANY",
  "WFO": "ALY",
  "BEGIN_DATE_TIME": "30-MAY-14 17:02:00",
  "CZ_TIMEZONE": "EST-5",
  "END_DATE_TIME": "30-MAY-14 17:02:00",
  "INJURIES_DIRECT": 1,
  "INJURIES_INDIRECT": 0,
  "DEATHS_DIRECT": 0,
  "DEATHS_INDIRECT": 0,
  "DAMAGE_PROPERTY": "",
  "DAMAGE_CROPS": "",
  "SOURCE": "Law Enforcement",
  "MAGNITUDE": 50,
  "MAGNITUDE_TYPE": "EG",
  "FLOOD_CAUSE": "",
  "CATEGORY": "",
  "TOR_F_SCALE": "",
  "TOR_LENGTH": "",
  "TOR_WIDTH": "",
  "TOR_OTHER_WFO": "",
  "TOR_OTHER_CZ_STATE": "",
  "TOR_OTHER_CZ_FIPS": "",
  "TOR_OTHER_CZ_NAME": "",
  "BEGIN_RANGE": 1,
  "BEGIN_AZIMUTH": "SSE",
  "BEGIN_LOCATION": "MENANDS",
  "END_RANGE": 1,
  "END_AZIMUTH": "SSE",
  "END_LOCATION": "MENANDS",
  "BEGIN_LAT": 42.6897,
  "BEGIN_LON": -73.7264,
  "END_LAT": 42.6897,
  "END_LON": -73.7264,
  "text": "The combination of an approaching cold front and potent upper level jet allowed for some thunderstorms to develop in the late afternoon and early evening hours on Friday, May 30th.  A few of these thunderstorms became severe, producing hail to the size of quarters and wind damage to trees and power lines.  Thunderstorm activity waned by later in the evening, as the front moved to the east of the region.",
  "EVENT_NARRATIVE": "A tree was downed on a vehicle as a result of thunderstorm winds.  In addition, a man received a minor injury of a cut on his hand as a result of the damage.",
  "DATA_SOURCE": "CSV"
}
