{
  "BEGIN_YEARMONTH": 201401,
  "BEGIN_DAY": 18,
  "BEGIN_TIME": 1000,
  "END_YEARMONTH": 201401,
  "END_DAY": 19,
  "END_TIME": 700,
  "EPISODE_ID": 82185,
  "EVENT_ID": 494521,
  "STATE": "NEW HAMPSHIRE",
  "STATE_FIPS": 33,
  "YEAR": 2014,
  "MONTH_NAME": "January",
  "EVENT_TYPE": "Heavy Snow",
  "CZ_TYPE": "Z",
  "CZ_FIPS": 12,
  "CZ_NAME": "EASTERN HILLSBOROUGH",
  "WFO": "BOX",
  "BEGIN_DATE_TIME": "18-JAN-14 10:00:00",
  "CZ_TIMEZONE": "EST-5",
  "END_DATE_TIME": "19-JAN-14 07:00:00",
  "INJURIES_DIRECT": 0,
  "INJURIES_INDIRECT": 0,
  "DEATHS_DIRECT": 0,
  "DEATHS_INDIRECT": 0,
  "DAMAGE_PROPERTY": "0.00K",
  "DAMAGE_CROPS": "0.00K",
  "SOURCE": "Trained Spotter",
  "MAGNITUDE": "",
  "MAGNITUDE_TYPE": "",
  "FLOOD_CAUSE": "",
  "CATEGORY": "",
  "TOR_F_SCALE": "",
  "TOR_LENGTH": "",
  "TOR_WIDTH": "",
  "TOR_OTHER_WFO": "",
  "TOR_OTHER_CZ_STATE": "",
  "TOR_OTHER_CZ_FIPS": "",
  "TOR_OTHER_CZ_NAME": "",
  "BEGIN_RANGE": "",
  "BEGIN_AZIMUTH": "",
  "BEGIN_LOCATION": "",
  "END_RANGE": "",
  "END_AZIMUTH": "",
  "END_LOCATION": "",
  "BEGIN_LAT": "",
  "BEGIN_LON": "",
  "END_LAT": "",
  "END_LON": "",
  "text": "Low pressure brought a brief period of heavy snowfall to southern New Hampshire.  This snowfall was heaviest across eastern Hillsborough County.",
  "EVENT_NARRATIVE": "Four to eight inches of snow fell across eastern Hillsborough County.",
  "DATA_SOURCE": "CSV"
}
