{
  "BEGIN_YEARMONTH": 201406,
  "BEGIN_DAY": 3,
  "BEGIN_TIME": 2123,
  "END_YEARMONTH": 201406,
  "END_DAY": 3,
  "END_TIME": 2123,
  "EPISODE_ID": 85094,
  "EVENT_ID": 517405,
  "STATE": "NEW YORK",
  "STATE_FIPS": 36,
  "YEAR": 2014,
  "MONTH_NAME": "June",
  "EVENT_TYPE": "Lightning",
  "CZ_TYPE": "C",
  "CZ_FIPS": 43,
  "CZ_NAME": "HERKIMER",
  "WFO": "ALY",
  "BEGIN_DATE_TIME": "03-JUN-14 21:23:00",
  "CZ_TIMEZONE": "EST-5",
  "END_DATE_TIME": "03-JUN-14 21:23:00",
  "INJURIES_DIRECT": 0,
  "INJURIES_INDIRECT": 0,
  "DEATHS_DIRECT": 0,
  "DEATHS_INDIRECT": 0,
  "DAMAGE_PROPERTY": "1.00K",
  "DAMAGE_CROPS": "0.00K",
  "SOURCE": "Trained Spotter",
  "MAGNITUDE": "",
  "MAGNITUDE_TYPE": "",
  "FLOOD_CAUSE": "",
  "CATEGORY": "",
  "TOR_F_SCALE": "",
  "TOR_LENGTH": "",
  "TOR_WIDTH": "",
  "TOR_OTHER_WFO": "",
  "TOR_OTHER_CZ_STATE": "",
  "TOR_OTHER_CZ_FIPS": "",
  "TOR_OTHER_CZ_NAME": "",
  "BEGIN_RANGE": 1,
  "BEGIN_AZIMUTH": "ESE",
  "BEGIN_LOCATION": "SALISBURY CENTER",
  "END_RANGE": 1,
  "END_AZIMUTH": "ESE",
  "END_LOCATION": "SALISBURY CENTER",
  "BEGIN_LAT": 43.1435,
  "BEGIN_LON": -74.7846,
  "END_LAT": 43.1435,
  "END_LON": -74.7846,
  "text": "Ahead of a slow moving cold front, a southerly flow transported plenty of moisture into the region during the day on Tuesday, June 3rd.  With a moist and unstable air mass in place, plenty of slow moving showers and thunderstorms developed ahead of the approaching boundary.  Some of these thunderstorms produced very heavy rain in a short period of time.  This led to some flash flooding, especially in urban and poor drainage areas.  In addition, a few of the thunderstorms also produced strong wind gusts, which caused damage to trees and power lines.  By the late evening, the threat for thunderstorms ended, as the frontal boundary pushed through and less humid air moved into the region.",
  "EVENT_NARRATIVE": "A spotter reported that lightning downed a tree across Eammonsburg Road in Salisbury Center.",
  "DATA_SOURCE": "CSV"
}
