{
  "BEGIN_YEARMONTH": 201408,
  "BEGIN_DAY": 7,
  "BEGIN_TIME": 1635,
  "END_YEARMONTH": 201408,
  "END_DAY": 7,
  "END_TIME": 1635,
  "EPISODE_ID": 90099,
  "EVENT_ID": 541343,
  "STATE": "MASSACHUSETTS",
  "STATE_FIPS": 25,
  "YEAR": 2014,
  "MONTH_NAME": "August",
  "EVENT_TYPE": "Hail",
  "CZ_TYPE": "C",
  "CZ_FIPS": 1,
  "CZ_NAME": "BARNSTABLE",
  "WFO": "BOX",
  "BEGIN_DATE_TIME": "07-AUG-14 16:35:00",
  "CZ_TIMEZONE": "EST-5",
  "END_DATE_TIME": "07-AUG-14 16:35:00",
  "INJURIES_DIRECT": 0,
  "INJURIES_INDIRECT": 0,
  "DEATHS_DIRECT": 0,
  "DEATHS_INDIRECT": 0,
  "DAMAGE_PROPERTY": "0.00K",
  "DAMAGE_CROPS": "0.00K",
  "SOURCE": "Amateur Radio",
  "MAGNITUDE": 1,
  "MAGNITUDE_TYPE": "",
  "FLOOD_CAUSE": "",
  "CATEGORY": "",
  "TOR_F_SCALE": "",
  "TOR_LENGTH": "",
  "TOR_WIDTH": "",
  "TOR_OTHER_WFO": "",
  "TOR_OTHER_CZ_STATE": "",
  "TOR_OTHER_CZ_FIPS": "",
  "TOR_OTHER_CZ_NAME": "",
  "BEGIN_RANGE": 1,
  "BEGIN_AZIMUTH": "NE",
  "BEGIN_LOCATION": "HARWICH",
  "END_RANGE": 1,
  "END_AZIMUTH": "NE",
  "END_LOCATION": "HARWICH",
  "BEGIN_LAT": 41.69,
  "BEGIN_LON": -70.07,
  "END_LAT": 41.69,
  "END_LON": -70.07,
  "text": "A strong upper level disturbance combined with very cold air aloft to produce showers and thunderstorms across much of Southern New England. Many of these storms produced large hail.",
  "EVENT_NARRATIVE": "",
  "DATA_SOURCE": "CSV"
}
