{
  "BEGIN_YEARMONTH": 201407,
  "BEGIN_DAY": 2,
  "BEGIN_TIME": 1425,
  "END_YEARMONTH": 201407,
  "END_DAY": 2,
  "END_TIME": 1425,
  "EPISODE_ID": 87533,
  "EVENT_ID": 528280,
  "STATE": "MASSACHUSETTS",
  "STATE_FIPS": 25,
  "YEAR": 2014,
  "MONTH_NAME": "July",
  "EVENT_TYPE": "Thunderstorm Wind",
  "CZ_TYPE": "C",
  "CZ_FIPS": 3,
  "CZ_NAME": "BERKSHIRE",
  "WFO": "ALY",
  "BEGIN_DATE_TIME": "02-JUL-14 14:25:00",
  "CZ_TIMEZONE": "EST-5",
  "END_DATE_TIME": "02-JUL-14 14:25:00",
  "INJURIES_DIRECT": 0,
  "INJURIES_INDIRECT": 0,
  "DEATHS_DIRECT": 0,
  "DEATHS_INDIRECT": 0,
  "DAMAGE_PROPERTY": "",
  "DAMAGE_CROPS": "",
  "SOURCE": "Law Enforcement",
  "MAGNITUDE": 50,
  "MAGNITUDE_TYPE": "EG",
  "FLOOD_CAUSE": "",
  "CATEGORY": "",
  "TOR_F_SCALE": "",
  "TOR_LENGTH": "",
  "TOR_WIDTH": "",
  "TOR_OTHER_WFO": "",
  "TOR_OTHER_CZ_STATE": "",
  "TOR_OTHER_CZ_FIPS": "",
  "TOR_OTHER_CZ_NAME": "",
  "BEGIN_RANGE": 1,
  "BEGIN_AZIMUTH": "SSE",
  "BEGIN_LOCATION": "GREAT BARRINGTON",
  "END_RANGE": 1,
  "END_AZIMUTH": "SSE",
  "END_LOCATION": "GREAT BARRINGTON",
  "BEGIN_LAT": 42.1915,
  "BEGIN_LON": -73.3647,
  "END_LAT": 42.1915,
  "END_LON": -73.3647,
  "text": "A warm southerly flow allowed for temperatures to reach well into the 80s to near 90 on Wednesday, July 2nd. In addition, it was rather humid with dewpoints nearing 70 degrees. With the warm and humid conditions in place, the atmosphere became quite unstable during the afternoon and evening hours. ||Well ahead of a cold front, a surface trough was in place across upstate New York and western New England. This caused thunderstorms to develop during the afternoon hours. A few of these storms became severe, producing wind damage to trees and power lines.  In addition, the very humid air mass in place gave the storms the capability of producing very heavy rainfall in a short period of time. This allowed for one of the storms to produce flash flooding in the Pittsfield area, making travel difficult. ||These storms ended by the late evening hours, as nocturnal influences helped wane the development of additional thunderstorms.",
  "EVENT_NARRATIVE": "Numerous trees and wires were reported down in Great Barrington due to thunderstorm winds.",
  "DATA_SOURCE": "CSV"
}
