{
  "BEGIN_YEARMONTH": 201409,
  "BEGIN_DAY": 9,
  "BEGIN_TIME": 1627,
  "END_YEARMONTH": 201409,
  "END_DAY": 9,
  "END_TIME": 1627,
  "EPISODE_ID": 90542,
  "EVENT_ID": 543358,
  "STATE": "KANSAS",
  "STATE_FIPS": 20,
  "YEAR": 2014,
  "MONTH_NAME": "September",
  "EVENT_TYPE": "Thunderstorm Wind",
  "CZ_TYPE": "C",
  "CZ_FIPS": 167,
  "CZ_NAME": "RUSSELL",
  "WFO": "ICT",
  "BEGIN_DATE_TIME": "09-SEP-14 16:27:00",
  "CZ_TIMEZONE": "CST-6",
  "END_DATE_TIME": "09-SEP-14 16:27:00",
  "INJURIES_DIRECT": 0,
  "INJURIES_INDIRECT": 0,
  "DEATHS_DIRECT": 0,
  "DEATHS_INDIRECT": 0,
  "DAMAGE_PROPERTY": "",
  "DAMAGE_CROPS": "",
  "SOURCE": "Public",
  "MAGNITUDE": 56,
  "MAGNITUDE_TYPE": "MG",
  "FLOOD_CAUSE": "",
  "CATEGORY": "",
  "TOR_F_SCALE": "",
  "TOR_LENGTH": "",
  "TOR_WIDTH": "",
  "TOR_OTHER_WFO": "",
  "TOR_OTHER_CZ_STATE": "",
  "TOR_OTHER_CZ_FIPS": "",
  "TOR_OTHER_CZ_NAME": "",
  "BEGIN_RANGE": 3,
  "BEGIN_AZIMUTH": "NE",
  "BEGIN_LOCATION": "(RSL)RUSSELL MUNI AR",
  "END_RANGE": 3,
  "END_AZIMUTH": "NE",
  "END_LOCATION": "(RSL)RUSSELL MUNI AR",
  "BEGIN_LAT": 38.9098,
  "BEGIN_LON": -98.7819,
  "END_LAT": 38.9098,
  "END_LON": -98.7819,
  "text": "An elongated low pressure moved into the plains on the afternoon of September 9th, 2014.  This low pressure and warm moist air pushing into northern Kansas and southern Nebraska led to the development of severe storms across portions of north and Central Kansas.  The storms produced large hail and some reports of damaging winds.",
  "EVENT_NARRATIVE": "The wind was measured at the grain elevator northeast of town.",
  "DATA_SOURCE": "CSV"
}
