{
  "BEGIN_YEARMONTH": 201407,
  "BEGIN_DAY": 8,
  "BEGIN_TIME": 1957,
  "END_YEARMONTH": 201407,
  "END_DAY": 8,
  "END_TIME": 1957,
  "EPISODE_ID": 88127,
  "EVENT_ID": 531902,
  "STATE": "NEW YORK",
  "STATE_FIPS": 36,
  "YEAR": 2014,
  "MONTH_NAME": "July",
  "EVENT_TYPE": "Thunderstorm Wind",
  "CZ_TYPE": "C",
  "CZ_FIPS": 39,
  "CZ_NAME": "GREENE",
  "WFO": "ALY",
  "BEGIN_DATE_TIME": "08-JUL-14 19:57:00",
  "CZ_TIMEZONE": "EST-5",
  "END_DATE_TIME": "08-JUL-14 19:57:00",
  "INJURIES_DIRECT": 0,
  "INJURIES_INDIRECT": 0,
  "DEATHS_DIRECT": 0,
  "DEATHS_INDIRECT": 0,
  "DAMAGE_PROPERTY": "",
  "DAMAGE_CROPS": "",
  "SOURCE": "911 Call Center",
  "MAGNITUDE": 50,
  "MAGNITUDE_TYPE": "EG",
  "FLOOD_CAUSE": "",
  "CATEGORY": "",
  "TOR_F_SCALE": "",
  "TOR_LENGTH": "",
  "TOR_WIDTH": "",
  "TOR_OTHER_WFO": "",
  "TOR_OTHER_CZ_STATE": "",
  "TOR_OTHER_CZ_FIPS": "",
  "TOR_OTHER_CZ_NAME": "",
  "BEGIN_RANGE": 1,
  "BEGIN_AZIMUTH": "NW",
  "BEGIN_LOCATION": "ASHLAND",
  "END_RANGE": 1,
  "END_AZIMUTH": "NW",
  "END_LOCATION": "ASHLAND",
  "BEGIN_LAT": 42.31,
  "BEGIN_LON": -74.34,
  "END_LAT": 42.31,
  "END_LON": -74.34,
  "text": "A very warm and humid air mass was in place over the region on Tuesday, July 8th.   The region was ahead of a strong cold front that was moving eastward from the Great Lakes Region.  Aided by a strong jet streak aloft and a potent upper level shortwave trough, the cold front triggered a line of thunderstorms that produced damaging winds across western and central New York.||The line of thunderstorms reached eastern New York during the evening hours.  It continued to produce strong winds, which caused damage across the Adirondacks and Mohawk Valley and eventually into the Saratoga area, Capital Region and Hudson Valley as well. Many trees and power lines were downed across Herkimer County.  In addition, a weak, brief tornado also occurred in the southeastern Adirondacks in North Creek.   The line of thunderstorms moved eastward and weakened as they reached the border with New England by the late evening hours.  As a result, the threat for severe weather ended.",
  "EVENT_NARRATIVE": "A tree was reported down and on a house 1 mile northwest of Ashland due to thunderstorm winds.",
  "DATA_SOURCE": "CSV"
}
