{
  "BEGIN_YEARMONTH": 201409,
  "BEGIN_DAY": 23,
  "BEGIN_TIME": 645,
  "END_YEARMONTH": 201409,
  "END_DAY": 23,
  "END_TIME": 800,
  "EPISODE_ID": 90016,
  "EVENT_ID": 541042,
  "STATE": "TEXAS",
  "STATE_FIPS": 48,
  "YEAR": 2014,
  "MONTH_NAME": "September",
  "EVENT_TYPE": "Flood",
  "CZ_TYPE": "C",
  "CZ_FIPS": 109,
  "CZ_NAME": "CULBERSON",
  "WFO": "MAF",
  "BEGIN_DATE_TIME": "23-SEP-14 06:45:00",
  "CZ_TIMEZONE": "CST-6",
  "END_DATE_TIME": "23-SEP-14 08:00:00",
  "INJURIES_DIRECT": 0,
  "INJURIES_INDIRECT": 0,
  "DEATHS_DIRECT": 0,
  "DEATHS_INDIRECT": 0,
  "DAMAGE_PROPERTY": "0.20K",
  "DAMAGE_CROPS": "0.00K",
  "SOURCE": "Emergency Manager",
  "MAGNITUDE": "",
  "MAGNITUDE_TYPE": "",
  "FLOOD_CAUSE": "Heavy Rain",
  "CATEGORY": "",
  "TOR_F_SCALE": "",
  "TOR_LENGTH": "",
  "TOR_WIDTH": "",
  "TOR_OTHER_WFO": "",
  "TOR_OTHER_CZ_STATE": "",
  "TOR_OTHER_CZ_FIPS": "",
  "TOR_OTHER_CZ_NAME": "",
  "BEGIN_RANGE": 16,
  "BEGIN_AZIMUTH": "E",
  "BEGIN_LOCATION": "PINE SPGS",
  "END_RANGE": 19,
  "END_AZIMUTH": "E",
  "END_LOCATION": "PINE SPGS",
  "BEGIN_LAT": 31.8677,
  "BEGIN_LON": -104.5267,
  "END_LAT": 31.8849,
  "END_LON": -104.4848,
  "text": "Weak upper ridging was to the west of the region.  Decent moisture and lift were across the area allowing for light showers across southeast New Mexico and along and west of the Upper Trans Pecos in West Texas.  The soils remained saturated and rivers were high so flooding continued for portions of southeast New Mexico and West Texas.",
  "EVENT_NARRATIVE": "Heavy rain fell across Culberson County and produced flooding.  Farm to Market Road 1108 remained closed in northern Culberson County due to high water.  The cost of damage is a very rough estimate.",
  "DATA_SOURCE": "CSV"
}
