{
  "BEGIN_YEARMONTH": 201408,
  "BEGIN_DAY": 3,
  "BEGIN_TIME": 1744,
  "END_YEARMONTH": 201408,
  "END_DAY": 3,
  "END_TIME": 1744,
  "EPISODE_ID": 87457,
  "EVENT_ID": 527828,
  "STATE": "ARIZONA",
  "STATE_FIPS": 4,
  "YEAR": 2014,
  "MONTH_NAME": "August",
  "EVENT_TYPE": "Thunderstorm Wind",
  "CZ_TYPE": "C",
  "CZ_FIPS": 13,
  "CZ_NAME": "MARICOPA",
  "WFO": "PSR",
  "BEGIN_DATE_TIME": "03-AUG-14 17:44:00",
  "CZ_TIMEZONE": "MST-7",
  "END_DATE_TIME": "03-AUG-14 17:44:00",
  "INJURIES_DIRECT": 0,
  "INJURIES_INDIRECT": 0,
  "DEATHS_DIRECT": 0,
  "DEATHS_INDIRECT": 0,
  "DAMAGE_PROPERTY": "25.00K",
  "DAMAGE_CROPS": "0.00K",
  "SOURCE": "Trained Spotter",
  "MAGNITUDE": 65,
  "MAGNITUDE_TYPE": "EG",
  "FLOOD_CAUSE": "",
  "CATEGORY": "",
  "TOR_F_SCALE": "",
  "TOR_LENGTH": "",
  "TOR_WIDTH": "",
  "TOR_OTHER_WFO": "",
  "TOR_OTHER_CZ_STATE": "",
  "TOR_OTHER_CZ_FIPS": "",
  "TOR_OTHER_CZ_NAME": "",
  "BEGIN_RANGE": 1,
  "BEGIN_AZIMUTH": "W",
  "BEGIN_LOCATION": "WICKENBURG",
  "END_RANGE": 1,
  "END_AZIMUTH": "W",
  "END_LOCATION": "WICKENBURG",
  "BEGIN_LAT": 33.97,
  "BEGIN_LON": -112.75,
  "END_LAT": 33.97,
  "END_LON": -112.75,
  "text": "Scattered thunderstorms affected much of south central Arizona during the afternoon and evening hours on August 3rd, and some of the areas impacted included Wickenburg as well as the greater Phoenix metropolitan area. The stronger thunderstorms produced locally heavy rain with rain rates approaching 2 inches per hour. Additionally, they generated gusty and damaging microburst winds; some of most significant damage occurred in the town of Tempe. Several Flash Flood and Severe Thunderstorm warnings were issued for south central Arizona as a result of the strong thunderstorms.",
  "EVENT_NARRATIVE": "Strong thunderstorms developed in the Wickenburg area during the late afternoon hours on August 3rd, and they produced damaging microburst outflow winds estimated to be nearly 70 mph in strength. According to a trained weather spotter located in northwest Wickenburg, the microburst winds produced roof damage in downtown Wickenburg. A Severe Thunderstorm Warning was issued for Wickenburg at 1720MST and it continued until 1745MST.",
  "DATA_SOURCE": "CSV"
}
