{
  "BEGIN_YEARMONTH": 201409,
  "BEGIN_DAY": 21,
  "BEGIN_TIME": 722,
  "END_YEARMONTH": 201409,
  "END_DAY": 21,
  "END_TIME": 830,
  "EPISODE_ID": 89819,
  "EVENT_ID": 540409,
  "STATE": "TEXAS",
  "STATE_FIPS": 48,
  "YEAR": 2014,
  "MONTH_NAME": "September",
  "EVENT_TYPE": "Flash Flood",
  "CZ_TYPE": "C",
  "CZ_FIPS": 329,
  "CZ_NAME": "MIDLAND",
  "WFO": "MAF",
  "BEGIN_DATE_TIME": "21-SEP-14 07:22:00",
  "CZ_TIMEZONE": "CST-6",
  "END_DATE_TIME": "21-SEP-14 08:30:00",
  "INJURIES_DIRECT": 0,
  "INJURIES_INDIRECT": 0,
  "DEATHS_DIRECT": 0,
  "DEATHS_INDIRECT": 0,
  "DAMAGE_PROPERTY": "1.00K",
  "DAMAGE_CROPS": "0.00K",
  "SOURCE": "Law Enforcement",
  "MAGNITUDE": "",
  "MAGNITUDE_TYPE": "",
  "FLOOD_CAUSE": "Heavy Rain",
  "CATEGORY": "",
  "TOR_F_SCALE": "",
  "TOR_LENGTH": "",
  "TOR_WIDTH": "",
  "TOR_OTHER_WFO": "",
  "TOR_OTHER_CZ_STATE": "",
  "TOR_OTHER_CZ_FIPS": "",
  "TOR_OTHER_CZ_NAME": "",
  "BEGIN_RANGE": 1,
  "BEGIN_AZIMUTH": "N",
  "BEGIN_LOCATION": "MIDLAND",
  "END_RANGE": 1,
  "END_AZIMUTH": "N",
  "END_LOCATION": "MIDLAND",
  "BEGIN_LAT": 32.0181,
  "BEGIN_LON": -102.0819,
  "END_LAT": 32.0204,
  "END_LON": -102.0825,
  "text": "The remnants of Tropical Storm Odile and an associated mid-level circulation were still over the region.  The airmass was very moist, and lift was enhanced by upslope low-level winds across southeast New Mexico and the higher terrain of West Texas.  These conditions resulted in rain and thunderstorms across the area, and flash flooding continued as moderate to heavy rain moved over areas with previously saturated soils.",
  "EVENT_NARRATIVE": "Heavy rain fell across Midland County and produced flash flooding.  Water up to six feet deep was covering low water crossings along Scharbauer Road in Midland.  The cost of damage is a very rough estimate.",
  "DATA_SOURCE": "CSV"
}
