{
  "BEGIN_YEARMONTH": 201404,
  "BEGIN_DAY": 15,
  "BEGIN_TIME": 1255,
  "END_YEARMONTH": 201404,
  "END_DAY": 15,
  "END_TIME": 1255,
  "EPISODE_ID": 84795,
  "EVENT_ID": 512096,
  "STATE": "NEW HAMPSHIRE",
  "STATE_FIPS": 33,
  "YEAR": 2014,
  "MONTH_NAME": "April",
  "EVENT_TYPE": "Strong Wind",
  "CZ_TYPE": "Z",
  "CZ_FIPS": 12,
  "CZ_NAME": "EASTERN HILLSBOROUGH",
  "WFO": "BOX",
  "BEGIN_DATE_TIME": "15-APR-14 12:55:00",
  "CZ_TIMEZONE": "EST-5",
  "END_DATE_TIME": "15-APR-14 12:55:00",
  "INJURIES_DIRECT": 0,
  "INJURIES_INDIRECT": 0,
  "DEATHS_DIRECT": 0,
  "DEATHS_INDIRECT": 0,
  "DAMAGE_PROPERTY": "5.00K",
  "DAMAGE_CROPS": "0.00K",
  "SOURCE": "ASOS",
  "MAGNITUDE": 40,
  "MAGNITUDE_TYPE": "EG",
  "FLOOD_CAUSE": "",
  "CATEGORY": "",
  "TOR_F_SCALE": "",
  "TOR_LENGTH": "",
  "TOR_WIDTH": "",
  "TOR_OTHER_WFO": "",
  "TOR_OTHER_CZ_STATE": "",
  "TOR_OTHER_CZ_FIPS": "",
  "TOR_OTHER_CZ_NAME": "",
  "BEGIN_RANGE": "",
  "BEGIN_AZIMUTH": "",
  "BEGIN_LOCATION": "",
  "END_RANGE": "",
  "END_AZIMUTH": "",
  "END_LOCATION": "",
  "BEGIN_LAT": "",
  "BEGIN_LON": "",
  "END_LAT": "",
  "END_LON": "",
  "text": "A strong low level jet coupled with the advance of a cold front resulted in windy conditions at the surface. This led to some wind damage particularly across eastern Hillsborough County.",
  "EVENT_NARRATIVE": "The Automated Surface Observation System at Manchester Airport (KMHT) recorded wind gusts of 42 mph. A tree was downed onto Burns Hill Road in Hudson, closing the road.",
  "DATA_SOURCE": "CSV"
}
