{
  "BEGIN_YEARMONTH": 201405,
  "BEGIN_DAY": 22,
  "BEGIN_TIME": 1919,
  "END_YEARMONTH": 201405,
  "END_DAY": 22,
  "END_TIME": 1919,
  "EPISODE_ID": 86837,
  "EVENT_ID": 524403,
  "STATE": "ATLANTIC NORTH",
  "STATE_FIPS": 88,
  "YEAR": 2014,
  "MONTH_NAME": "May",
  "EVENT_TYPE": "Marine Thunderstorm Wind",
  "CZ_TYPE": "Z",
  "CZ_FIPS": 656,
  "CZ_NAME": "CP CHARLES LT VA TO NC-VA BDR OUT 20NM",
  "WFO": "AKQ",
  "BEGIN_DATE_TIME": "22-MAY-14 19:19:00",
  "CZ_TIMEZONE": "EST-5",
  "END_DATE_TIME": "22-MAY-14 19:19:00",
  "INJURIES_DIRECT": 0,
  "INJURIES_INDIRECT": 0,
  "DEATHS_DIRECT": 0,
  "DEATHS_INDIRECT": 0,
  "DAMAGE_PROPERTY": "0.00K",
  "DAMAGE_CROPS": "0.00K",
  "SOURCE": "Mesonet",
  "MAGNITUDE": 49,
  "MAGNITUDE_TYPE": "MG",
  "FLOOD_CAUSE": "",
  "CATEGORY": "",
  "TOR_F_SCALE": "",
  "TOR_LENGTH": "",
  "TOR_WIDTH": "",
  "TOR_OTHER_WFO": "",
  "TOR_OTHER_CZ_STATE": "",
  "TOR_OTHER_CZ_FIPS": "",
  "TOR_OTHER_CZ_NAME": "",
  "BEGIN_RANGE": 4,
  "BEGIN_AZIMUTH": "E",
  "BEGIN_LOCATION": "(NTU)OCEANA NAS",
  "END_RANGE": 4,
  "END_AZIMUTH": "E",
  "END_LOCATION": "(NTU)OCEANA NAS",
  "BEGIN_LAT": 36.83,
  "BEGIN_LON": -75.96,
  "END_LAT": 36.83,
  "END_LON": -75.96,
  "text": "Scattered thunderstorms in advance of a cold front produced gusty winds across portions of the Chesapeake Bay and Virginia Coastal Waters.",
  "EVENT_NARRATIVE": "Wind gust of 49 knots was measured at Rudee Inlet.",
  "DATA_SOURCE": "CSV"
}
