{
  "BEGIN_YEARMONTH": 201409,
  "BEGIN_DAY": 20,
  "BEGIN_TIME": 1727,
  "END_YEARMONTH": 201409,
  "END_DAY": 20,
  "END_TIME": 1727,
  "EPISODE_ID": 89880,
  "EVENT_ID": 540620,
  "STATE": "MINNESOTA",
  "STATE_FIPS": 27,
  "YEAR": 2014,
  "MONTH_NAME": "September",
  "EVENT_TYPE": "Hail",
  "CZ_TYPE": "C",
  "CZ_FIPS": 99,
  "CZ_NAME": "MOWER",
  "WFO": "ARX",
  "BEGIN_DATE_TIME": "20-SEP-14 17:27:00",
  "CZ_TIMEZONE": "CST-6",
  "END_DATE_TIME": "20-SEP-14 17:27:00",
  "INJURIES_DIRECT": 0,
  "INJURIES_INDIRECT": 0,
  "DEATHS_DIRECT": 0,
  "DEATHS_INDIRECT": 0,
  "DAMAGE_PROPERTY": "0.00K",
  "DAMAGE_CROPS": "0.00K",
  "SOURCE": "Trained Spotter",
  "MAGNITUDE": 0.75,
  "MAGNITUDE_TYPE": "",
  "FLOOD_CAUSE": "",
  "CATEGORY": "",
  "TOR_F_SCALE": "",
  "TOR_LENGTH": "",
  "TOR_WIDTH": "",
  "TOR_OTHER_WFO": "",
  "TOR_OTHER_CZ_STATE": "",
  "TOR_OTHER_CZ_FIPS": "",
  "TOR_OTHER_CZ_NAME": "",
  "BEGIN_RANGE": 2,
  "BEGIN_AZIMUTH": "SE",
  "BEGIN_LOCATION": "DEXTER",
  "END_RANGE": 2,
  "END_AZIMUTH": "SE",
  "END_LOCATION": "DEXTER",
  "BEGIN_LAT": 43.7,
  "BEGIN_LON": -92.69,
  "END_LAT": 43.7,
  "END_LON": -92.69,
  "text": "A line of severe storms developed during the late afternoon and early evening of September 20th ahead of cold front that was moving across southeast Minnesota. Strong winds from these storms damaged trees in Austin (Mower County), Ostrander (Fillmore County) and Cherry Grove (Fillmore County). These storms also dropped quarter sized hail in Ostrander and Cherry Grove.",
  "EVENT_NARRATIVE": "",
  "DATA_SOURCE": "CSV"
}
