{
  "BEGIN_YEARMONTH": 201409,
  "BEGIN_DAY": 20,
  "BEGIN_TIME": 2058,
  "END_YEARMONTH": 201409,
  "END_DAY": 20,
  "END_TIME": 2140,
  "EPISODE_ID": 89769,
  "EVENT_ID": 540394,
  "STATE": "TEXAS",
  "STATE_FIPS": 48,
  "YEAR": 2014,
  "MONTH_NAME": "September",
  "EVENT_TYPE": "Flash Flood",
  "CZ_TYPE": "C",
  "CZ_FIPS": 3,
  "CZ_NAME": "ANDREWS",
  "WFO": "MAF",
  "BEGIN_DATE_TIME": "20-SEP-14 20:58:00",
  "CZ_TIMEZONE": "CST-6",
  "END_DATE_TIME": "20-SEP-14 21:40:00",
  "INJURIES_DIRECT": 0,
  "INJURIES_INDIRECT": 0,
  "DEATHS_DIRECT": 0,
  "DEATHS_INDIRECT": 0,
  "DAMAGE_PROPERTY": "0.30K",
  "DAMAGE_CROPS": "0.00K",
  "SOURCE": "Broadcast Media",
  "MAGNITUDE": "",
  "MAGNITUDE_TYPE": "",
  "FLOOD_CAUSE": "Heavy Rain",
  "CATEGORY": "",
  "TOR_F_SCALE": "",
  "TOR_LENGTH": "",
  "TOR_WIDTH": "",
  "TOR_OTHER_WFO": "",
  "TOR_OTHER_CZ_STATE": "",
  "TOR_OTHER_CZ_FIPS": "",
  "TOR_OTHER_CZ_NAME": "",
  "BEGIN_RANGE": 16,
  "BEGIN_AZIMUTH": "SE",
  "BEGIN_LOCATION": "ANDREWS CO ARPT",
  "END_RANGE": 15,
  "END_AZIMUTH": "SE",
  "END_LOCATION": "ANDREWS CO ARPT",
  "BEGIN_LAT": 32.1669,
  "BEGIN_LON": -102.3464,
  "END_LAT": 32.1724,
  "END_LON": -102.3499,
  "text": "Remains of Tropical Storm Odile were over the region.  The atmosphere was very moist and there was a mid-level circulation over northern portions of the area.  There were nocturnal low level winds that produced additional lift which aided in more rain and thunderstorms developing.  The saturated ground from previous rains allowed for flash flooding to develop across West Texas and southeast New Mexico when additional rain moved over these same locations.",
  "EVENT_NARRATIVE": "Heavy rain fell across Andrews County and produced flash flooding southeast of Andrews.  There was water over Farm to Market road 1788 and traffic was diverted off this road.  The cost of damage is a very rough estimate.",
  "DATA_SOURCE": "CSV"
}
