{
  "BEGIN_YEARMONTH": 201407,
  "BEGIN_DAY": 2,
  "BEGIN_TIME": 1412,
  "END_YEARMONTH": 201407,
  "END_DAY": 2,
  "END_TIME": 1412,
  "EPISODE_ID": 87533,
  "EVENT_ID": 528279,
  "STATE": "MASSACHUSETTS",
  "STATE_FIPS": 25,
  "YEAR": 2014,
  "MONTH_NAME": "July",
  "EVENT_TYPE": "Thunderstorm Wind",
  "CZ_TYPE": "C",
  "CZ_FIPS": 3,
  "CZ_NAME": "BERKSHIRE",
  "WFO": "ALY",
  "BEGIN_DATE_TIME": "02-JUL-14 14:12:00",
  "CZ_TIMEZONE": "EST-5",
  "END_DATE_TIME": "02-JUL-14 14:12:00",
  "INJURIES_DIRECT": 0,
  "INJURIES_INDIRECT": 0,
  "DEATHS_DIRECT": 0,
  "DEATHS_INDIRECT": 0,
  "DAMAGE_PROPERTY": "",
  "DAMAGE_CROPS": "",
  "SOURCE": "Social Media",
  "MAGNITUDE": 50,
  "MAGNITUDE_TYPE": "EG",
  "FLOOD_CAUSE": "",
  "CATEGORY": "",
  "TOR_F_SCALE": "",
  "TOR_LENGTH": "",
  "TOR_WIDTH": "",
  "TOR_OTHER_WFO": "",
  "TOR_OTHER_CZ_STATE": "",
  "TOR_OTHER_CZ_FIPS": "",
  "TOR_OTHER_CZ_NAME": "",
  "BEGIN_RANGE": 1,
  "BEGIN_AZIMUTH": "S",
  "BEGIN_LOCATION": "SOUTH EGREMONT",
  "END_RANGE": 1,
  "END_AZIMUTH": "S",
  "END_LOCATION": "SOUTH EGREMONT",
  "BEGIN_LAT": 42.15,
  "BEGIN_LON": -73.42,
  "END_LAT": 42.15,
  "END_LON": -73.42,
  "text": "A warm southerly flow allowed for temperatures to reach well into the 80s to near 90 on Wednesday, July 2nd. In addition, it was rather humid with dewpoints nearing 70 degrees. With the warm and humid conditions in place, the atmosphere became quite unstable during the afternoon and evening hours. ||Well ahead of a cold front, a surface trough was in place across upstate New York and western New England. This caused thunderstorms to develop during the afternoon hours. A few of these storms became severe, producing wind damage to trees and power lines.  In addition, the very humid air mass in place gave the storms the capability of producing very heavy rainfall in a short period of time. This allowed for one of the storms to produce flash flooding in the Pittsfield area, making travel difficult. ||These storms ended by the late evening hours, as nocturnal influences helped wane the development of additional thunderstorms.",
  "EVENT_NARRATIVE": "Trees were downed due to thunderstorm winds one mile south of South Egremont.  Route 41 was closed as a result of trees blocking the roadway.",
  "DATA_SOURCE": "CSV"
}
