{
  "BEGIN_YEARMONTH": 201407,
  "BEGIN_DAY": 23,
  "BEGIN_TIME": 1750,
  "END_YEARMONTH": 201407,
  "END_DAY": 23,
  "END_TIME": 1750,
  "EPISODE_ID": 88207,
  "EVENT_ID": 532139,
  "STATE": "NEW YORK",
  "STATE_FIPS": 36,
  "YEAR": 2014,
  "MONTH_NAME": "July",
  "EVENT_TYPE": "Lightning",
  "CZ_TYPE": "C",
  "CZ_FIPS": 27,
  "CZ_NAME": "DUTCHESS",
  "WFO": "ALY",
  "BEGIN_DATE_TIME": "23-JUL-14 17:50:00",
  "CZ_TIMEZONE": "EST-5",
  "END_DATE_TIME": "23-JUL-14 17:50:00",
  "INJURIES_DIRECT": 0,
  "INJURIES_INDIRECT": 0,
  "DEATHS_DIRECT": 0,
  "DEATHS_INDIRECT": 0,
  "DAMAGE_PROPERTY": "1.00K",
  "DAMAGE_CROPS": "0.00K",
  "SOURCE": "Law Enforcement",
  "MAGNITUDE": "",
  "MAGNITUDE_TYPE": "",
  "FLOOD_CAUSE": "",
  "CATEGORY": "",
  "TOR_F_SCALE": "",
  "TOR_LENGTH": "",
  "TOR_WIDTH": "",
  "TOR_OTHER_WFO": "",
  "TOR_OTHER_CZ_STATE": "",
  "TOR_OTHER_CZ_FIPS": "",
  "TOR_OTHER_CZ_NAME": "",
  "BEGIN_RANGE": 2,
  "BEGIN_AZIMUTH": "SSE",
  "BEGIN_LOCATION": "RED HOOK",
  "END_RANGE": 2,
  "END_AZIMUTH": "SSE",
  "END_LOCATION": "RED HOOK",
  "BEGIN_LAT": 41.9792,
  "BEGIN_LON": -73.8704,
  "END_LAT": 41.9792,
  "END_LON": -73.8704,
  "text": "A hot and humid air mass was in place on Wednesday, July 23rd, allowing the atmosphere to become quite unstable.  As a cold front approached from the west, clusters of thunderstorms developed during the afternoon and early evening hours.  Some of these thunderstorms became severe, producing damaging winds and large hail.  Thunderstorms moved east and weakened by the late evening hours, as the cold front crossed the region.",
  "EVENT_NARRATIVE": "A trailer was struck by lightning during a thunderstorm on Mountain View Road in Red Hook.",
  "DATA_SOURCE": "CSV"
}
