{
  "BEGIN_YEARMONTH": 201406,
  "BEGIN_DAY": 1,
  "BEGIN_TIME": 0,
  "END_YEARMONTH": 201406,
  "END_DAY": 30,
  "END_TIME": 2359,
  "EPISODE_ID": 88002,
  "EVENT_ID": 531170,
  "STATE": "KANSAS",
  "STATE_FIPS": 20,
  "YEAR": 2014,
  "MONTH_NAME": "June",
  "EVENT_TYPE": "Drought",
  "CZ_TYPE": "Z",
  "CZ_FIPS": 16,
  "CZ_NAME": "GRAHAM",
  "WFO": "GLD",
  "BEGIN_DATE_TIME": "01-JUN-14 00:00:00",
  "CZ_TIMEZONE": "CST-6",
  "END_DATE_TIME": "30-JUN-14 23:59:00",
  "INJURIES_DIRECT": 0,
  "INJURIES_INDIRECT": 0,
  "DEATHS_DIRECT": 0,
  "DEATHS_INDIRECT": 0,
  "DAMAGE_PROPERTY": "0.00K",
  "DAMAGE_CROPS": "0.00K",
  "SOURCE": "Official NWS Observations",
  "MAGNITUDE": "",
  "MAGNITUDE_TYPE": "",
  "FLOOD_CAUSE": "",
  "CATEGORY": "",
  "TOR_F_SCALE": "",
  "TOR_LENGTH": "",
  "TOR_WIDTH": "",
  "TOR_OTHER_WFO": "",
  "TOR_OTHER_CZ_STATE": "",
  "TOR_OTHER_CZ_FIPS": "",
  "TOR_OTHER_CZ_NAME": "",
  "BEGIN_RANGE": "",
  "BEGIN_AZIMUTH": "",
  "BEGIN_LOCATION": "",
  "END_RANGE": "",
  "END_AZIMUTH": "",
  "END_LOCATION": "",
  "BEGIN_LAT": "",
  "BEGIN_LON": "",
  "END_LAT": "",
  "END_LON": "",
  "text": "Precipitation was well above normal during the month of June at almost all cooperative observer sites in northwest Kansas. This resulted in improvement in the drought rating in some counties. Precipitation ranged from near normal at Sharon Springs to 9 inches above normal at Gove, Oakley and Winona.",
  "EVENT_NARRATIVE": "Graham County improved from a Severe (D2) rating at the beginning of June to a Moderate (D1) rating by month's end. Rainfall was 4 above normal at Hill City.",
  "DATA_SOURCE": "CSV"
}
