{
  "BEGIN_YEARMONTH": 201407,
  "BEGIN_DAY": 1,
  "BEGIN_TIME": 1817,
  "END_YEARMONTH": 201407,
  "END_DAY": 1,
  "END_TIME": 1845,
  "EPISODE_ID": 88408,
  "EVENT_ID": 533336,
  "STATE": "NEW MEXICO",
  "STATE_FIPS": 35,
  "YEAR": 2014,
  "MONTH_NAME": "July",
  "EVENT_TYPE": "Flash Flood",
  "CZ_TYPE": "C",
  "CZ_FIPS": 13,
  "CZ_NAME": "DONA ANA",
  "WFO": "EPZ",
  "BEGIN_DATE_TIME": "01-JUL-14 18:17:00",
  "CZ_TIMEZONE": "MST-7",
  "END_DATE_TIME": "01-JUL-14 18:45:00",
  "INJURIES_DIRECT": 0,
  "INJURIES_INDIRECT": 0,
  "DEATHS_DIRECT": 0,
  "DEATHS_INDIRECT": 0,
  "DAMAGE_PROPERTY": "0.00K",
  "DAMAGE_CROPS": "0.00K",
  "SOURCE": "Law Enforcement",
  "MAGNITUDE": "",
  "MAGNITUDE_TYPE": "",
  "FLOOD_CAUSE": "Heavy Rain",
  "CATEGORY": "",
  "TOR_F_SCALE": "",
  "TOR_LENGTH": "",
  "TOR_WIDTH": "",
  "TOR_OTHER_WFO": "",
  "TOR_OTHER_CZ_STATE": "",
  "TOR_OTHER_CZ_FIPS": "",
  "TOR_OTHER_CZ_NAME": "",
  "BEGIN_RANGE": 0,
  "BEGIN_AZIMUTH": "N",
  "BEGIN_LOCATION": "LAS CRUCES",
  "END_RANGE": 3,
  "END_AZIMUTH": "W",
  "END_LOCATION": "PICACHO",
  "BEGIN_LAT": 32.32,
  "BEGIN_LON": -106.78,
  "END_LAT": 32.3116,
  "END_LON": -106.9032,
  "text": "A back door cold front moved into the region with east winds bringing in deep moisture up to about the Rio Grande Valley. Upper level flow was out of the northwest providing sufficient shear for some severe thunderstorms to develop and some isolated flash flooding. Wind gusts up to 66 mph and hail up to an inch and a half in diameter were reported.",
  "EVENT_NARRATIVE": "Las Cruces Police reported flooding in the Picacho Hills area down by the river.",
  "DATA_SOURCE": "CSV"
}
