{
  "BEGIN_YEARMONTH": 201405,
  "BEGIN_DAY": 27,
  "BEGIN_TIME": 2015,
  "END_YEARMONTH": 201405,
  "END_DAY": 27,
  "END_TIME": 2015,
  "EPISODE_ID": 86838,
  "EVENT_ID": 524406,
  "STATE": "VIRGINIA",
  "STATE_FIPS": 51,
  "YEAR": 2014,
  "MONTH_NAME": "May",
  "EVENT_TYPE": "Thunderstorm Wind",
  "CZ_TYPE": "C",
  "CZ_FIPS": 193,
  "CZ_NAME": "WESTMORELAND",
  "WFO": "AKQ",
  "BEGIN_DATE_TIME": "27-MAY-14 20:15:00",
  "CZ_TIMEZONE": "EST-5",
  "END_DATE_TIME": "27-MAY-14 20:15:00",
  "INJURIES_DIRECT": 0,
  "INJURIES_INDIRECT": 0,
  "DEATHS_DIRECT": 0,
  "DEATHS_INDIRECT": 0,
  "DAMAGE_PROPERTY": "2.00K",
  "DAMAGE_CROPS": "0.00K",
  "SOURCE": "State Official",
  "MAGNITUDE": 50,
  "MAGNITUDE_TYPE": "EG",
  "FLOOD_CAUSE": "",
  "CATEGORY": "",
  "TOR_F_SCALE": "",
  "TOR_LENGTH": "",
  "TOR_WIDTH": "",
  "TOR_OTHER_WFO": "",
  "TOR_OTHER_CZ_STATE": "",
  "TOR_OTHER_CZ_FIPS": "",
  "TOR_OTHER_CZ_NAME": "",
  "BEGIN_RANGE": 0,
  "BEGIN_AZIMUTH": "N",
  "BEGIN_LOCATION": "HAGUE",
  "END_RANGE": 0,
  "END_AZIMUTH": "N",
  "END_LOCATION": "HAGUE",
  "BEGIN_LAT": 38.07,
  "BEGIN_LON": -76.65,
  "END_LAT": 38.07,
  "END_LON": -76.65,
  "text": "Scattered severe thunderstorms associated with a trough of low pressure produced damaging winds across portions of eastern Virginia.",
  "EVENT_NARRATIVE": "Trees were downed between Hague and Kinsale.",
  "DATA_SOURCE": "CSV"
}
