{
  "BEGIN_YEARMONTH": 201409,
  "BEGIN_DAY": 4,
  "BEGIN_TIME": 430,
  "END_YEARMONTH": 201409,
  "END_DAY": 4,
  "END_TIME": 1000,
  "EPISODE_ID": 88286,
  "EVENT_ID": 533388,
  "STATE": "MINNESOTA",
  "STATE_FIPS": 27,
  "YEAR": 2014,
  "MONTH_NAME": "September",
  "EVENT_TYPE": "Flash Flood",
  "CZ_TYPE": "C",
  "CZ_FIPS": 27,
  "CZ_NAME": "CLAY",
  "WFO": "FGF",
  "BEGIN_DATE_TIME": "04-SEP-14 04:30:00",
  "CZ_TIMEZONE": "CST-6",
  "END_DATE_TIME": "04-SEP-14 10:00:00",
  "INJURIES_DIRECT": 0,
  "INJURIES_INDIRECT": 0,
  "DEATHS_DIRECT": 0,
  "DEATHS_INDIRECT": 0,
  "DAMAGE_PROPERTY": "5.00K",
  "DAMAGE_CROPS": "0.00K",
  "SOURCE": "Public",
  "MAGNITUDE": "",
  "MAGNITUDE_TYPE": "",
  "FLOOD_CAUSE": "Heavy Rain",
  "CATEGORY": "",
  "TOR_F_SCALE": "",
  "TOR_LENGTH": "",
  "TOR_WIDTH": "",
  "TOR_OTHER_WFO": "",
  "TOR_OTHER_CZ_STATE": "",
  "TOR_OTHER_CZ_FIPS": "",
  "TOR_OTHER_CZ_NAME": "",
  "BEGIN_RANGE": 2,
  "BEGIN_AZIMUTH": "N",
  "BEGIN_LOCATION": "MOORHEAD",
  "END_RANGE": 4,
  "END_AZIMUTH": "S",
  "END_LOCATION": "MOORHEAD",
  "BEGIN_LAT": 46.909,
  "BEGIN_LON": -96.75,
  "END_LAT": 46.8221,
  "END_LON": -96.75,
  "text": "By the early morning hours of the 4th, an area of surface low pressure had moved into northeast South Dakota, with a warm front extending out to the east. Surface dew point values north of the front ranged in the lower 60s while south of the front they topped out around 70. At 850 millibars, the low level jet pushed juicy air up into southeast North Dakota and west central Minnesota, with drier air to the north. Finally, forty-five to fifty knot westerly winds at 500 millibars provided ample shear to the system. Thunderstorms over western and central North Dakota proceeded east and moved into Barnes County, North Dakota, during the first few hours of the 4th. These storms tracked nearly due east, finally exiting Wadena County, Minnesota, around sunrise. The strongest storms mainly stayed along and south of Interstate 94 in North Dakota and U. S. Highway 10 in Minnesota. These storms trained across the same areas as well, with some spots experiencing large hail or damaging winds two or three times during the event. In addition, heavy rainfall became a problem, resulting in some flash flooding.",
  "EVENT_NARRATIVE": "Streets were flooded in south Moorhead.",
  "DATA_SOURCE": "CSV"
}
