{
  "BEGIN_YEARMONTH": 201408,
  "BEGIN_DAY": 8,
  "BEGIN_TIME": 1136,
  "END_YEARMONTH": 201408,
  "END_DAY": 8,
  "END_TIME": 1345,
  "EPISODE_ID": 89932,
  "EVENT_ID": 540750,
  "STATE": "TENNESSEE",
  "STATE_FIPS": 47,
  "YEAR": 2014,
  "MONTH_NAME": "August",
  "EVENT_TYPE": "Flash Flood",
  "CZ_TYPE": "C",
  "CZ_FIPS": 113,
  "CZ_NAME": "MADISON",
  "WFO": "MEG",
  "BEGIN_DATE_TIME": "08-AUG-14 11:36:00",
  "CZ_TIMEZONE": "CST-6",
  "END_DATE_TIME": "08-AUG-14 13:45:00",
  "INJURIES_DIRECT": 0,
  "INJURIES_INDIRECT": 0,
  "DEATHS_DIRECT": 0,
  "DEATHS_INDIRECT": 0,
  "DAMAGE_PROPERTY": "50.00K",
  "DAMAGE_CROPS": "0.00K",
  "SOURCE": "Trained Spotter",
  "MAGNITUDE": "",
  "MAGNITUDE_TYPE": "",
  "FLOOD_CAUSE": "Heavy Rain",
  "CATEGORY": "",
  "TOR_F_SCALE": "",
  "TOR_LENGTH": "",
  "TOR_WIDTH": "",
  "TOR_OTHER_WFO": "",
  "TOR_OTHER_CZ_STATE": "",
  "TOR_OTHER_CZ_FIPS": "",
  "TOR_OTHER_CZ_NAME": "",
  "BEGIN_RANGE": 1,
  "BEGIN_AZIMUTH": "NNE",
  "BEGIN_LOCATION": "OAKFIELD",
  "END_RANGE": 2,
  "END_AZIMUTH": "WNW",
  "END_LOCATION": "CLAYBROOK",
  "BEGIN_LAT": 35.7321,
  "BEGIN_LON": -88.7918,
  "END_LAT": 35.7097,
  "END_LON": -88.6858,
  "text": "A quasi-stationary front remained located across Northeast Arkansas, the Missouri Bootheel, and West Tennessee during the period of August 7th-August 8th, 2014. In addition, a series of upper level disturbances moved through the region and interacted with the front setting off showers and thunderstorms. Some of the thunderstorms trained over the same area for a period of time and produced flash flooding.",
  "EVENT_NARRATIVE": "Slow moving thunderstorms produced flash flooding around Jackson. Numerous roads had at least six inches of water covering them. In addition, Clement Road had pavement washed away due to the flooding.",
  "DATA_SOURCE": "CSV"
}
