{
  "BEGIN_YEARMONTH": 201402,
  "BEGIN_DAY": 13,
  "BEGIN_TIME": 630,
  "END_YEARMONTH": 201402,
  "END_DAY": 14,
  "END_TIME": 800,
  "EPISODE_ID": 83476,
  "EVENT_ID": 503982,
  "STATE": "NEW HAMPSHIRE",
  "STATE_FIPS": 33,
  "YEAR": 2014,
  "MONTH_NAME": "February",
  "EVENT_TYPE": "Heavy Snow",
  "CZ_TYPE": "Z",
  "CZ_FIPS": 12,
  "CZ_NAME": "EASTERN HILLSBOROUGH",
  "WFO": "BOX",
  "BEGIN_DATE_TIME": "13-FEB-14 06:30:00",
  "CZ_TIMEZONE": "EST-5",
  "END_DATE_TIME": "14-FEB-14 08:00:00",
  "INJURIES_DIRECT": 0,
  "INJURIES_INDIRECT": 0,
  "DEATHS_DIRECT": 0,
  "DEATHS_INDIRECT": 0,
  "DAMAGE_PROPERTY": "0.00K",
  "DAMAGE_CROPS": "0.00K",
  "SOURCE": "Trained Spotter",
  "MAGNITUDE": "",
  "MAGNITUDE_TYPE": "",
  "FLOOD_CAUSE": "",
  "CATEGORY": "",
  "TOR_F_SCALE": "",
  "TOR_LENGTH": "",
  "TOR_WIDTH": "",
  "TOR_OTHER_WFO": "",
  "TOR_OTHER_CZ_STATE": "",
  "TOR_OTHER_CZ_FIPS": "",
  "TOR_OTHER_CZ_NAME": "",
  "BEGIN_RANGE": "",
  "BEGIN_AZIMUTH": "",
  "BEGIN_LOCATION": "",
  "END_RANGE": "",
  "END_AZIMUTH": "",
  "END_LOCATION": "",
  "BEGIN_LAT": "",
  "BEGIN_LON": "",
  "END_LAT": "",
  "END_LON": "",
  "text": "A significant winter storm brought six to twelve inches of snow across much of southern New England. Lesser amounts fell east of the Interstate 95 corridor where snow changed to rain.",
  "EVENT_NARRATIVE": "Five to eight inches of snow fell across eastern Hillsborough County.",
  "DATA_SOURCE": "CSV"
}
