{
  "BEGIN_YEARMONTH": 201409,
  "BEGIN_DAY": 2,
  "BEGIN_TIME": 1546,
  "END_YEARMONTH": 201409,
  "END_DAY": 2,
  "END_TIME": 1546,
  "EPISODE_ID": 90657,
  "EVENT_ID": 543966,
  "STATE": "NEW YORK",
  "STATE_FIPS": 36,
  "YEAR": 2014,
  "MONTH_NAME": "September",
  "EVENT_TYPE": "Thunderstorm Wind",
  "CZ_TYPE": "C",
  "CZ_FIPS": 9,
  "CZ_NAME": "CATTARAUGUS",
  "WFO": "BUF",
  "BEGIN_DATE_TIME": "02-SEP-14 15:46:00",
  "CZ_TIMEZONE": "EST-5",
  "END_DATE_TIME": "02-SEP-14 15:46:00",
  "INJURIES_DIRECT": 0,
  "INJURIES_INDIRECT": 0,
  "DEATHS_DIRECT": 0,
  "DEATHS_INDIRECT": 0,
  "DAMAGE_PROPERTY": "10.00K",
  "DAMAGE_CROPS": "0.00K",
  "SOURCE": "Law Enforcement",
  "MAGNITUDE": 50,
  "MAGNITUDE_TYPE": "EG",
  "FLOOD_CAUSE": "",
  "CATEGORY": "",
  "TOR_F_SCALE": "",
  "TOR_LENGTH": "",
  "TOR_WIDTH": "",
  "TOR_OTHER_WFO": "",
  "TOR_OTHER_CZ_STATE": "",
  "TOR_OTHER_CZ_FIPS": "",
  "TOR_OTHER_CZ_NAME": "",
  "BEGIN_RANGE": 0,
  "BEGIN_AZIMUTH": "N",
  "BEGIN_LOCATION": "OLEAN",
  "END_RANGE": 0,
  "END_AZIMUTH": "N",
  "END_LOCATION": "OLEAN",
  "BEGIN_LAT": 42.08,
  "BEGIN_LON": -78.43,
  "END_LAT": 42.08,
  "END_LON": -78.43,
  "text": "Showers and thunderstorms developed in a moist, unstable atmosphere ahead of a cold.  A cluster of thunderstorms crossed the southern tier during the afternoon and produced damaging winds across parts of Cattaraugus County. The winds downed trees and power lines in the City of Olean. Damage was reported on Main Street, West Riverside Drive, Garden Avenue and South Barry Street.",
  "EVENT_NARRATIVE": "Law enforcement reported trees down on West Riverside Drive.",
  "DATA_SOURCE": "CSV"
}
