{
  "BEGIN_YEARMONTH": 201405,
  "BEGIN_DAY": 16,
  "BEGIN_TIME": 200,
  "END_YEARMONTH": 201405,
  "END_DAY": 16,
  "END_TIME": 1700,
  "EPISODE_ID": 86749,
  "EVENT_ID": 523739,
  "STATE": "NORTH CAROLINA",
  "STATE_FIPS": 37,
  "YEAR": 2014,
  "MONTH_NAME": "May",
  "EVENT_TYPE": "Heavy Rain",
  "CZ_TYPE": "C",
  "CZ_FIPS": 73,
  "CZ_NAME": "GATES",
  "WFO": "AKQ",
  "BEGIN_DATE_TIME": "16-MAY-14 02:00:00",
  "CZ_TIMEZONE": "EST-5",
  "END_DATE_TIME": "16-MAY-14 17:00:00",
  "INJURIES_DIRECT": 0,
  "INJURIES_INDIRECT": 0,
  "DEATHS_DIRECT": 0,
  "DEATHS_INDIRECT": 0,
  "DAMAGE_PROPERTY": "0.00K",
  "DAMAGE_CROPS": "0.00K",
  "SOURCE": "COOP Observer",
  "MAGNITUDE": "",
  "MAGNITUDE_TYPE": "",
  "FLOOD_CAUSE": "",
  "CATEGORY": "",
  "TOR_F_SCALE": "",
  "TOR_LENGTH": "",
  "TOR_WIDTH": "",
  "TOR_OTHER_WFO": "",
  "TOR_OTHER_CZ_STATE": "",
  "TOR_OTHER_CZ_FIPS": "",
  "TOR_OTHER_CZ_NAME": "",
  "BEGIN_RANGE": 1,
  "BEGIN_AZIMUTH": "S",
  "BEGIN_LOCATION": "CORAPEAKE",
  "END_RANGE": 1,
  "END_AZIMUTH": "S",
  "END_LOCATION": "CORAPEAKE",
  "BEGIN_LAT": 36.5155,
  "BEGIN_LON": -76.58,
  "END_LAT": 36.5155,
  "END_LON": -76.58,
  "text": "Heavy rain occurred along a frontal boundary across much of northeast North Carolina. Rainfall amounts were mainly between one and three inches.",
  "EVENT_NARRATIVE": "Corapeake (1 S) reported 1.42 inches of rain.",
  "DATA_SOURCE": "CSV"
}
