{
  "BEGIN_YEARMONTH": 201409,
  "BEGIN_DAY": 4,
  "BEGIN_TIME": 1030,
  "END_YEARMONTH": 201409,
  "END_DAY": 4,
  "END_TIME": 1430,
  "EPISODE_ID": 90305,
  "EVENT_ID": 542359,
  "STATE": "MICHIGAN",
  "STATE_FIPS": 26,
  "YEAR": 2014,
  "MONTH_NAME": "September",
  "EVENT_TYPE": "Flash Flood",
  "CZ_TYPE": "C",
  "CZ_FIPS": 43,
  "CZ_NAME": "DICKINSON",
  "WFO": "MQT",
  "BEGIN_DATE_TIME": "04-SEP-14 10:30:00",
  "CZ_TIMEZONE": "CST-6",
  "END_DATE_TIME": "04-SEP-14 14:30:00",
  "INJURIES_DIRECT": 0,
  "INJURIES_INDIRECT": 0,
  "DEATHS_DIRECT": 0,
  "DEATHS_INDIRECT": 0,
  "DAMAGE_PROPERTY": "30.00K",
  "DAMAGE_CROPS": "0.00K",
  "SOURCE": "Law Enforcement",
  "MAGNITUDE": "",
  "MAGNITUDE_TYPE": "",
  "FLOOD_CAUSE": "Heavy Rain",
  "CATEGORY": "",
  "TOR_F_SCALE": "",
  "TOR_LENGTH": "",
  "TOR_WIDTH": "",
  "TOR_OTHER_WFO": "",
  "TOR_OTHER_CZ_STATE": "",
  "TOR_OTHER_CZ_FIPS": "",
  "TOR_OTHER_CZ_NAME": "",
  "BEGIN_RANGE": 0,
  "BEGIN_AZIMUTH": "E",
  "BEGIN_LOCATION": "ANTOINE",
  "END_RANGE": 0,
  "END_AZIMUTH": "W",
  "END_LOCATION": "IRON MTN",
  "BEGIN_LAT": 45.83,
  "BEGIN_LON": -88.06,
  "END_LAT": 45.8295,
  "END_LON": -88.0587,
  "text": "Frontal boundaries from a low pressure system tracking through northwest Ontario produced heavy rain and a few severe thunderstorms over south central Upper Michigan from the 4th into the early morning of the 5th.",
  "EVENT_NARRATIVE": "More than two inches of heavy rainfall in less than two hours caused flash flooding in the Iron Mountain area into early afternoon on the 4th.  The Dickinson County Sheriff reported flooding on US Highway 2 with several sections of the road under 2.5 feet of water causing several cars to stall.  Several businesses were also flooded.",
  "DATA_SOURCE": "CSV"
}
