{
  "BEGIN_YEARMONTH": 201407,
  "BEGIN_DAY": 2,
  "BEGIN_TIME": 1358,
  "END_YEARMONTH": 201407,
  "END_DAY": 2,
  "END_TIME": 1458,
  "EPISODE_ID": 87447,
  "EVENT_ID": 528255,
  "STATE": "NEW YORK",
  "STATE_FIPS": 36,
  "YEAR": 2014,
  "MONTH_NAME": "July",
  "EVENT_TYPE": "Flash Flood",
  "CZ_TYPE": "C",
  "CZ_FIPS": 27,
  "CZ_NAME": "DUTCHESS",
  "WFO": "ALY",
  "BEGIN_DATE_TIME": "02-JUL-14 13:58:00",
  "CZ_TIMEZONE": "EST-5",
  "END_DATE_TIME": "02-JUL-14 14:58:00",
  "INJURIES_DIRECT": 0,
  "INJURIES_INDIRECT": 0,
  "DEATHS_DIRECT": 0,
  "DEATHS_INDIRECT": 0,
  "DAMAGE_PROPERTY": "0.00K",
  "DAMAGE_CROPS": "0.00K",
  "SOURCE": "Trained Spotter",
  "MAGNITUDE": "",
  "MAGNITUDE_TYPE": "",
  "FLOOD_CAUSE": "Heavy Rain",
  "CATEGORY": "",
  "TOR_F_SCALE": "",
  "TOR_LENGTH": "",
  "TOR_WIDTH": "",
  "TOR_OTHER_WFO": "",
  "TOR_OTHER_CZ_STATE": "",
  "TOR_OTHER_CZ_FIPS": "",
  "TOR_OTHER_CZ_NAME": "",
  "BEGIN_RANGE": 1,
  "BEGIN_AZIMUTH": "NE",
  "BEGIN_LOCATION": "SCHULTZVILLE",
  "END_RANGE": 1,
  "END_AZIMUTH": "S",
  "END_LOCATION": "BULLS HEAD",
  "BEGIN_LAT": 41.8825,
  "BEGIN_LON": -73.7875,
  "END_LAT": 41.8842,
  "END_LON": -73.7827,
  "text": "A warm southerly flow allowed for temperatures to reach well into the 80s to near 90 on Wednesday, July 2nd.  In addition, it was rather humid with dewpoints nearing 70 degrees.  With the warm and humid conditions in place, the atmosphere became quite unstable during the afternoon and evening hours.||Well ahead of a cold front, a surface trough was in place across upstate New York.  This caused thunderstorms to develop during the afternoon hours.  Many of these storms became severe, producing wind damage to trees and power lines.  A few storms also contained large hail.  In addition, the very humid air mass in place gave the storms the capability of producing very heavy rainfall in a short period of time.  This allowed for a few of the storms to produce flash flooding in urban areas, such as around the Capital Region.  ||In addition, these storms produced a significant amount of cloud to ground lightning.  Several highway employees were struck by lightning in Rotterdam during a thunderstorm, but luckily escaped serious injury.  ||Although most of the storm ended by the late afternoon hours, a few additional severe storms during during the evening across the western Adirondacks and western Mohawk Valley.  These storms ended by the late evening hours, as nocturnal influences helped wane the development of additional thunderstorms.",
  "EVENT_NARRATIVE": "Heavy rainfall from thunderstorms led to flash flooding in the town of Clinton.  A portion of Nine Partners Road was briefly closed due to high water.",
  "DATA_SOURCE": "CSV"
}
