{
  "BEGIN_YEARMONTH": 201411,
  "BEGIN_DAY": 23,
  "BEGIN_TIME": 2000,
  "END_YEARMONTH": 201411,
  "END_DAY": 23,
  "END_TIME": 2004,
  "EPISODE_ID": 90602,
  "EVENT_ID": 543621,
  "STATE": "SOUTH CAROLINA",
  "STATE_FIPS": 45,
  "YEAR": 2014,
  "MONTH_NAME": "November",
  "EVENT_TYPE": "Thunderstorm Wind",
  "CZ_TYPE": "C",
  "CZ_FIPS": 79,
  "CZ_NAME": "RICHLAND",
  "WFO": "CAE",
  "BEGIN_DATE_TIME": "23-NOV-14 20:00:00",
  "CZ_TIMEZONE": "EST-5",
  "END_DATE_TIME": "23-NOV-14 20:04:00",
  "INJURIES_DIRECT": 0,
  "INJURIES_INDIRECT": 0,
  "DEATHS_DIRECT": 0,
  "DEATHS_INDIRECT": 0,
  "DAMAGE_PROPERTY": "2.00K",
  "DAMAGE_CROPS": "0.00K",
  "SOURCE": "Law Enforcement",
  "MAGNITUDE": 55,
  "MAGNITUDE_TYPE": "EG",
  "FLOOD_CAUSE": "",
  "CATEGORY": "",
  "TOR_F_SCALE": "",
  "TOR_LENGTH": "",
  "TOR_WIDTH": "",
  "TOR_OTHER_WFO": "",
  "TOR_OTHER_CZ_STATE": "",
  "TOR_OTHER_CZ_FIPS": "",
  "TOR_OTHER_CZ_NAME": "",
  "BEGIN_RANGE": 2,
  "BEGIN_AZIMUTH": "WSW",
  "BEGIN_LOCATION": "KILLIAN",
  "END_RANGE": 2,
  "END_AZIMUTH": "WSW",
  "END_LOCATION": "KILLIAN",
  "BEGIN_LAT": 34.12,
  "BEGIN_LON": -80.98,
  "END_LAT": 34.12,
  "END_LON": -80.98,
  "text": "A line of thunderstorms produced strong winds that took down trees, powerlines, and street lights.",
  "EVENT_NARRATIVE": "Highway Patrol reported trees down along US 321 near Blythewood Road.",
  "DATA_SOURCE": "CSV"
}
