{
  "BEGIN_YEARMONTH": 201409,
  "BEGIN_DAY": 18,
  "BEGIN_TIME": 600,
  "END_YEARMONTH": 201409,
  "END_DAY": 18,
  "END_TIME": 600,
  "EPISODE_ID": 90417,
  "EVENT_ID": 543646,
  "STATE": "KANSAS",
  "STATE_FIPS": 20,
  "YEAR": 2014,
  "MONTH_NAME": "September",
  "EVENT_TYPE": "Heavy Rain",
  "CZ_TYPE": "C",
  "CZ_FIPS": 1,
  "CZ_NAME": "ALLEN",
  "WFO": "ICT",
  "BEGIN_DATE_TIME": "18-SEP-14 06:00:00",
  "CZ_TIMEZONE": "CST-6",
  "END_DATE_TIME": "18-SEP-14 06:00:00",
  "INJURIES_DIRECT": 0,
  "INJURIES_INDIRECT": 0,
  "DEATHS_DIRECT": 0,
  "DEATHS_INDIRECT": 0,
  "DAMAGE_PROPERTY": "0.00K",
  "DAMAGE_CROPS": "0.00K",
  "SOURCE": "COOP Observer",
  "MAGNITUDE": "",
  "MAGNITUDE_TYPE": "",
  "FLOOD_CAUSE": "",
  "CATEGORY": "",
  "TOR_F_SCALE": "",
  "TOR_LENGTH": "",
  "TOR_WIDTH": "",
  "TOR_OTHER_WFO": "",
  "TOR_OTHER_CZ_STATE": "",
  "TOR_OTHER_CZ_FIPS": "",
  "TOR_OTHER_CZ_NAME": "",
  "BEGIN_RANGE": 1,
  "BEGIN_AZIMUTH": "WNW",
  "BEGIN_LOCATION": "IOLA",
  "END_RANGE": 1,
  "END_AZIMUTH": "WNW",
  "END_LOCATION": "IOLA",
  "BEGIN_LAT": 37.93,
  "BEGIN_LON": -95.42,
  "END_LAT": 37.93,
  "END_LON": -95.42,
  "text": "Widespread heavy rains caused some minor flooding across portions of Southeast Kansas.  Some rainfall amounts accumulated to nearly 6 inches over a 24 hour period.",
  "EVENT_NARRATIVE": "Rainfall report of 2.12 inches in a 24 hour period.",
  "DATA_SOURCE": "CSV"
}
