{
  "BEGIN_YEARMONTH": 201409,
  "BEGIN_DAY": 1,
  "BEGIN_TIME": 0,
  "END_YEARMONTH": 201409,
  "END_DAY": 30,
  "END_TIME": 2359,
  "EPISODE_ID": 90594,
  "EVENT_ID": 543599,
  "STATE": "TEXAS",
  "STATE_FIPS": 48,
  "YEAR": 2014,
  "MONTH_NAME": "September",
  "EVENT_TYPE": "Drought",
  "CZ_TYPE": "Z",
  "CZ_FIPS": 189,
  "CZ_NAME": "KENDALL",
  "WFO": "EWX",
  "BEGIN_DATE_TIME": "01-SEP-14 00:00:00",
  "CZ_TIMEZONE": "CST-6",
  "END_DATE_TIME": "30-SEP-14 23:59:00",
  "INJURIES_DIRECT": 0,
  "INJURIES_INDIRECT": 0,
  "DEATHS_DIRECT": 0,
  "DEATHS_INDIRECT": 0,
  "DAMAGE_PROPERTY": "0.00K",
  "DAMAGE_CROPS": "0.00K",
  "SOURCE": "Official NWS Observations",
  "MAGNITUDE": "",
  "MAGNITUDE_TYPE": "",
  "FLOOD_CAUSE": "",
  "CATEGORY": "",
  "TOR_F_SCALE": "",
  "TOR_LENGTH": "",
  "TOR_WIDTH": "",
  "TOR_OTHER_WFO": "",
  "TOR_OTHER_CZ_STATE": "",
  "TOR_OTHER_CZ_FIPS": "",
  "TOR_OTHER_CZ_NAME": "",
  "BEGIN_RANGE": "",
  "BEGIN_AZIMUTH": "",
  "BEGIN_LOCATION": "",
  "END_RANGE": "",
  "END_AZIMUTH": "",
  "END_LOCATION": "",
  "BEGIN_LAT": "",
  "BEGIN_LON": "",
  "END_LAT": "",
  "END_LON": "",
  "text": "September was a bit a mixed bag as far as rainfall west across South Central Texas. About half of the area had above normal precipitation and about half had less than normal. As a result none of our counties worsened during the month. Bandera, Gillespie, Kendall, Kerr, and Val Verde Counties improved to Severe Drought category (Stage D2). Medina County remain in Extreme Drought category (Stage D3) and Bexar, Blanco, Burnet, Comal, De Witt, Edwards, Llano, and Real Counties remained in Stage D2. Fire danger was moderate across the area at the end of September.  Of the counties in D2 or worse drought Bexar, Burnet, Comal, Kerr, De Witt, Medina, and Val Verde had burn bans remaining in effect. The seven day stream flow averages at the end of the month were below normal (10-24 percent) for the Middle San Antonio, Nueces, Medina, and Frio River basins. The Lower Colorado, the Upper, and the Lower San Antonio River Basins were much below normal (less than 10 percent). Area lakes and reservoirs continued well below normal pool elevations. Lake Amistad had marked improvement was 33.9 feet below normal. Lake Travis was up slightly at 57.1 feet below normal. Medina Lake dropped again and was 88.3 feet below normal. The Edwards Aquifer rose a couple of feet during the month and was at 628.8 feet. This was 8.2 feet lower than at the end of September 2013 and 35 feet below average. The Edwards Aquifer Authority continued stage 4 water restrictions requiring large water users to reduce pumping by 40%. The Barton Springs Edwards Aquifer Conservation District declared stage 2 alarm drought status requiring a 20% reduction in pumping. San Marcos was in stage 4 water restrictions, Fredericksburg and New Braunfels were in stage 3, Kerrville, San Antonio Water System (SAWS), and Austin were in stage 2, and Del Rio and Seguin were in stage 1.",
  "EVENT_NARRATIVE": "September was a bit a mixed bag as far as rainfall west across South Central Texas. About half of the area had above normal precipitation and about half had less than normal. As a result none of our counties worsened during the month. Bandera, Gillespie, Kendall, Kerr, and Val Verde Counties improved to Severe Drought category (Stage D2). Medina County remain in Extreme Drought category (Stage D3) and Bexar, Blanco, Burnet, Comal, De Witt, Edwards, Llano, and Real Counties remained in Stage D2. Fire danger was moderate across the area at the end of September.  Of the counties in D2 or worse drought Bexar, Burnet, Comal, Kerr, De Witt, Medina, and Val Verde had burn bans remaining in effect. The seven day stream flow averages at the end of the month were below normal (10-24 percent) for the Middle San Antonio, Nueces, Medina, and Frio River basins. The Lower Colorado, the Upper, and the Lower San Antonio River Basins were much below normal (less than 10 percent). Area lakes and reservoirs continued well below normal pool elevations. Lake Amistad had marked improvement was 33.9 feet below normal. Lake Travis was up slightly at 57.1 feet below normal. Medina Lake dropped again and was 88.3 feet below normal. The Edwards Aquifer rose a couple of feet during the month and was at 628.8 feet. This was 8.2 feet lower than at the end of September 2013 and 35 feet below average. The Edwards Aquifer Authority continued stage 4 water restrictions requiring large water users to reduce pumping by 40%. The Barton Springs Edwards Aquifer Conservation District declared stage 2 alarm drought status requiring a 20% reduction in pumping. San Marcos was in stage 4 water restrictions, Fredericksburg and New Braunfels were in stage 3, Kerrville, San Antonio Water System (SAWS), and Austin were in stage 2, and Del Rio and Seguin were in stage 1.",
  "DATA_SOURCE": "CSV"
}
