{
  "BEGIN_YEARMONTH": 201409,
  "BEGIN_DAY": 4,
  "BEGIN_TIME": 801,
  "END_YEARMONTH": 201409,
  "END_DAY": 4,
  "END_TIME": 804,
  "EPISODE_ID": 88276,
  "EVENT_ID": 532466,
  "STATE": "WISCONSIN",
  "STATE_FIPS": 55,
  "YEAR": 2014,
  "MONTH_NAME": "September",
  "EVENT_TYPE": "Thunderstorm Wind",
  "CZ_TYPE": "C",
  "CZ_FIPS": 5,
  "CZ_NAME": "BARRON",
  "WFO": "MPX",
  "BEGIN_DATE_TIME": "04-SEP-14 08:01:00",
  "CZ_TIMEZONE": "CST-6",
  "END_DATE_TIME": "04-SEP-14 08:04:00",
  "INJURIES_DIRECT": 0,
  "INJURIES_INDIRECT": 0,
  "DEATHS_DIRECT": 0,
  "DEATHS_INDIRECT": 0,
  "DAMAGE_PROPERTY": "0.00K",
  "DAMAGE_CROPS": "0.00K",
  "SOURCE": "Public",
  "MAGNITUDE": 56,
  "MAGNITUDE_TYPE": "EG",
  "FLOOD_CAUSE": "",
  "CATEGORY": "",
  "TOR_F_SCALE": "",
  "TOR_LENGTH": "",
  "TOR_WIDTH": "",
  "TOR_OTHER_WFO": "",
  "TOR_OTHER_CZ_STATE": "",
  "TOR_OTHER_CZ_FIPS": "",
  "TOR_OTHER_CZ_NAME": "",
  "BEGIN_RANGE": 0,
  "BEGIN_AZIMUTH": "W",
  "BEGIN_LOCATION": "RICE LAKE",
  "END_RANGE": 2,
  "END_AZIMUTH": "SSE",
  "END_LOCATION": "RICE LAKE",
  "BEGIN_LAT": 45.5,
  "BEGIN_LON": -91.74,
  "END_LAT": 45.4794,
  "END_LON": -91.7156,
  "text": "A complex of thunderstorms that developed across the Northern Plains Wednesday evening, quickly moved across Minnesota, and into west central Wisconsin during the morning of Thursday, September 4th. Several reports of downed trees and power lines from Rice Lake to Ladysmith occurred as these storms moved through.",
  "EVENT_NARRATIVE": "Multiple trees were blown down in the city of Rice Lake.",
  "DATA_SOURCE": "CSV"
}
