{
  "BEGIN_YEARMONTH": 201408,
  "BEGIN_DAY": 1,
  "BEGIN_TIME": 0,
  "END_YEARMONTH": 201408,
  "END_DAY": 31,
  "END_TIME": 2359,
  "EPISODE_ID": 89545,
  "EVENT_ID": 539279,
  "STATE": "NEW MEXICO",
  "STATE_FIPS": 35,
  "YEAR": 2014,
  "MONTH_NAME": "August",
  "EVENT_TYPE": "Drought",
  "CZ_TYPE": "Z",
  "CZ_FIPS": 508,
  "CZ_NAME": "SOUTHWEST MOUNTAINS",
  "WFO": "ABQ",
  "BEGIN_DATE_TIME": "01-AUG-14 00:00:00",
  "CZ_TIMEZONE": "MST-7",
  "END_DATE_TIME": "31-AUG-14 23:59:00",
  "INJURIES_DIRECT": 0,
  "INJURIES_INDIRECT": 0,
  "DEATHS_DIRECT": 0,
  "DEATHS_INDIRECT": 0,
  "DAMAGE_PROPERTY": "",
  "DAMAGE_CROPS": "",
  "SOURCE": "Drought Monitor",
  "MAGNITUDE": "",
  "MAGNITUDE_TYPE": "",
  "FLOOD_CAUSE": "",
  "CATEGORY": "",
  "TOR_F_SCALE": "",
  "TOR_LENGTH": "",
  "TOR_WIDTH": "",
  "TOR_OTHER_WFO": "",
  "TOR_OTHER_CZ_STATE": "",
  "TOR_OTHER_CZ_FIPS": "",
  "TOR_OTHER_CZ_NAME": "",
  "BEGIN_RANGE": "",
  "BEGIN_AZIMUTH": "",
  "BEGIN_LOCATION": "",
  "END_RANGE": "",
  "END_AZIMUTH": "",
  "END_LOCATION": "",
  "BEGIN_LAT": "",
  "BEGIN_LON": "",
  "END_LAT": "",
  "END_LON": "",
  "text": "An active monsoon pattern that characterized July 2014 continued into August, with an especially wet period during the first several days of the month. Widespread heavy rain eased from the 6th through 8th, however, as more typical isolated to scattered thunderstorms dominated the landscape from the 9th through 12th.  A monsoon burst, aided by a subtropical low pressure system aloft, brought heavy rain and local flash flooding on the 13th and 14th. Drier air worked into the northwest parts of the state with much less storm activity from the 15th into the 21st. Another good surge of monsoon moisture from the south arrived late on the 21st with widespread showers and storms on the 22nd, some with heavy rain and flash flooding. The 23rd was much drier then a gradual increase in moisture returned on the 24th and continued into the 27th. The 26th was an active day with a few reports of significant flash flooding. The remainder of the month turned much drier and warmer.  Despite the active monsoon,  New Mexico's rangeland and pastures were rated 56% very poor to poor at the beginning of the month,  with  only modest improvements during the month. Despite short-term gains,  longer-term hydrological impacts (below-normal reservoir levels) remained after multiple years of below-normal snowpack. The Middle Rio Grande Conservancy District curtailed water bank deliveries for irrigation in response to low flows along the Rio Grande during the month. The combination of short- and long-term hydrological impacts, below-normal mountain snowpack conditions in the headwater regions led to the re-introduction of an area of Moderate Drought (D1) in the Middle Rio Grande corridor from Socorro County northward to Sante Fe County.",
  "EVENT_NARRATIVE": "",
  "DATA_SOURCE": "CSV"
}
