{
  "BEGIN_YEARMONTH": 201411,
  "BEGIN_DAY": 2,
  "BEGIN_TIME": 1140,
  "END_YEARMONTH": 201411,
  "END_DAY": 2,
  "END_TIME": 1310,
  "EPISODE_ID": 91722,
  "EVENT_ID": 549721,
  "STATE": "NEW HAMPSHIRE",
  "STATE_FIPS": 33,
  "YEAR": 2014,
  "MONTH_NAME": "November",
  "EVENT_TYPE": "Strong Wind",
  "CZ_TYPE": "Z",
  "CZ_FIPS": 12,
  "CZ_NAME": "EASTERN HILLSBOROUGH",
  "WFO": "BOX",
  "BEGIN_DATE_TIME": "02-NOV-14 11:40:00",
  "CZ_TIMEZONE": "EST-5",
  "END_DATE_TIME": "02-NOV-14 13:10:00",
  "INJURIES_DIRECT": 0,
  "INJURIES_INDIRECT": 0,
  "DEATHS_DIRECT": 0,
  "DEATHS_INDIRECT": 0,
  "DAMAGE_PROPERTY": "10.00K",
  "DAMAGE_CROPS": "0.00K",
  "SOURCE": "Amateur Radio",
  "MAGNITUDE": 40,
  "MAGNITUDE_TYPE": "EG",
  "FLOOD_CAUSE": "",
  "CATEGORY": "",
  "TOR_F_SCALE": "",
  "TOR_LENGTH": "",
  "TOR_WIDTH": "",
  "TOR_OTHER_WFO": "",
  "TOR_OTHER_CZ_STATE": "",
  "TOR_OTHER_CZ_FIPS": "",
  "TOR_OTHER_CZ_NAME": "",
  "BEGIN_RANGE": "",
  "BEGIN_AZIMUTH": "",
  "BEGIN_LOCATION": "",
  "END_RANGE": "",
  "END_AZIMUTH": "",
  "END_LOCATION": "",
  "BEGIN_LAT": "",
  "BEGIN_LON": "",
  "END_LAT": "",
  "END_LON": "",
  "text": "An intensifying coastal low pressure system moved up the coast from North Carolina, crossing the benchmark (40 N/70 W) southeast of Nantucket. This storm brought strong to damaging winds to much of New England. Little precipitation was received with this storm, with less than 1 to 2 inches of snow reported.",
  "EVENT_NARRATIVE": "A tree and wires were downed on Dublin Avenue in Nashua. In Merrimack, a tree and wires were downed on Wire Road between Mallard Point and Ichabod Roads.",
  "DATA_SOURCE": "CSV"
}
