{
  "BEGIN_YEARMONTH": 201407,
  "BEGIN_DAY": 1,
  "BEGIN_TIME": 1858,
  "END_YEARMONTH": 201407,
  "END_DAY": 1,
  "END_TIME": 1858,
  "EPISODE_ID": 87446,
  "EVENT_ID": 527744,
  "STATE": "NEW YORK",
  "STATE_FIPS": 36,
  "YEAR": 2014,
  "MONTH_NAME": "July",
  "EVENT_TYPE": "Thunderstorm Wind",
  "CZ_TYPE": "C",
  "CZ_FIPS": 91,
  "CZ_NAME": "SARATOGA",
  "WFO": "ALY",
  "BEGIN_DATE_TIME": "01-JUL-14 18:58:00",
  "CZ_TIMEZONE": "EST-5",
  "END_DATE_TIME": "01-JUL-14 18:58:00",
  "INJURIES_DIRECT": 0,
  "INJURIES_INDIRECT": 0,
  "DEATHS_DIRECT": 0,
  "DEATHS_INDIRECT": 0,
  "DAMAGE_PROPERTY": "",
  "DAMAGE_CROPS": "",
  "SOURCE": "Public",
  "MAGNITUDE": 50,
  "MAGNITUDE_TYPE": "EG",
  "FLOOD_CAUSE": "",
  "CATEGORY": "",
  "TOR_F_SCALE": "",
  "TOR_LENGTH": "",
  "TOR_WIDTH": "",
  "TOR_OTHER_WFO": "",
  "TOR_OTHER_CZ_STATE": "",
  "TOR_OTHER_CZ_FIPS": "",
  "TOR_OTHER_CZ_NAME": "",
  "BEGIN_RANGE": 1,
  "BEGIN_AZIMUTH": "E",
  "BEGIN_LOCATION": "HARMONY CORNERS",
  "END_RANGE": 1,
  "END_AZIMUTH": "E",
  "END_LOCATION": "HARMONY CORNERS",
  "BEGIN_LAT": 42.98,
  "BEGIN_LON": -73.94,
  "END_LAT": 42.98,
  "END_LON": -73.94,
  "text": "A hot and humid air mass was in place on Tuesday, July 1st, which allowed for the atmosphere to become quite unstable.  A weak surface boundary moved east across upstate New York during the evening hours, which caused a broken line of showers and thunderstorms to develop.  One of these thunderstorms grew tall enough to become severe, producing wind damage across parts of southern Saratoga County.  The showers and thunderstorms moved eastward and weakened by the late evening hours.",
  "EVENT_NARRATIVE": "Three trees were reportedly downed by thunderstorm winds 5 miles north-northwest of Burnt Hills.",
  "DATA_SOURCE": "CSV"
}
