{
  "BEGIN_YEARMONTH": 201411,
  "BEGIN_DAY": 26,
  "BEGIN_TIME": 1000,
  "END_YEARMONTH": 201411,
  "END_DAY": 27,
  "END_TIME": 1000,
  "EPISODE_ID": 91728,
  "EVENT_ID": 549746,
  "STATE": "NEW HAMPSHIRE",
  "STATE_FIPS": 33,
  "YEAR": 2014,
  "MONTH_NAME": "November",
  "EVENT_TYPE": "Heavy Snow",
  "CZ_TYPE": "Z",
  "CZ_FIPS": 12,
  "CZ_NAME": "EASTERN HILLSBOROUGH",
  "WFO": "BOX",
  "BEGIN_DATE_TIME": "26-NOV-14 10:00:00",
  "CZ_TIMEZONE": "EST-5",
  "END_DATE_TIME": "27-NOV-14 10:00:00",
  "INJURIES_DIRECT": 0,
  "INJURIES_INDIRECT": 0,
  "DEATHS_DIRECT": 0,
  "DEATHS_INDIRECT": 0,
  "DAMAGE_PROPERTY": "15.00K",
  "DAMAGE_CROPS": "0.00K",
  "SOURCE": "COOP Observer",
  "MAGNITUDE": "",
  "MAGNITUDE_TYPE": "",
  "FLOOD_CAUSE": "",
  "CATEGORY": "",
  "TOR_F_SCALE": "",
  "TOR_LENGTH": "",
  "TOR_WIDTH": "",
  "TOR_OTHER_WFO": "",
  "TOR_OTHER_CZ_STATE": "",
  "TOR_OTHER_CZ_FIPS": "",
  "TOR_OTHER_CZ_NAME": "",
  "BEGIN_RANGE": "",
  "BEGIN_AZIMUTH": "",
  "BEGIN_LOCATION": "",
  "END_RANGE": "",
  "END_AZIMUTH": "",
  "END_LOCATION": "",
  "BEGIN_LAT": "",
  "BEGIN_LON": "",
  "END_LAT": "",
  "END_LON": "",
  "text": "A strong coastal storm moved up the east coast and over Nantucket bringing a heavy wet snow to much of the area. This resulted in tree damage and scattered power outages across the region.",
  "EVENT_NARRATIVE": "Six to eight inches of snow fell across eastern Hillsborough County.  The heavy wet snow brought down trees, limbs, and wires in Merrimack and Nashua.",
  "DATA_SOURCE": "CSV"
}
