{
  "BEGIN_YEARMONTH": 201405,
  "BEGIN_DAY": 30,
  "BEGIN_TIME": 1610,
  "END_YEARMONTH": 201405,
  "END_DAY": 30,
  "END_TIME": 1610,
  "EPISODE_ID": 85085,
  "EVENT_ID": 513825,
  "STATE": "NEW YORK",
  "STATE_FIPS": 36,
  "YEAR": 2014,
  "MONTH_NAME": "May",
  "EVENT_TYPE": "Thunderstorm Wind",
  "CZ_TYPE": "C",
  "CZ_FIPS": 91,
  "CZ_NAME": "SARATOGA",
  "WFO": "ALY",
  "BEGIN_DATE_TIME": "30-MAY-14 16:10:00",
  "CZ_TIMEZONE": "EST-5",
  "END_DATE_TIME": "30-MAY-14 16:10:00",
  "INJURIES_DIRECT": 0,
  "INJURIES_INDIRECT": 0,
  "DEATHS_DIRECT": 0,
  "DEATHS_INDIRECT": 0,
  "DAMAGE_PROPERTY": "",
  "DAMAGE_CROPS": "",
  "SOURCE": "911 Call Center",
  "MAGNITUDE": 50,
  "MAGNITUDE_TYPE": "EG",
  "FLOOD_CAUSE": "",
  "CATEGORY": "",
  "TOR_F_SCALE": "",
  "TOR_LENGTH": "",
  "TOR_WIDTH": "",
  "TOR_OTHER_WFO": "",
  "TOR_OTHER_CZ_STATE": "",
  "TOR_OTHER_CZ_FIPS": "",
  "TOR_OTHER_CZ_NAME": "",
  "BEGIN_RANGE": 2,
  "BEGIN_AZIMUTH": "SE",
  "BEGIN_LOCATION": "SARATOGA SPGS CO ARP",
  "END_RANGE": 2,
  "END_AZIMUTH": "SE",
  "END_LOCATION": "SARATOGA SPGS CO ARP",
  "BEGIN_LAT": 43.03,
  "BEGIN_LON": -73.85,
  "END_LAT": 43.03,
  "END_LON": -73.85,
  "text": "The combination of an approaching cold front and potent upper level jet allowed for some thunderstorms to develop in the late afternoon and early evening hours on Friday, May 30th.  A few of these thunderstorms became severe, producing hail to the size of quarters and wind damage to trees and power lines.  Thunderstorm activity waned by later in the evening, as the front moved to the east of the region.",
  "EVENT_NARRATIVE": "Numerous trees were reported down in Milton as a result of thunderstorm winds. The downed trees also caused power outages across the area.",
  "DATA_SOURCE": "CSV"
}
