{
  "BEGIN_YEARMONTH": 201407,
  "BEGIN_DAY": 9,
  "BEGIN_TIME": 1505,
  "END_YEARMONTH": 201407,
  "END_DAY": 9,
  "END_TIME": 1505,
  "EPISODE_ID": 88132,
  "EVENT_ID": 531934,
  "STATE": "NEW YORK",
  "STATE_FIPS": 36,
  "YEAR": 2014,
  "MONTH_NAME": "July",
  "EVENT_TYPE": "Thunderstorm Wind",
  "CZ_TYPE": "C",
  "CZ_FIPS": 83,
  "CZ_NAME": "RENSSELAER",
  "WFO": "ALY",
  "BEGIN_DATE_TIME": "09-JUL-14 15:05:00",
  "CZ_TIMEZONE": "EST-5",
  "END_DATE_TIME": "09-JUL-14 15:05:00",
  "INJURIES_DIRECT": 0,
  "INJURIES_INDIRECT": 0,
  "DEATHS_DIRECT": 0,
  "DEATHS_INDIRECT": 0,
  "DAMAGE_PROPERTY": "",
  "DAMAGE_CROPS": "",
  "SOURCE": "Trained Spotter",
  "MAGNITUDE": 50,
  "MAGNITUDE_TYPE": "EG",
  "FLOOD_CAUSE": "",
  "CATEGORY": "",
  "TOR_F_SCALE": "",
  "TOR_LENGTH": "",
  "TOR_WIDTH": "",
  "TOR_OTHER_WFO": "",
  "TOR_OTHER_CZ_STATE": "",
  "TOR_OTHER_CZ_FIPS": "",
  "TOR_OTHER_CZ_NAME": "",
  "BEGIN_RANGE": 2,
  "BEGIN_AZIMUTH": "SW",
  "BEGIN_LOCATION": "ALBIA",
  "END_RANGE": 2,
  "END_AZIMUTH": "SW",
  "END_LOCATION": "ALBIA",
  "BEGIN_LAT": 42.7,
  "BEGIN_LON": -73.69,
  "END_LAT": 42.7,
  "END_LON": -73.69,
  "text": "Despite being behind a cold front, the region remained in a warm and humid air mass.  This allowed the atmosphere to become quite unstable.   ||As yet another cold front approached the region during the afternoon hours, clusters of thunderstorms developed across eastern upstate New York. For the third day in a row, thunderstorms produced reports of wind damage across the region, with a few reports of large hail as well, as the storms moved from west to east.  ||The threat for storms ended during the evening hours, as the cold front moved across the area and into New England.",
  "EVENT_NARRATIVE": "Tree limbs were reported down in South Troy as a result of thunderstorm winds.",
  "DATA_SOURCE": "CSV"
}
