{
  "BEGIN_YEARMONTH": 201409,
  "BEGIN_DAY": 5,
  "BEGIN_TIME": 135,
  "END_YEARMONTH": 201409,
  "END_DAY": 5,
  "END_TIME": 700,
  "EPISODE_ID": 90370,
  "EVENT_ID": 542656,
  "STATE": "WEST VIRGINIA",
  "STATE_FIPS": 54,
  "YEAR": 2014,
  "MONTH_NAME": "September",
  "EVENT_TYPE": "Dense Fog",
  "CZ_TYPE": "Z",
  "CZ_FIPS": 502,
  "CZ_NAME": "EASTERN GRANT",
  "WFO": "LWX",
  "BEGIN_DATE_TIME": "05-SEP-14 01:35:00",
  "CZ_TIMEZONE": "EST-5",
  "END_DATE_TIME": "05-SEP-14 07:00:00",
  "INJURIES_DIRECT": 0,
  "INJURIES_INDIRECT": 0,
  "DEATHS_DIRECT": 0,
  "DEATHS_INDIRECT": 0,
  "DAMAGE_PROPERTY": "0.00K",
  "DAMAGE_CROPS": "0.00K",
  "SOURCE": "AWOS",
  "MAGNITUDE": "",
  "MAGNITUDE_TYPE": "",
  "FLOOD_CAUSE": "",
  "CATEGORY": "",
  "TOR_F_SCALE": "",
  "TOR_LENGTH": "",
  "TOR_WIDTH": "",
  "TOR_OTHER_WFO": "",
  "TOR_OTHER_CZ_STATE": "",
  "TOR_OTHER_CZ_FIPS": "",
  "TOR_OTHER_CZ_NAME": "",
  "BEGIN_RANGE": "",
  "BEGIN_AZIMUTH": "",
  "BEGIN_LOCATION": "",
  "END_RANGE": "",
  "END_AZIMUTH": "",
  "END_LOCATION": "",
  "BEGIN_LAT": "",
  "BEGIN_LON": "",
  "END_LAT": "",
  "END_LON": "",
  "text": "A warm and humid air mass led to dense fog development in sheltered valleys in the Potomac Highlands.",
  "EVENT_NARRATIVE": "Visibilities of a quarter mile or less were measured at Petersburg Airport.",
  "DATA_SOURCE": "CSV"
}
