{
  "BEGIN_YEARMONTH": 201408,
  "BEGIN_DAY": 21,
  "BEGIN_TIME": 1720,
  "END_YEARMONTH": 201408,
  "END_DAY": 21,
  "END_TIME": 1720,
  "EPISODE_ID": 89304,
  "EVENT_ID": 537915,
  "STATE": "FLORIDA",
  "STATE_FIPS": 12,
  "YEAR": 2014,
  "MONTH_NAME": "August",
  "EVENT_TYPE": "Thunderstorm Wind",
  "CZ_TYPE": "C",
  "CZ_FIPS": 1,
  "CZ_NAME": "ALACHUA",
  "WFO": "JAX",
  "BEGIN_DATE_TIME": "21-AUG-14 17:20:00",
  "CZ_TIMEZONE": "EST-5",
  "END_DATE_TIME": "21-AUG-14 17:20:00",
  "INJURIES_DIRECT": 0,
  "INJURIES_INDIRECT": 0,
  "DEATHS_DIRECT": 0,
  "DEATHS_INDIRECT": 0,
  "DAMAGE_PROPERTY": "",
  "DAMAGE_CROPS": "",
  "SOURCE": "State Official",
  "MAGNITUDE": 50,
  "MAGNITUDE_TYPE": "EG",
  "FLOOD_CAUSE": "",
  "CATEGORY": "",
  "TOR_F_SCALE": "",
  "TOR_LENGTH": "",
  "TOR_WIDTH": "",
  "TOR_OTHER_WFO": "",
  "TOR_OTHER_CZ_STATE": "",
  "TOR_OTHER_CZ_FIPS": "",
  "TOR_OTHER_CZ_NAME": "",
  "BEGIN_RANGE": 1,
  "BEGIN_AZIMUTH": "S",
  "BEGIN_LOCATION": "CAMPVILLE",
  "END_RANGE": 1,
  "END_AZIMUTH": "S",
  "END_LOCATION": "CAMPVILLE",
  "BEGIN_LAT": 29.66,
  "BEGIN_LON": -82.12,
  "END_LAT": 29.66,
  "END_LON": -82.12,
  "text": "Drier northerly flow was in place in the upper levels, however PWAT values remained near 1.75 inches. Focus for evening storms was the Atlantic coast sea breeze over a hot and unstable air mass. Drier mid level air aided in down-burst formation.",
  "EVENT_NARRATIVE": "A large tree was blown down over County Road 1474 near the U.S. Highway 301 intersection. Location is just south of Orange Heights. The time of damage was based on radar.",
  "DATA_SOURCE": "CSV"
}
