{
  "BEGIN_YEARMONTH": 201405,
  "BEGIN_DAY": 30,
  "BEGIN_TIME": 1650,
  "END_YEARMONTH": 201405,
  "END_DAY": 30,
  "END_TIME": 1655,
  "EPISODE_ID": 85085,
  "EVENT_ID": 513823,
  "STATE": "NEW YORK",
  "STATE_FIPS": 36,
  "YEAR": 2014,
  "MONTH_NAME": "May",
  "EVENT_TYPE": "Hail",
  "CZ_TYPE": "C",
  "CZ_FIPS": 95,
  "CZ_NAME": "SCHOHARIE",
  "WFO": "ALY",
  "BEGIN_DATE_TIME": "30-MAY-14 16:50:00",
  "CZ_TIMEZONE": "EST-5",
  "END_DATE_TIME": "30-MAY-14 16:55:00",
  "INJURIES_DIRECT": 0,
  "INJURIES_INDIRECT": 0,
  "DEATHS_DIRECT": 0,
  "DEATHS_INDIRECT": 0,
  "DAMAGE_PROPERTY": "",
  "DAMAGE_CROPS": "",
  "SOURCE": "Public",
  "MAGNITUDE": 1,
  "MAGNITUDE_TYPE": "",
  "FLOOD_CAUSE": "",
  "CATEGORY": "",
  "TOR_F_SCALE": "",
  "TOR_LENGTH": "",
  "TOR_WIDTH": "",
  "TOR_OTHER_WFO": "",
  "TOR_OTHER_CZ_STATE": "",
  "TOR_OTHER_CZ_FIPS": "",
  "TOR_OTHER_CZ_NAME": "",
  "BEGIN_RANGE": 1,
  "BEGIN_AZIMUTH": "W",
  "BEGIN_LOCATION": "MIDDLEBURG",
  "END_RANGE": 1,
  "END_AZIMUTH": "W",
  "END_LOCATION": "MIDDLEBURG",
  "BEGIN_LAT": 42.6,
  "BEGIN_LON": -74.37,
  "END_LAT": 42.6,
  "END_LON": -74.37,
  "text": "The combination of an approaching cold front and potent upper level jet allowed for some thunderstorms to develop in the late afternoon and early evening hours on Friday, May 30th.  A few of these thunderstorms became severe, producing hail to the size of quarters and wind damage to trees and power lines.  Thunderstorm activity waned by later in the evening, as the front moved to the east of the region.",
  "EVENT_NARRATIVE": "Quarter size hail was reported by a member of the public 1 mile west of West Middleburgh.",
  "DATA_SOURCE": "CSV"
}
