{
  "BEGIN_YEARMONTH": 201409,
  "BEGIN_DAY": 6,
  "BEGIN_TIME": 1615,
  "END_YEARMONTH": 201409,
  "END_DAY": 6,
  "END_TIME": 1615,
  "EPISODE_ID": 90355,
  "EVENT_ID": 542595,
  "STATE": "MARYLAND",
  "STATE_FIPS": 24,
  "YEAR": 2014,
  "MONTH_NAME": "September",
  "EVENT_TYPE": "Thunderstorm Wind",
  "CZ_TYPE": "C",
  "CZ_FIPS": 43,
  "CZ_NAME": "WASHINGTON",
  "WFO": "LWX",
  "BEGIN_DATE_TIME": "06-SEP-14 16:15:00",
  "CZ_TIMEZONE": "EST-5",
  "END_DATE_TIME": "06-SEP-14 16:15:00",
  "INJURIES_DIRECT": 0,
  "INJURIES_INDIRECT": 0,
  "DEATHS_DIRECT": 0,
  "DEATHS_INDIRECT": 0,
  "DAMAGE_PROPERTY": "0.00K",
  "DAMAGE_CROPS": "0.25K",
  "SOURCE": "911 Call Center",
  "MAGNITUDE": 52,
  "MAGNITUDE_TYPE": "EG",
  "FLOOD_CAUSE": "",
  "CATEGORY": "",
  "TOR_F_SCALE": "",
  "TOR_LENGTH": "",
  "TOR_WIDTH": "",
  "TOR_OTHER_WFO": "",
  "TOR_OTHER_CZ_STATE": "",
  "TOR_OTHER_CZ_FIPS": "",
  "TOR_OTHER_CZ_NAME": "",
  "BEGIN_RANGE": 2,
  "BEGIN_AZIMUTH": "NW",
  "BEGIN_LOCATION": "CHEWSVILLE",
  "END_RANGE": 2,
  "END_AZIMUTH": "NW",
  "END_LOCATION": "CHEWSVILLE",
  "BEGIN_LAT": 39.6664,
  "BEGIN_LON": -77.6501,
  "END_LAT": 39.6664,
  "END_LON": -77.6501,
  "text": "Hot and humid conditions were present across the Mid-Atlantic while a cold front approached from the Ohio Valley. A surface trough strengthen across the region and showers and thunderstorms formed. Some thunderstorms formed and produced damaging winds.",
  "EVENT_NARRATIVE": "There was a tree down across Clopper Road at Old Forge.",
  "DATA_SOURCE": "CSV"
}
