{
  "BEGIN_YEARMONTH": 201409,
  "BEGIN_DAY": 6,
  "BEGIN_TIME": 1632,
  "END_YEARMONTH": 201409,
  "END_DAY": 6,
  "END_TIME": 1632,
  "EPISODE_ID": 90356,
  "EVENT_ID": 542594,
  "STATE": "WEST VIRGINIA",
  "STATE_FIPS": 54,
  "YEAR": 2014,
  "MONTH_NAME": "September",
  "EVENT_TYPE": "Thunderstorm Wind",
  "CZ_TYPE": "C",
  "CZ_FIPS": 37,
  "CZ_NAME": "JEFFERSON",
  "WFO": "LWX",
  "BEGIN_DATE_TIME": "06-SEP-14 16:32:00",
  "CZ_TIMEZONE": "EST-5",
  "END_DATE_TIME": "06-SEP-14 16:32:00",
  "INJURIES_DIRECT": 0,
  "INJURIES_INDIRECT": 0,
  "DEATHS_DIRECT": 0,
  "DEATHS_INDIRECT": 0,
  "DAMAGE_PROPERTY": "0.00K",
  "DAMAGE_CROPS": "0.25K",
  "SOURCE": "Amateur Radio",
  "MAGNITUDE": 52,
  "MAGNITUDE_TYPE": "EG",
  "FLOOD_CAUSE": "",
  "CATEGORY": "",
  "TOR_F_SCALE": "",
  "TOR_LENGTH": "",
  "TOR_WIDTH": "",
  "TOR_OTHER_WFO": "",
  "TOR_OTHER_CZ_STATE": "",
  "TOR_OTHER_CZ_FIPS": "",
  "TOR_OTHER_CZ_NAME": "",
  "BEGIN_RANGE": 2,
  "BEGIN_AZIMUTH": "SW",
  "BEGIN_LOCATION": "SHEPHERDSTOWN",
  "END_RANGE": 2,
  "END_AZIMUTH": "SW",
  "END_LOCATION": "SHEPHERDSTOWN",
  "BEGIN_LAT": 39.41,
  "BEGIN_LON": -77.82,
  "END_LAT": 39.41,
  "END_LON": -77.82,
  "text": "Hot and humid conditions were present across the Mid-Atlantic while a cold front approached from the Ohio Valley. A surface trough strengthen across the region and showers and thunderstorms formed. Some thunderstorms formed and produced damaging winds.",
  "EVENT_NARRATIVE": "There were 6-8 inch in diameter tree branches down.",
  "DATA_SOURCE": "CSV"
}
