{
  "BEGIN_YEARMONTH": 201409,
  "BEGIN_DAY": 18,
  "BEGIN_TIME": 600,
  "END_YEARMONTH": 201409,
  "END_DAY": 19,
  "END_TIME": 1100,
  "EPISODE_ID": 90417,
  "EVENT_ID": 542918,
  "STATE": "KANSAS",
  "STATE_FIPS": 20,
  "YEAR": 2014,
  "MONTH_NAME": "September",
  "EVENT_TYPE": "Flood",
  "CZ_TYPE": "C",
  "CZ_FIPS": 73,
  "CZ_NAME": "GREENWOOD",
  "WFO": "ICT",
  "BEGIN_DATE_TIME": "18-SEP-14 06:00:00",
  "CZ_TIMEZONE": "CST-6",
  "END_DATE_TIME": "19-SEP-14 11:00:00",
  "INJURIES_DIRECT": 0,
  "INJURIES_INDIRECT": 0,
  "DEATHS_DIRECT": 0,
  "DEATHS_INDIRECT": 0,
  "DAMAGE_PROPERTY": "0.00K",
  "DAMAGE_CROPS": "0.00K",
  "SOURCE": "Law Enforcement",
  "MAGNITUDE": "",
  "MAGNITUDE_TYPE": "",
  "FLOOD_CAUSE": "Heavy Rain",
  "CATEGORY": "",
  "TOR_F_SCALE": "",
  "TOR_LENGTH": "",
  "TOR_WIDTH": "",
  "TOR_OTHER_WFO": "",
  "TOR_OTHER_CZ_STATE": "",
  "TOR_OTHER_CZ_FIPS": "",
  "TOR_OTHER_CZ_NAME": "",
  "BEGIN_RANGE": 2,
  "BEGIN_AZIMUTH": "N",
  "BEGIN_LOCATION": "TETERVILLE",
  "END_RANGE": 5,
  "END_AZIMUTH": "S",
  "END_LOCATION": "REECE",
  "BEGIN_LAT": 38.0591,
  "BEGIN_LON": -96.4298,
  "END_LAT": 37.7277,
  "END_LON": -96.449,
  "text": "Widespread heavy rains caused some minor flooding across portions of Southeast Kansas.  Some rainfall amounts accumulated to nearly 6 inches over a 24 hour period.",
  "EVENT_NARRATIVE": "Widespread rains across Greenwood county caused minor inconveniences to county roads.  Several rain reports in the 5 inch range were noted with the highest being 5.63 inches.",
  "DATA_SOURCE": "CSV"
}
