{
  "BEGIN_YEARMONTH": 201408,
  "BEGIN_DAY": 5,
  "BEGIN_TIME": 1400,
  "END_YEARMONTH": 201408,
  "END_DAY": 5,
  "END_TIME": 1600,
  "EPISODE_ID": 90115,
  "EVENT_ID": 541400,
  "STATE": "NEW YORK",
  "STATE_FIPS": 36,
  "YEAR": 2014,
  "MONTH_NAME": "August",
  "EVENT_TYPE": "Flash Flood",
  "CZ_TYPE": "C",
  "CZ_FIPS": 51,
  "CZ_NAME": "LIVINGSTON",
  "WFO": "BUF",
  "BEGIN_DATE_TIME": "05-AUG-14 14:00:00",
  "CZ_TIMEZONE": "EST-5",
  "END_DATE_TIME": "05-AUG-14 16:00:00",
  "INJURIES_DIRECT": 0,
  "INJURIES_INDIRECT": 0,
  "DEATHS_DIRECT": 0,
  "DEATHS_INDIRECT": 0,
  "DAMAGE_PROPERTY": "50.00K",
  "DAMAGE_CROPS": "0.00K",
  "SOURCE": "Law Enforcement",
  "MAGNITUDE": "",
  "MAGNITUDE_TYPE": "",
  "FLOOD_CAUSE": "Heavy Rain",
  "CATEGORY": "",
  "TOR_F_SCALE": "",
  "TOR_LENGTH": "",
  "TOR_WIDTH": "",
  "TOR_OTHER_WFO": "",
  "TOR_OTHER_CZ_STATE": "",
  "TOR_OTHER_CZ_FIPS": "",
  "TOR_OTHER_CZ_NAME": "",
  "BEGIN_RANGE": 1,
  "BEGIN_AZIMUTH": "N",
  "BEGIN_LOCATION": "WHITE BRIDGE",
  "END_RANGE": 0,
  "END_AZIMUTH": "NNW",
  "END_LOCATION": "DANSVILLE",
  "BEGIN_LAT": 42.62,
  "BEGIN_LON": -77.73,
  "END_LAT": 42.5751,
  "END_LON": -77.7032,
  "text": "Showers and thunderstorms developed ahead of an approaching cold front. The heavy rains from the storms fell on already saturated ground and produced localized flash flooding in Sparta. Portions of Routes 36 and 63 were washed out.",
  "EVENT_NARRATIVE": "",
  "DATA_SOURCE": "CSV"
}
