{
  "BEGIN_YEARMONTH": 201407,
  "BEGIN_DAY": 31,
  "BEGIN_TIME": 1206,
  "END_YEARMONTH": 201407,
  "END_DAY": 31,
  "END_TIME": 1206,
  "EPISODE_ID": 88234,
  "EVENT_ID": 532325,
  "STATE": "NEW YORK",
  "STATE_FIPS": 36,
  "YEAR": 2014,
  "MONTH_NAME": "July",
  "EVENT_TYPE": "Thunderstorm Wind",
  "CZ_TYPE": "C",
  "CZ_FIPS": 91,
  "CZ_NAME": "SARATOGA",
  "WFO": "ALY",
  "BEGIN_DATE_TIME": "31-JUL-14 12:06:00",
  "CZ_TIMEZONE": "EST-5",
  "END_DATE_TIME": "31-JUL-14 12:06:00",
  "INJURIES_DIRECT": 0,
  "INJURIES_INDIRECT": 0,
  "DEATHS_DIRECT": 0,
  "DEATHS_INDIRECT": 0,
  "DAMAGE_PROPERTY": "",
  "DAMAGE_CROPS": "",
  "SOURCE": "Social Media",
  "MAGNITUDE": 50,
  "MAGNITUDE_TYPE": "EG",
  "FLOOD_CAUSE": "",
  "CATEGORY": "",
  "TOR_F_SCALE": "",
  "TOR_LENGTH": "",
  "TOR_WIDTH": "",
  "TOR_OTHER_WFO": "",
  "TOR_OTHER_CZ_STATE": "",
  "TOR_OTHER_CZ_FIPS": "",
  "TOR_OTHER_CZ_NAME": "",
  "BEGIN_RANGE": 1,
  "BEGIN_AZIMUTH": "W",
  "BEGIN_LOCATION": "MALTA",
  "END_RANGE": 1,
  "END_AZIMUTH": "W",
  "END_LOCATION": "MALTA",
  "BEGIN_LAT": 42.9711,
  "BEGIN_LON": -73.7931,
  "END_LAT": 42.9711,
  "END_LON": -73.7931,
  "text": "A cold front moved across upstate New York during the early afternoon on Thursday, July 31st.  Ahead of this boundary, the atmosphere was warm and unstable.  A line of showers and thunderstorms developed along the boundary and quickly moved eastward.  One area of the thunderstorms became severe across Saratoga County, producing damaging wind gusts and small hail.  ||The thunderstorms raced eastward into New England by the mid-afternoon, ending the threat for severe weather.",
  "EVENT_NARRATIVE": "Multiple trees were reported down in Malta due to thunderstorm winds.  Some of the downed trees fell on cars as well.",
  "DATA_SOURCE": "CSV"
}
