{
  "BEGIN_YEARMONTH": 201407,
  "BEGIN_DAY": 15,
  "BEGIN_TIME": 1830,
  "END_YEARMONTH": 201407,
  "END_DAY": 15,
  "END_TIME": 2130,
  "EPISODE_ID": 88179,
  "EVENT_ID": 532060,
  "STATE": "NEW YORK",
  "STATE_FIPS": 36,
  "YEAR": 2014,
  "MONTH_NAME": "July",
  "EVENT_TYPE": "Flash Flood",
  "CZ_TYPE": "C",
  "CZ_FIPS": 111,
  "CZ_NAME": "ULSTER",
  "WFO": "ALY",
  "BEGIN_DATE_TIME": "15-JUL-14 18:30:00",
  "CZ_TIMEZONE": "EST-5",
  "END_DATE_TIME": "15-JUL-14 21:30:00",
  "INJURIES_DIRECT": 0,
  "INJURIES_INDIRECT": 0,
  "DEATHS_DIRECT": 0,
  "DEATHS_INDIRECT": 0,
  "DAMAGE_PROPERTY": "0.00K",
  "DAMAGE_CROPS": "0.00K",
  "SOURCE": "911 Call Center",
  "MAGNITUDE": "",
  "MAGNITUDE_TYPE": "",
  "FLOOD_CAUSE": "Heavy Rain",
  "CATEGORY": "",
  "TOR_F_SCALE": "",
  "TOR_LENGTH": "",
  "TOR_WIDTH": "",
  "TOR_OTHER_WFO": "",
  "TOR_OTHER_CZ_STATE": "",
  "TOR_OTHER_CZ_FIPS": "",
  "TOR_OTHER_CZ_NAME": "",
  "BEGIN_RANGE": 1,
  "BEGIN_AZIMUTH": "E",
  "BEGIN_LOCATION": "LAKE HILL",
  "END_RANGE": 1,
  "END_AZIMUTH": "SSW",
  "END_LOCATION": "SHADY",
  "BEGIN_LAT": 42.0678,
  "BEGIN_LON": -74.1609,
  "END_LAT": 42.0679,
  "END_LON": -74.1597,
  "text": "A slow moving cold front approached the region on Tuesday, July 15th.  With a very moist and tropical air mass in place, repeated bands of showers and thunderstorms developed ahead of the boundary.  These showers and thunderstorms produced very heavy downpours in a short period of time, with up to two inches of rain falling over eastern Ulster County.  As a result of the heavy rainfall, flash flooding occurred in the Woodstock area, causing several roads to be closed.  The roads eventually reopened once showers ended and the water receded.",
  "EVENT_NARRATIVE": "Heavy rainfall from thunderstorms caused flash flooding in Woodstock. Macdaniel Road was closed due to high water.",
  "DATA_SOURCE": "CSV"
}
