{
  "BEGIN_YEARMONTH": 201405,
  "BEGIN_DAY": 28,
  "BEGIN_TIME": 1715,
  "END_YEARMONTH": 201405,
  "END_DAY": 28,
  "END_TIME": 1715,
  "EPISODE_ID": 86840,
  "EVENT_ID": 524414,
  "STATE": "VIRGINIA",
  "STATE_FIPS": 51,
  "YEAR": 2014,
  "MONTH_NAME": "May",
  "EVENT_TYPE": "Thunderstorm Wind",
  "CZ_TYPE": "C",
  "CZ_FIPS": 85,
  "CZ_NAME": "HANOVER",
  "WFO": "AKQ",
  "BEGIN_DATE_TIME": "28-MAY-14 17:15:00",
  "CZ_TIMEZONE": "EST-5",
  "END_DATE_TIME": "28-MAY-14 17:15:00",
  "INJURIES_DIRECT": 0,
  "INJURIES_INDIRECT": 0,
  "DEATHS_DIRECT": 0,
  "DEATHS_INDIRECT": 0,
  "DAMAGE_PROPERTY": "2.00K",
  "DAMAGE_CROPS": "0.00K",
  "SOURCE": "State Official",
  "MAGNITUDE": 50,
  "MAGNITUDE_TYPE": "EG",
  "FLOOD_CAUSE": "",
  "CATEGORY": "",
  "TOR_F_SCALE": "",
  "TOR_LENGTH": "",
  "TOR_WIDTH": "",
  "TOR_OTHER_WFO": "",
  "TOR_OTHER_CZ_STATE": "",
  "TOR_OTHER_CZ_FIPS": "",
  "TOR_OTHER_CZ_NAME": "",
  "BEGIN_RANGE": 1,
  "BEGIN_AZIMUTH": "N",
  "BEGIN_LOCATION": "ASHLAND",
  "END_RANGE": 1,
  "END_AZIMUTH": "N",
  "END_LOCATION": "ASHLAND",
  "BEGIN_LAT": 37.76,
  "BEGIN_LON": -77.48,
  "END_LAT": 37.76,
  "END_LON": -77.48,
  "text": "Scattered severe thunderstorms associated with a trough of low pressure produced damaging winds across portions of central Virginia.",
  "EVENT_NARRATIVE": "Trees were downed along East Patrick Henry Road near the train tracks, and also along West Patrick Henry Road just northwest of Ashland.",
  "DATA_SOURCE": "CSV"
}
