{
  "BEGIN_YEARMONTH": 201407,
  "BEGIN_DAY": 13,
  "BEGIN_TIME": 1841,
  "END_YEARMONTH": 201407,
  "END_DAY": 13,
  "END_TIME": 1841,
  "EPISODE_ID": 88177,
  "EVENT_ID": 532057,
  "STATE": "CONNECTICUT",
  "STATE_FIPS": 9,
  "YEAR": 2014,
  "MONTH_NAME": "July",
  "EVENT_TYPE": "Thunderstorm Wind",
  "CZ_TYPE": "C",
  "CZ_FIPS": 5,
  "CZ_NAME": "LITCHFIELD",
  "WFO": "ALY",
  "BEGIN_DATE_TIME": "13-JUL-14 18:41:00",
  "CZ_TIMEZONE": "EST-5",
  "END_DATE_TIME": "13-JUL-14 18:41:00",
  "INJURIES_DIRECT": 0,
  "INJURIES_INDIRECT": 0,
  "DEATHS_DIRECT": 0,
  "DEATHS_INDIRECT": 0,
  "DAMAGE_PROPERTY": "",
  "DAMAGE_CROPS": "",
  "SOURCE": "Trained Spotter",
  "MAGNITUDE": 50,
  "MAGNITUDE_TYPE": "EG",
  "FLOOD_CAUSE": "",
  "CATEGORY": "",
  "TOR_F_SCALE": "",
  "TOR_LENGTH": "",
  "TOR_WIDTH": "",
  "TOR_OTHER_WFO": "",
  "TOR_OTHER_CZ_STATE": "",
  "TOR_OTHER_CZ_FIPS": "",
  "TOR_OTHER_CZ_NAME": "",
  "BEGIN_RANGE": 1,
  "BEGIN_AZIMUTH": "S",
  "BEGIN_LOCATION": "EAST CANAAN",
  "END_RANGE": 1,
  "END_AZIMUTH": "S",
  "END_LOCATION": "EAST CANAAN",
  "BEGIN_LAT": 42.01,
  "BEGIN_LON": -73.28,
  "END_LAT": 42.01,
  "END_LON": -73.28,
  "text": "Although the day began with clouds, breaks in the clouds during the afternoon hours allowed the atmosphere to become unstable over northwestern Connecticut. As a surface trough and upper level shortwave approached from the Great Lakes, thunderstorms broke out over eastern New York. Although the thunderstorms weren't overly tall, strong winds aloft allowed the storms to rotate and produce damaging wind gusts, mainly to trees, across Ulster and Dutchess Counties during the evening hours. As these thunderstorms moved into northwestern Connecticut, one of the storms produced wind damage across Litchfield County.  With the loss of daytime heating, thunderstorms weakened and ended by the late-evening hours, ending the threat for severe weather.",
  "EVENT_NARRATIVE": "A tree was reported down due to thunderstorm winds in East Canaan.",
  "DATA_SOURCE": "CSV"
}
