{
  "BEGIN_YEARMONTH": 201408,
  "BEGIN_DAY": 31,
  "BEGIN_TIME": 2352,
  "END_YEARMONTH": 201408,
  "END_DAY": 31,
  "END_TIME": 2352,
  "EPISODE_ID": 88548,
  "EVENT_ID": 543372,
  "STATE": "KANSAS",
  "STATE_FIPS": 20,
  "YEAR": 2014,
  "MONTH_NAME": "August",
  "EVENT_TYPE": "Thunderstorm Wind",
  "CZ_TYPE": "C",
  "CZ_FIPS": 115,
  "CZ_NAME": "MARION",
  "WFO": "ICT",
  "BEGIN_DATE_TIME": "31-AUG-14 23:52:00",
  "CZ_TIMEZONE": "CST-6",
  "END_DATE_TIME": "31-AUG-14 23:52:00",
  "INJURIES_DIRECT": 0,
  "INJURIES_INDIRECT": 0,
  "DEATHS_DIRECT": 0,
  "DEATHS_INDIRECT": 0,
  "DAMAGE_PROPERTY": "",
  "DAMAGE_CROPS": "",
  "SOURCE": "Mesonet",
  "MAGNITUDE": 53,
  "MAGNITUDE_TYPE": "EG",
  "FLOOD_CAUSE": "",
  "CATEGORY": "",
  "TOR_F_SCALE": "",
  "TOR_LENGTH": "",
  "TOR_WIDTH": "",
  "TOR_OTHER_WFO": "",
  "TOR_OTHER_CZ_STATE": "",
  "TOR_OTHER_CZ_FIPS": "",
  "TOR_OTHER_CZ_NAME": "",
  "BEGIN_RANGE": 2,
  "BEGIN_AZIMUTH": "W",
  "BEGIN_LOCATION": "PEABODY",
  "END_RANGE": 2,
  "END_AZIMUTH": "W",
  "END_LOCATION": "PEABODY",
  "BEGIN_LAT": 38.1746,
  "BEGIN_LON": -97.1348,
  "END_LAT": 38.1746,
  "END_LON": -97.1348,
  "text": "A few severe thunderstorms struck parts of Central Kansas from late in the afternoon until late in the evening on the 31st.",
  "EVENT_NARRATIVE": "The gust was measured by a KDOT mesonet site.",
  "DATA_SOURCE": "CSV"
}
