{
  "BEGIN_YEARMONTH": 201406,
  "BEGIN_DAY": 3,
  "BEGIN_TIME": 1800,
  "END_YEARMONTH": 201406,
  "END_DAY": 3,
  "END_TIME": 1945,
  "EPISODE_ID": 85096,
  "EVENT_ID": 517426,
  "STATE": "MASSACHUSETTS",
  "STATE_FIPS": 25,
  "YEAR": 2014,
  "MONTH_NAME": "June",
  "EVENT_TYPE": "Flash Flood",
  "CZ_TYPE": "C",
  "CZ_FIPS": 3,
  "CZ_NAME": "BERKSHIRE",
  "WFO": "ALY",
  "BEGIN_DATE_TIME": "03-JUN-14 18:00:00",
  "CZ_TIMEZONE": "EST-5",
  "END_DATE_TIME": "03-JUN-14 19:45:00",
  "INJURIES_DIRECT": 0,
  "INJURIES_INDIRECT": 0,
  "DEATHS_DIRECT": 0,
  "DEATHS_INDIRECT": 0,
  "DAMAGE_PROPERTY": "10.00K",
  "DAMAGE_CROPS": "0.00K",
  "SOURCE": "Public",
  "MAGNITUDE": "",
  "MAGNITUDE_TYPE": "",
  "FLOOD_CAUSE": "Heavy Rain",
  "CATEGORY": "",
  "TOR_F_SCALE": "",
  "TOR_LENGTH": "",
  "TOR_WIDTH": "",
  "TOR_OTHER_WFO": "",
  "TOR_OTHER_CZ_STATE": "",
  "TOR_OTHER_CZ_FIPS": "",
  "TOR_OTHER_CZ_NAME": "",
  "BEGIN_RANGE": 2,
  "BEGIN_AZIMUTH": "NNW",
  "BEGIN_LOCATION": "WEST STOCKBRIDGE",
  "END_RANGE": 2,
  "END_AZIMUTH": "NNW",
  "END_LOCATION": "WEST STOCKBRIDGE",
  "BEGIN_LAT": 42.3521,
  "BEGIN_LON": -73.3413,
  "END_LAT": 42.3536,
  "END_LON": -73.3434,
  "text": "Ahead of a slow moving cold front, a southerly flow transported plenty of moisture into the region during the day on Tuesday, June 3rd. With a moist and unstable air mass in place, plenty of slow moving showers and thunderstorms developed ahead of the approaching boundary. Some of these thunderstorms produced very heavy rain in a short period of time. This led to some flash flooding, especially in urban and poor drainage areas. In addition, a few of the thunderstorms also produced strong wind gusts, which caused damage to trees and power lines. By the late evening, the threat for thunderstorms ended, as the frontal boundary pushed through and less humid air moved into the region.",
  "EVENT_NARRATIVE": "A portion of Lenox Branch Road in West Stockbridge was washed out due to flash flooding from thunderstorm heavy rainfall.",
  "DATA_SOURCE": "CSV"
}
