{
  "BEGIN_YEARMONTH": 201409,
  "BEGIN_DAY": 9,
  "BEGIN_TIME": 1650,
  "END_YEARMONTH": 201409,
  "END_DAY": 9,
  "END_TIME": 1650,
  "EPISODE_ID": 90542,
  "EVENT_ID": 543359,
  "STATE": "KANSAS",
  "STATE_FIPS": 20,
  "YEAR": 2014,
  "MONTH_NAME": "September",
  "EVENT_TYPE": "Hail",
  "CZ_TYPE": "C",
  "CZ_FIPS": 105,
  "CZ_NAME": "LINCOLN",
  "WFO": "ICT",
  "BEGIN_DATE_TIME": "09-SEP-14 16:50:00",
  "CZ_TIMEZONE": "CST-6",
  "END_DATE_TIME": "09-SEP-14 16:50:00",
  "INJURIES_DIRECT": 0,
  "INJURIES_INDIRECT": 0,
  "DEATHS_DIRECT": 0,
  "DEATHS_INDIRECT": 0,
  "DAMAGE_PROPERTY": "",
  "DAMAGE_CROPS": "",
  "SOURCE": "Law Enforcement",
  "MAGNITUDE": 0.88,
  "MAGNITUDE_TYPE": "",
  "FLOOD_CAUSE": "",
  "CATEGORY": "",
  "TOR_F_SCALE": "",
  "TOR_LENGTH": "",
  "TOR_WIDTH": "",
  "TOR_OTHER_WFO": "",
  "TOR_OTHER_CZ_STATE": "",
  "TOR_OTHER_CZ_FIPS": "",
  "TOR_OTHER_CZ_NAME": "",
  "BEGIN_RANGE": 0,
  "BEGIN_AZIMUTH": "N",
  "BEGIN_LOCATION": "ASH GROVE",
  "END_RANGE": 0,
  "END_AZIMUTH": "N",
  "END_LOCATION": "ASH GROVE",
  "BEGIN_LAT": 39.17,
  "BEGIN_LON": -98.35,
  "END_LAT": 39.17,
  "END_LON": -98.35,
  "text": "An elongated low pressure moved into the plains on the afternoon of September 9th, 2014.  This low pressure and warm moist air pushing into northern Kansas and southern Nebraska led to the development of severe storms across portions of north and Central Kansas.  The storms produced large hail and some reports of damaging winds.",
  "EVENT_NARRATIVE": "",
  "DATA_SOURCE": "CSV"
}
