{
  "BEGIN_YEARMONTH": 201407,
  "BEGIN_DAY": 23,
  "BEGIN_TIME": 1621,
  "END_YEARMONTH": 201407,
  "END_DAY": 23,
  "END_TIME": 1621,
  "EPISODE_ID": 88207,
  "EVENT_ID": 532130,
  "STATE": "NEW YORK",
  "STATE_FIPS": 36,
  "YEAR": 2014,
  "MONTH_NAME": "July",
  "EVENT_TYPE": "Thunderstorm Wind",
  "CZ_TYPE": "C",
  "CZ_FIPS": 83,
  "CZ_NAME": "RENSSELAER",
  "WFO": "ALY",
  "BEGIN_DATE_TIME": "23-JUL-14 16:21:00",
  "CZ_TIMEZONE": "EST-5",
  "END_DATE_TIME": "23-JUL-14 16:21:00",
  "INJURIES_DIRECT": 0,
  "INJURIES_INDIRECT": 0,
  "DEATHS_DIRECT": 0,
  "DEATHS_INDIRECT": 0,
  "DAMAGE_PROPERTY": "",
  "DAMAGE_CROPS": "",
  "SOURCE": "Law Enforcement",
  "MAGNITUDE": 50,
  "MAGNITUDE_TYPE": "EG",
  "FLOOD_CAUSE": "",
  "CATEGORY": "",
  "TOR_F_SCALE": "",
  "TOR_LENGTH": "",
  "TOR_WIDTH": "",
  "TOR_OTHER_WFO": "",
  "TOR_OTHER_CZ_STATE": "",
  "TOR_OTHER_CZ_FIPS": "",
  "TOR_OTHER_CZ_NAME": "",
  "BEGIN_RANGE": 2,
  "BEGIN_AZIMUTH": "ESE",
  "BEGIN_LOCATION": "SPEIGLETOWN",
  "END_RANGE": 2,
  "END_AZIMUTH": "ESE",
  "END_LOCATION": "SPEIGLETOWN",
  "BEGIN_LAT": 42.7943,
  "BEGIN_LON": -73.6207,
  "END_LAT": 42.7943,
  "END_LON": -73.6207,
  "text": "A hot and humid air mass was in place on Wednesday, July 23rd, allowing the atmosphere to become quite unstable.  As a cold front approached from the west, clusters of thunderstorms developed during the afternoon and early evening hours.  Some of these thunderstorms became severe, producing damaging winds and large hail.  Thunderstorms moved east and weakened by the late evening hours, as the cold front crossed the region.",
  "EVENT_NARRATIVE": "Trees and wires were reported down on Plank Road in Speigletown due to thunderstorm winds.",
  "DATA_SOURCE": "CSV"
}
