{
  "BEGIN_YEARMONTH": 201406,
  "BEGIN_DAY": 17,
  "BEGIN_TIME": 2135,
  "END_YEARMONTH": 201406,
  "END_DAY": 17,
  "END_TIME": 2135,
  "EPISODE_ID": 85876,
  "EVENT_ID": 518494,
  "STATE": "NEW YORK",
  "STATE_FIPS": 36,
  "YEAR": 2014,
  "MONTH_NAME": "June",
  "EVENT_TYPE": "Thunderstorm Wind",
  "CZ_TYPE": "C",
  "CZ_FIPS": 43,
  "CZ_NAME": "HERKIMER",
  "WFO": "ALY",
  "BEGIN_DATE_TIME": "17-JUN-14 21:35:00",
  "CZ_TIMEZONE": "EST-5",
  "END_DATE_TIME": "17-JUN-14 21:35:00",
  "INJURIES_DIRECT": 0,
  "INJURIES_INDIRECT": 0,
  "DEATHS_DIRECT": 0,
  "DEATHS_INDIRECT": 0,
  "DAMAGE_PROPERTY": "",
  "DAMAGE_CROPS": "",
  "SOURCE": "Law Enforcement",
  "MAGNITUDE": 65,
  "MAGNITUDE_TYPE": "EG",
  "FLOOD_CAUSE": "",
  "CATEGORY": "",
  "TOR_F_SCALE": "",
  "TOR_LENGTH": "",
  "TOR_WIDTH": "",
  "TOR_OTHER_WFO": "",
  "TOR_OTHER_CZ_STATE": "",
  "TOR_OTHER_CZ_FIPS": "",
  "TOR_OTHER_CZ_NAME": "",
  "BEGIN_RANGE": 1,
  "BEGIN_AZIMUTH": "N",
  "BEGIN_LOCATION": "SOUTH COLUMBIA",
  "END_RANGE": 1,
  "END_AZIMUTH": "N",
  "END_LOCATION": "SOUTH COLUMBIA",
  "BEGIN_LAT": 42.89,
  "BEGIN_LON": -75.0017,
  "END_LAT": 42.89,
  "END_LON": -75.0017,
  "text": "A warm and humid air mass was in place on the evening of Tuesday, June 17th.   A strong cold front moved across the region from west to east between late in the evening on Tuesday, June 17th and the early morning hours of Wednesday, June 18th.  Along and just ahead of this boundary, a line of severe thunderstorms in the form of a squall line raced from west to east across the area.  These storms produced significant wind damage across eastern New York.  The thunderstorms weakened somewhat as they reached the border with western New England as instability started to wane.  The threat for thunderstorms ended with the passage of the cold front by the late night hours, as drier and less humid air worked into the region.",
  "EVENT_NARRATIVE": "A three story barn was blown across a road as a result of thunderstorm winds in Schuyler Corners.  The barn damaged a house on the other side of the street.",
  "DATA_SOURCE": "CSV"
}
