{
  "BEGIN_YEARMONTH": 201406,
  "BEGIN_DAY": 13,
  "BEGIN_TIME": 1830,
  "END_YEARMONTH": 201406,
  "END_DAY": 13,
  "END_TIME": 2345,
  "EPISODE_ID": 85684,
  "EVENT_ID": 517462,
  "STATE": "NEW YORK",
  "STATE_FIPS": 36,
  "YEAR": 2014,
  "MONTH_NAME": "June",
  "EVENT_TYPE": "Flash Flood",
  "CZ_TYPE": "C",
  "CZ_FIPS": 43,
  "CZ_NAME": "HERKIMER",
  "WFO": "ALY",
  "BEGIN_DATE_TIME": "13-JUN-14 18:30:00",
  "CZ_TIMEZONE": "EST-5",
  "END_DATE_TIME": "13-JUN-14 23:45:00",
  "INJURIES_DIRECT": 0,
  "INJURIES_INDIRECT": 0,
  "DEATHS_DIRECT": 0,
  "DEATHS_INDIRECT": 0,
  "DAMAGE_PROPERTY": "0.00K",
  "DAMAGE_CROPS": "0.00K",
  "SOURCE": "Law Enforcement",
  "MAGNITUDE": "",
  "MAGNITUDE_TYPE": "",
  "FLOOD_CAUSE": "Heavy Rain",
  "CATEGORY": "",
  "TOR_F_SCALE": "",
  "TOR_LENGTH": "",
  "TOR_WIDTH": "",
  "TOR_OTHER_WFO": "",
  "TOR_OTHER_CZ_STATE": "",
  "TOR_OTHER_CZ_FIPS": "",
  "TOR_OTHER_CZ_NAME": "",
  "BEGIN_RANGE": 2,
  "BEGIN_AZIMUTH": "NNW",
  "BEGIN_LOCATION": "EAST HERKIMER",
  "END_RANGE": 2,
  "END_AZIMUTH": "NNW",
  "END_LOCATION": "EAST HERKIMER",
  "BEGIN_LAT": 43.053,
  "BEGIN_LON": -74.9805,
  "END_LAT": 43.0508,
  "END_LON": -74.9882,
  "text": "A warm front was draped across the region during the late afternoon and early evening hours on Friday, June 13th, while a cold front slowly approached from western New York.  ||The combination of these fronts allowed repeated rounds of slow moving thunderstorms to move across the Mohawk Valley during the late afternoon and early evening hours.  With above-normal amounts of moisture in place, rain fell very heavily across the region in a short period of time.  This led to flash flooding, with roads being washed out and a few homes being impacted by water in Montgomery County.  By the late evening hours, the fronts crossed through the region and the threat for thunderstorms ended, allowing water to recede.",
  "EVENT_NARRATIVE": "Flash flooding was reported from thunderstorm heavy rain near Herkimer.  About a foot of water was flowing across Shells Bush Road.",
  "DATA_SOURCE": "CSV"
}
