{
  "BEGIN_YEARMONTH": 201408,
  "BEGIN_DAY": 1,
  "BEGIN_TIME": 2000,
  "END_YEARMONTH": 201408,
  "END_DAY": 1,
  "END_TIME": 2000,
  "EPISODE_ID": 90090,
  "EVENT_ID": 541294,
  "STATE": "NEW YORK",
  "STATE_FIPS": 36,
  "YEAR": 2014,
  "MONTH_NAME": "August",
  "EVENT_TYPE": "Thunderstorm Wind",
  "CZ_TYPE": "C",
  "CZ_FIPS": 9,
  "CZ_NAME": "CATTARAUGUS",
  "WFO": "BUF",
  "BEGIN_DATE_TIME": "01-AUG-14 20:00:00",
  "CZ_TIMEZONE": "EST-5",
  "END_DATE_TIME": "01-AUG-14 20:00:00",
  "INJURIES_DIRECT": 0,
  "INJURIES_INDIRECT": 0,
  "DEATHS_DIRECT": 0,
  "DEATHS_INDIRECT": 0,
  "DAMAGE_PROPERTY": "10.00K",
  "DAMAGE_CROPS": "0.00K",
  "SOURCE": "Law Enforcement",
  "MAGNITUDE": 50,
  "MAGNITUDE_TYPE": "EG",
  "FLOOD_CAUSE": "",
  "CATEGORY": "",
  "TOR_F_SCALE": "",
  "TOR_LENGTH": "",
  "TOR_WIDTH": "",
  "TOR_OTHER_WFO": "",
  "TOR_OTHER_CZ_STATE": "",
  "TOR_OTHER_CZ_FIPS": "",
  "TOR_OTHER_CZ_NAME": "",
  "BEGIN_RANGE": 1,
  "BEGIN_AZIMUTH": "SSW",
  "BEGIN_LOCATION": "HINSDALE",
  "END_RANGE": 1,
  "END_AZIMUTH": "SSW",
  "END_LOCATION": "HINSDALE",
  "BEGIN_LAT": 42.15,
  "BEGIN_LON": -78.39,
  "END_LAT": 42.15,
  "END_LON": -78.39,
  "text": "Thunderstorms developed during the late evening hours over parts of the western southern tier. Isolated storms in Cattaraugus county produced damaging winds that downed trees and power lines in Hinsdale and Olean.",
  "EVENT_NARRATIVE": "Law enforcement reported downed trees blocking several roads.",
  "DATA_SOURCE": "CSV"
}
