{
  "BEGIN_YEARMONTH": 201407,
  "BEGIN_DAY": 23,
  "BEGIN_TIME": 1640,
  "END_YEARMONTH": 201407,
  "END_DAY": 23,
  "END_TIME": 1640,
  "EPISODE_ID": 88207,
  "EVENT_ID": 532126,
  "STATE": "NEW YORK",
  "STATE_FIPS": 36,
  "YEAR": 2014,
  "MONTH_NAME": "July",
  "EVENT_TYPE": "Lightning",
  "CZ_TYPE": "C",
  "CZ_FIPS": 91,
  "CZ_NAME": "SARATOGA",
  "WFO": "ALY",
  "BEGIN_DATE_TIME": "23-JUL-14 16:40:00",
  "CZ_TIMEZONE": "EST-5",
  "END_DATE_TIME": "23-JUL-14 16:40:00",
  "INJURIES_DIRECT": 0,
  "INJURIES_INDIRECT": 0,
  "DEATHS_DIRECT": 0,
  "DEATHS_INDIRECT": 0,
  "DAMAGE_PROPERTY": "5.00K",
  "DAMAGE_CROPS": "0.00K",
  "SOURCE": "Broadcast Media",
  "MAGNITUDE": "",
  "MAGNITUDE_TYPE": "",
  "FLOOD_CAUSE": "",
  "CATEGORY": "",
  "TOR_F_SCALE": "",
  "TOR_LENGTH": "",
  "TOR_WIDTH": "",
  "TOR_OTHER_WFO": "",
  "TOR_OTHER_CZ_STATE": "",
  "TOR_OTHER_CZ_FIPS": "",
  "TOR_OTHER_CZ_NAME": "",
  "BEGIN_RANGE": 1,
  "BEGIN_AZIMUTH": "ESE",
  "BEGIN_LOCATION": "SARATOGA SPGS",
  "END_RANGE": 1,
  "END_AZIMUTH": "ESE",
  "END_LOCATION": "SARATOGA SPGS",
  "BEGIN_LAT": 43.0742,
  "BEGIN_LON": -73.7724,
  "END_LAT": 43.0742,
  "END_LON": -73.7724,
  "text": "A hot and humid air mass was in place on Wednesday, July 23rd, allowing the atmosphere to become quite unstable.  As a cold front approached from the west, clusters of thunderstorms developed during the afternoon and early evening hours.  Some of these thunderstorms became severe, producing damaging winds and large hail.  Thunderstorms moved east and weakened by the late evening hours, as the cold front crossed the region.",
  "EVENT_NARRATIVE": "A large 100 foot pine tree was struck by lightning at the Saratoga Race Course in Saratoga Springs.  Pieces of the downed tree destroyed about a dozen picnic tables and the Dogs and Brews tent.  Some of the debris was scattered nearly 100 feet away from the tree that was struck.  The lightning strike occurred about 20 minutes after the last race of the day had ended and most people had already left the area.  As a result, no injuries were reported.",
  "DATA_SOURCE": "CSV"
}
