{
  "BEGIN_YEARMONTH": 201408,
  "BEGIN_DAY": 1,
  "BEGIN_TIME": 0,
  "END_YEARMONTH": 201408,
  "END_DAY": 19,
  "END_TIME": 1200,
  "EPISODE_ID": 90159,
  "EVENT_ID": 541668,
  "STATE": "ARIZONA",
  "STATE_FIPS": 4,
  "YEAR": 2014,
  "MONTH_NAME": "August",
  "EVENT_TYPE": "Drought",
  "CZ_TYPE": "Z",
  "CZ_FIPS": 507,
  "CZ_NAME": "UPPER SAN PEDRO RIVER VALLEY",
  "WFO": "TWC",
  "BEGIN_DATE_TIME": "01-AUG-14 00:00:00",
  "CZ_TIMEZONE": "MST-7",
  "END_DATE_TIME": "19-AUG-14 12:00:00",
  "INJURIES_DIRECT": 0,
  "INJURIES_INDIRECT": 0,
  "DEATHS_DIRECT": 0,
  "DEATHS_INDIRECT": 0,
  "DAMAGE_PROPERTY": "0.00K",
  "DAMAGE_CROPS": "",
  "SOURCE": "Drought Monitor",
  "MAGNITUDE": "",
  "MAGNITUDE_TYPE": "",
  "FLOOD_CAUSE": "",
  "CATEGORY": "",
  "TOR_F_SCALE": "",
  "TOR_LENGTH": "",
  "TOR_WIDTH": "",
  "TOR_OTHER_WFO": "",
  "TOR_OTHER_CZ_STATE": "",
  "TOR_OTHER_CZ_FIPS": "",
  "TOR_OTHER_CZ_NAME": "",
  "BEGIN_RANGE": "",
  "BEGIN_AZIMUTH": "",
  "BEGIN_LOCATION": "",
  "END_RANGE": "",
  "END_AZIMUTH": "",
  "END_LOCATION": "",
  "BEGIN_LAT": "",
  "BEGIN_LON": "",
  "END_LAT": "",
  "END_LON": "",
  "text": "Extreme drought (D3) conditions continued across part of southeast Arizona during August, but the overall area was reduced due to monsoonal rainfall. Portions of Cochise, Greenlee, Pima and northern Graham counties improved into the severe or moderate drought categories by month's end.  Western Graham and southeast Pinal counties remained in the extreme drought category.",
  "EVENT_NARRATIVE": "By mid August, extreme drought (D3) conditions were reduced to the severe (D2) category across the San Pedro River Valley in extreme northeast Pima and northwest Cochise Counties as a result of significant late July and early August rainfall.",
  "DATA_SOURCE": "CSV"
}
