{
  "BEGIN_YEARMONTH": 201411,
  "BEGIN_DAY": 23,
  "BEGIN_TIME": 1840,
  "END_YEARMONTH": 201411,
  "END_DAY": 23,
  "END_TIME": 1844,
  "EPISODE_ID": 90602,
  "EVENT_ID": 543622,
  "STATE": "SOUTH CAROLINA",
  "STATE_FIPS": 45,
  "YEAR": 2014,
  "MONTH_NAME": "November",
  "EVENT_TYPE": "Thunderstorm Wind",
  "CZ_TYPE": "C",
  "CZ_FIPS": 37,
  "CZ_NAME": "EDGEFIELD",
  "WFO": "CAE",
  "BEGIN_DATE_TIME": "23-NOV-14 18:40:00",
  "CZ_TIMEZONE": "EST-5",
  "END_DATE_TIME": "23-NOV-14 18:44:00",
  "INJURIES_DIRECT": 0,
  "INJURIES_INDIRECT": 0,
  "DEATHS_DIRECT": 0,
  "DEATHS_INDIRECT": 0,
  "DAMAGE_PROPERTY": "14.00K",
  "DAMAGE_CROPS": "0.00K",
  "SOURCE": "Emergency Manager",
  "MAGNITUDE": 55,
  "MAGNITUDE_TYPE": "EG",
  "FLOOD_CAUSE": "",
  "CATEGORY": "",
  "TOR_F_SCALE": "",
  "TOR_LENGTH": "",
  "TOR_WIDTH": "",
  "TOR_OTHER_WFO": "",
  "TOR_OTHER_CZ_STATE": "",
  "TOR_OTHER_CZ_FIPS": "",
  "TOR_OTHER_CZ_NAME": "",
  "BEGIN_RANGE": 0,
  "BEGIN_AZIMUTH": "N",
  "BEGIN_LOCATION": "EDGEFIELD",
  "END_RANGE": 0,
  "END_AZIMUTH": "N",
  "END_LOCATION": "EDGEFIELD",
  "BEGIN_LAT": 33.78,
  "BEGIN_LON": -81.92,
  "END_LAT": 33.78,
  "END_LON": -81.92,
  "text": "A line of thunderstorms produced strong winds that took down trees, powerlines, and street lights.",
  "EVENT_NARRATIVE": "EM reported several trees down in the eastern portions of the county. One fell on a vehicle.",
  "DATA_SOURCE": "CSV"
}
