{
  "BEGIN_YEARMONTH": 201408,
  "BEGIN_DAY": 6,
  "BEGIN_TIME": 1720,
  "END_YEARMONTH": 201408,
  "END_DAY": 6,
  "END_TIME": 1725,
  "EPISODE_ID": 89872,
  "EVENT_ID": 540600,
  "STATE": "MAINE",
  "STATE_FIPS": 23,
  "YEAR": 2014,
  "MONTH_NAME": "August",
  "EVENT_TYPE": "Thunderstorm Wind",
  "CZ_TYPE": "C",
  "CZ_FIPS": 5,
  "CZ_NAME": "CUMBERLAND",
  "WFO": "GYX",
  "BEGIN_DATE_TIME": "06-AUG-14 17:20:00",
  "CZ_TIMEZONE": "EST-5",
  "END_DATE_TIME": "06-AUG-14 17:25:00",
  "INJURIES_DIRECT": 0,
  "INJURIES_INDIRECT": 0,
  "DEATHS_DIRECT": 0,
  "DEATHS_INDIRECT": 0,
  "DAMAGE_PROPERTY": "0.00K",
  "DAMAGE_CROPS": "0.00K",
  "SOURCE": "Fire Department/Rescue",
  "MAGNITUDE": 50,
  "MAGNITUDE_TYPE": "EG",
  "FLOOD_CAUSE": "",
  "CATEGORY": "",
  "TOR_F_SCALE": "",
  "TOR_LENGTH": "",
  "TOR_WIDTH": "",
  "TOR_OTHER_WFO": "",
  "TOR_OTHER_CZ_STATE": "",
  "TOR_OTHER_CZ_FIPS": "",
  "TOR_OTHER_CZ_NAME": "",
  "BEGIN_RANGE": 1,
  "BEGIN_AZIMUTH": "E",
  "BEGIN_LOCATION": "COOKS CORNER",
  "END_RANGE": 1,
  "END_AZIMUTH": "E",
  "END_LOCATION": "COOKS CORNER",
  "BEGIN_LAT": 43.9,
  "BEGIN_LON": -69.91,
  "END_LAT": 43.9,
  "END_LON": -69.91,
  "text": "Another in a series of weak cold fronts dropped south through the region on the afternoon of the 6th. Convection developed during the late afternoon with several cells becoming severe through early evening. Wind damage was the primary threat with these storms, although one report of large hail was noted.",
  "EVENT_NARRATIVE": "A severe thunderstorm downed trees and wires across Enterprise Drive near Brunswick.",
  "DATA_SOURCE": "CSV"
}
