{
  "BEGIN_YEARMONTH": 201406,
  "BEGIN_DAY": 13,
  "BEGIN_TIME": 1600,
  "END_YEARMONTH": 201406,
  "END_DAY": 13,
  "END_TIME": 2141,
  "EPISODE_ID": 85684,
  "EVENT_ID": 517445,
  "STATE": "NEW YORK",
  "STATE_FIPS": 36,
  "YEAR": 2014,
  "MONTH_NAME": "June",
  "EVENT_TYPE": "Flash Flood",
  "CZ_TYPE": "C",
  "CZ_FIPS": 57,
  "CZ_NAME": "MONTGOMERY",
  "WFO": "ALY",
  "BEGIN_DATE_TIME": "13-JUN-14 16:00:00",
  "CZ_TIMEZONE": "EST-5",
  "END_DATE_TIME": "13-JUN-14 21:41:00",
  "INJURIES_DIRECT": 0,
  "INJURIES_INDIRECT": 0,
  "DEATHS_DIRECT": 0,
  "DEATHS_INDIRECT": 0,
  "DAMAGE_PROPERTY": "0.00K",
  "DAMAGE_CROPS": "0.00K",
  "SOURCE": "Law Enforcement",
  "MAGNITUDE": "",
  "MAGNITUDE_TYPE": "",
  "FLOOD_CAUSE": "Heavy Rain",
  "CATEGORY": "",
  "TOR_F_SCALE": "",
  "TOR_LENGTH": "",
  "TOR_WIDTH": "",
  "TOR_OTHER_WFO": "",
  "TOR_OTHER_CZ_STATE": "",
  "TOR_OTHER_CZ_FIPS": "",
  "TOR_OTHER_CZ_NAME": "",
  "BEGIN_RANGE": 2,
  "BEGIN_AZIMUTH": "SW",
  "BEGIN_LOCATION": "FONDA",
  "END_RANGE": 2,
  "END_AZIMUTH": "SW",
  "END_LOCATION": "FULTONVILLE",
  "BEGIN_LAT": 42.9267,
  "BEGIN_LON": -74.4214,
  "END_LAT": 42.9127,
  "END_LON": -74.3944,
  "text": "A warm front was draped across the region during the late afternoon and early evening hours on Friday, June 13th, while a cold front slowly approached from western New York.  ||The combination of these fronts allowed repeated rounds of slow moving thunderstorms to move across the Mohawk Valley during the late afternoon and early evening hours.  With above-normal amounts of moisture in place, rain fell very heavily across the region in a short period of time.  This led to flash flooding, with roads being washed out and a few homes being impacted by water in Montgomery County.  By the late evening hours, the fronts crossed through the region and the threat for thunderstorms ended, allowing water to recede.",
  "EVENT_NARRATIVE": "Heavy rain from thunderstorms caused flash flooding on the Van Wie Creek in the town of Root.  This caused Argersinger Road, Brumley Road and Anderson Road to be closed.  In addition, residents from five homes along Argersinger Road had to be evacuated due to rising flood waters. Debris from flooding washed up on State Route 5S as well.",
  "DATA_SOURCE": "CSV"
}
