{
  "BEGIN_YEARMONTH": 201409,
  "BEGIN_DAY": 4,
  "BEGIN_TIME": 600,
  "END_YEARMONTH": 201409,
  "END_DAY": 5,
  "END_TIME": 600,
  "EPISODE_ID": 90305,
  "EVENT_ID": 542733,
  "STATE": "MICHIGAN",
  "STATE_FIPS": 26,
  "YEAR": 2014,
  "MONTH_NAME": "September",
  "EVENT_TYPE": "Heavy Rain",
  "CZ_TYPE": "C",
  "CZ_FIPS": 109,
  "CZ_NAME": "MENOMINEE",
  "WFO": "MQT",
  "BEGIN_DATE_TIME": "04-SEP-14 06:00:00",
  "CZ_TIMEZONE": "CST-6",
  "END_DATE_TIME": "05-SEP-14 06:00:00",
  "INJURIES_DIRECT": 0,
  "INJURIES_INDIRECT": 0,
  "DEATHS_DIRECT": 0,
  "DEATHS_INDIRECT": 0,
  "DAMAGE_PROPERTY": "0.00K",
  "DAMAGE_CROPS": "0.00K",
  "SOURCE": "AWOS",
  "MAGNITUDE": "",
  "MAGNITUDE_TYPE": "",
  "FLOOD_CAUSE": "",
  "CATEGORY": "",
  "TOR_F_SCALE": "",
  "TOR_LENGTH": "",
  "TOR_WIDTH": "",
  "TOR_OTHER_WFO": "",
  "TOR_OTHER_CZ_STATE": "",
  "TOR_OTHER_CZ_FIPS": "",
  "TOR_OTHER_CZ_NAME": "",
  "BEGIN_RANGE": 0,
  "BEGIN_AZIMUTH": "NW",
  "BEGIN_LOCATION": "(MNM)TWIN CO APT MEN",
  "END_RANGE": 0,
  "END_AZIMUTH": "NW",
  "END_LOCATION": "(MNM)TWIN CO APT MEN",
  "BEGIN_LAT": 45.12,
  "BEGIN_LON": -87.63,
  "END_LAT": 45.12,
  "END_LON": -87.63,
  "text": "Frontal boundaries from a low pressure system tracking through northwest Ontario produced heavy rain and a few severe thunderstorms over south central Upper Michigan from the 4th into the early morning of the 5th.",
  "EVENT_NARRATIVE": "The Menominee Airport measured 3.33 inches of rain in 24 hours.",
  "DATA_SOURCE": "CSV"
}
