{
  "BEGIN_YEARMONTH": 201409,
  "BEGIN_DAY": 20,
  "BEGIN_TIME": 1834,
  "END_YEARMONTH": 201409,
  "END_DAY": 20,
  "END_TIME": 1834,
  "EPISODE_ID": 89794,
  "EVENT_ID": 540323,
  "STATE": "MICHIGAN",
  "STATE_FIPS": 26,
  "YEAR": 2014,
  "MONTH_NAME": "September",
  "EVENT_TYPE": "Thunderstorm Wind",
  "CZ_TYPE": "C",
  "CZ_FIPS": 163,
  "CZ_NAME": "WAYNE",
  "WFO": "DTX",
  "BEGIN_DATE_TIME": "20-SEP-14 18:34:00",
  "CZ_TIMEZONE": "EST-5",
  "END_DATE_TIME": "20-SEP-14 18:34:00",
  "INJURIES_DIRECT": 0,
  "INJURIES_INDIRECT": 0,
  "DEATHS_DIRECT": 0,
  "DEATHS_INDIRECT": 0,
  "DAMAGE_PROPERTY": "0.00K",
  "DAMAGE_CROPS": "0.00K",
  "SOURCE": "Public",
  "MAGNITUDE": 50,
  "MAGNITUDE_TYPE": "EG",
  "FLOOD_CAUSE": "",
  "CATEGORY": "",
  "TOR_F_SCALE": "",
  "TOR_LENGTH": "",
  "TOR_WIDTH": "",
  "TOR_OTHER_WFO": "",
  "TOR_OTHER_CZ_STATE": "",
  "TOR_OTHER_CZ_FIPS": "",
  "TOR_OTHER_CZ_NAME": "",
  "BEGIN_RANGE": 2,
  "BEGIN_AZIMUTH": "SSE",
  "BEGIN_LOCATION": "WEST SUMPTER",
  "END_RANGE": 2,
  "END_AZIMUTH": "SSE",
  "END_LOCATION": "WEST SUMPTER",
  "BEGIN_LAT": 42.09,
  "BEGIN_LON": -83.48,
  "END_LAT": 42.09,
  "END_LON": -83.48,
  "text": "On the early evening of September 20, 2014, strong to severe thunderstorms formed ahead of a cold front crossing central lower Michigan. These storms raced eastward at 45 mph causing areas of damage across parts of the area.",
  "EVENT_NARRATIVE": "Numerous tree branches and small tree reported blown down.",
  "DATA_SOURCE": "CSV"
}
