{
  "BEGIN_YEARMONTH": 201407,
  "BEGIN_DAY": 23,
  "BEGIN_TIME": 1940,
  "END_YEARMONTH": 201407,
  "END_DAY": 23,
  "END_TIME": 1940,
  "EPISODE_ID": 88207,
  "EVENT_ID": 532140,
  "STATE": "NEW YORK",
  "STATE_FIPS": 36,
  "YEAR": 2014,
  "MONTH_NAME": "July",
  "EVENT_TYPE": "Lightning",
  "CZ_TYPE": "C",
  "CZ_FIPS": 27,
  "CZ_NAME": "DUTCHESS",
  "WFO": "ALY",
  "BEGIN_DATE_TIME": "23-JUL-14 19:40:00",
  "CZ_TIMEZONE": "EST-5",
  "END_DATE_TIME": "23-JUL-14 19:40:00",
  "INJURIES_DIRECT": 0,
  "INJURIES_INDIRECT": 0,
  "DEATHS_DIRECT": 0,
  "DEATHS_INDIRECT": 0,
  "DAMAGE_PROPERTY": "25.00K",
  "DAMAGE_CROPS": "0.00K",
  "SOURCE": "Trained Spotter",
  "MAGNITUDE": "",
  "MAGNITUDE_TYPE": "",
  "FLOOD_CAUSE": "",
  "CATEGORY": "",
  "TOR_F_SCALE": "",
  "TOR_LENGTH": "",
  "TOR_WIDTH": "",
  "TOR_OTHER_WFO": "",
  "TOR_OTHER_CZ_STATE": "",
  "TOR_OTHER_CZ_FIPS": "",
  "TOR_OTHER_CZ_NAME": "",
  "BEGIN_RANGE": 1,
  "BEGIN_AZIMUTH": "SE",
  "BEGIN_LOCATION": "WICCOPEE",
  "END_RANGE": 1,
  "END_AZIMUTH": "SE",
  "END_LOCATION": "WICCOPEE",
  "BEGIN_LAT": 41.522,
  "BEGIN_LON": -73.8395,
  "END_LAT": 41.522,
  "END_LON": -73.8395,
  "text": "A hot and humid air mass was in place on Wednesday, July 23rd, allowing the atmosphere to become quite unstable.  As a cold front approached from the west, clusters of thunderstorms developed during the afternoon and early evening hours.  Some of these thunderstorms became severe, producing damaging winds and large hail.  Thunderstorms moved east and weakened by the late evening hours, as the cold front crossed the region.",
  "EVENT_NARRATIVE": "A house was struck by lightning during a thunderstorm on East Hook Road in Wiccopee.  The house caught on fire as a result of the lightning strike.",
  "DATA_SOURCE": "CSV"
}
