{
  "BEGIN_YEARMONTH": 201401,
  "BEGIN_DAY": 28,
  "BEGIN_TIME": 1600,
  "END_YEARMONTH": 201401,
  "END_DAY": 29,
  "END_TIME": 400,
  "EPISODE_ID": 82698,
  "EVENT_ID": 498409,
  "STATE": "VIRGINIA",
  "STATE_FIPS": 51,
  "YEAR": 2014,
  "MONTH_NAME": "January",
  "EVENT_TYPE": "Winter Storm",
  "CZ_TYPE": "Z",
  "CZ_FIPS": 93,
  "CZ_NAME": "ISLE OF WIGHT",
  "WFO": "AKQ",
  "BEGIN_DATE_TIME": "28-JAN-14 16:00:00",
  "CZ_TIMEZONE": "EST-5",
  "END_DATE_TIME": "29-JAN-14 04:00:00",
  "INJURIES_DIRECT": 0,
  "INJURIES_INDIRECT": 0,
  "DEATHS_DIRECT": 0,
  "DEATHS_INDIRECT": 0,
  "DAMAGE_PROPERTY": "0.00K",
  "DAMAGE_CROPS": "0.00K",
  "SOURCE": "Trained Spotter",
  "MAGNITUDE": "",
  "MAGNITUDE_TYPE": "",
  "FLOOD_CAUSE": "",
  "CATEGORY": "",
  "TOR_F_SCALE": "",
  "TOR_LENGTH": "",
  "TOR_WIDTH": "",
  "TOR_OTHER_WFO": "",
  "TOR_OTHER_CZ_STATE": "",
  "TOR_OTHER_CZ_FIPS": "",
  "TOR_OTHER_CZ_NAME": "",
  "BEGIN_RANGE": "",
  "BEGIN_AZIMUTH": "",
  "BEGIN_LOCATION": "",
  "END_RANGE": "",
  "END_AZIMUTH": "",
  "END_LOCATION": "",
  "BEGIN_LAT": "",
  "BEGIN_LON": "",
  "END_LAT": "",
  "END_LON": "",
  "text": "Coastal low pressure intensifying off the Mid Atlantic Coast produced widespread snowfall ranging from two to ten inches of snowfall from the Virginia Piedmont to the Virginia Eastern Shore. Highest snowfall amounts were over southeast Virginia.",
  "EVENT_NARRATIVE": "Snowfall amounts were generally between five inches and seven inches across the county. Carrollton recorded 7.2 inches of snowfall. Smithfield recorded 6.0 inches of snowfall.",
  "DATA_SOURCE": "CSV"
}
