{
  "BEGIN_YEARMONTH": 201409,
  "BEGIN_DAY": 6,
  "BEGIN_TIME": 1903,
  "END_YEARMONTH": 201409,
  "END_DAY": 6,
  "END_TIME": 1903,
  "EPISODE_ID": 90714,
  "EVENT_ID": 544173,
  "STATE": "ATLANTIC NORTH",
  "STATE_FIPS": 88,
  "YEAR": 2014,
  "MONTH_NAME": "September",
  "EVENT_TYPE": "Marine Thunderstorm Wind",
  "CZ_TYPE": "Z",
  "CZ_FIPS": 532,
  "CZ_NAME": "CHESAPEAKE BAY SANDY PT TO N BEACH MD",
  "WFO": "LWX",
  "BEGIN_DATE_TIME": "06-SEP-14 19:03:00",
  "CZ_TIMEZONE": "EST-5",
  "END_DATE_TIME": "06-SEP-14 19:03:00",
  "INJURIES_DIRECT": 0,
  "INJURIES_INDIRECT": 0,
  "DEATHS_DIRECT": 0,
  "DEATHS_INDIRECT": 0,
  "DAMAGE_PROPERTY": "0.00K",
  "DAMAGE_CROPS": "0.00K",
  "SOURCE": "Mesonet",
  "MAGNITUDE": 34,
  "MAGNITUDE_TYPE": "EG",
  "FLOOD_CAUSE": "",
  "CATEGORY": "",
  "TOR_F_SCALE": "",
  "TOR_LENGTH": "",
  "TOR_WIDTH": "",
  "TOR_OTHER_WFO": "",
  "TOR_OTHER_CZ_STATE": "",
  "TOR_OTHER_CZ_FIPS": "",
  "TOR_OTHER_CZ_NAME": "",
  "BEGIN_RANGE": 0,
  "BEGIN_AZIMUTH": "N",
  "BEGIN_LOCATION": "ANNAPOLIS",
  "END_RANGE": 0,
  "END_AZIMUTH": "N",
  "END_LOCATION": "ANNAPOLIS",
  "BEGIN_LAT": 38.98,
  "BEGIN_LON": -76.48,
  "END_LAT": 38.98,
  "END_LON": -76.48,
  "text": "Hot and humid conditions were present across the Mid-Atlantic while a cold front approached from the Ohio Valley. A surface trough strengthen across the region and showers and thunderstorms formed. Some thunderstorms formed and produced damaging winds.",
  "EVENT_NARRATIVE": "Wind gusts of 33 knots were measured at Annapolis.",
  "DATA_SOURCE": "CSV"
}
