{
  "BEGIN_YEARMONTH": 201408,
  "BEGIN_DAY": 7,
  "BEGIN_TIME": 1408,
  "END_YEARMONTH": 201408,
  "END_DAY": 7,
  "END_TIME": 1412,
  "EPISODE_ID": 89873,
  "EVENT_ID": 540603,
  "STATE": "MAINE",
  "STATE_FIPS": 23,
  "YEAR": 2014,
  "MONTH_NAME": "August",
  "EVENT_TYPE": "Hail",
  "CZ_TYPE": "C",
  "CZ_FIPS": 5,
  "CZ_NAME": "CUMBERLAND",
  "WFO": "GYX",
  "BEGIN_DATE_TIME": "07-AUG-14 14:08:00",
  "CZ_TIMEZONE": "EST-5",
  "END_DATE_TIME": "07-AUG-14 14:12:00",
  "INJURIES_DIRECT": 0,
  "INJURIES_INDIRECT": 0,
  "DEATHS_DIRECT": 0,
  "DEATHS_INDIRECT": 0,
  "DAMAGE_PROPERTY": "0.00K",
  "DAMAGE_CROPS": "0.00K",
  "SOURCE": "NWS Employee",
  "MAGNITUDE": 1,
  "MAGNITUDE_TYPE": "",
  "FLOOD_CAUSE": "",
  "CATEGORY": "",
  "TOR_F_SCALE": "",
  "TOR_LENGTH": "",
  "TOR_WIDTH": "",
  "TOR_OTHER_WFO": "",
  "TOR_OTHER_CZ_STATE": "",
  "TOR_OTHER_CZ_FIPS": "",
  "TOR_OTHER_CZ_NAME": "",
  "BEGIN_RANGE": 1,
  "BEGIN_AZIMUTH": "SW",
  "BEGIN_LOCATION": "FOSTERS CORNER",
  "END_RANGE": 1,
  "END_AZIMUTH": "SW",
  "END_LOCATION": "FOSTERS CORNER",
  "BEGIN_LAT": 43.79,
  "BEGIN_LON": -70.41,
  "END_LAT": 43.79,
  "END_LON": -70.41,
  "text": "A weak cold front dropping south through the region was the focus for afternoon convection. Falling freezing levels contributed to the formation of large hail with many of these storms. All severe reports were exclusively due to hail.",
  "EVENT_NARRATIVE": "A severe thunderstorm produced 1 inch hail near Windham.",
  "DATA_SOURCE": "CSV"
}
