{
  "BEGIN_YEARMONTH": 201403,
  "BEGIN_DAY": 26,
  "BEGIN_TIME": 1342,
  "END_YEARMONTH": 201403,
  "END_DAY": 26,
  "END_TIME": 1342,
  "EPISODE_ID": 83996,
  "EVENT_ID": 507059,
  "STATE": "NEW HAMPSHIRE",
  "STATE_FIPS": 33,
  "YEAR": 2014,
  "MONTH_NAME": "March",
  "EVENT_TYPE": "Strong Wind",
  "CZ_TYPE": "Z",
  "CZ_FIPS": 12,
  "CZ_NAME": "EASTERN HILLSBOROUGH",
  "WFO": "BOX",
  "BEGIN_DATE_TIME": "26-MAR-14 13:42:00",
  "CZ_TIMEZONE": "EST-5",
  "END_DATE_TIME": "26-MAR-14 13:42:00",
  "INJURIES_DIRECT": 0,
  "INJURIES_INDIRECT": 0,
  "DEATHS_DIRECT": 0,
  "DEATHS_INDIRECT": 0,
  "DAMAGE_PROPERTY": "5.00K",
  "DAMAGE_CROPS": "0.00K",
  "SOURCE": "Amateur Radio",
  "MAGNITUDE": 40,
  "MAGNITUDE_TYPE": "EG",
  "FLOOD_CAUSE": "",
  "CATEGORY": "",
  "TOR_F_SCALE": "",
  "TOR_LENGTH": "",
  "TOR_WIDTH": "",
  "TOR_OTHER_WFO": "",
  "TOR_OTHER_CZ_STATE": "",
  "TOR_OTHER_CZ_FIPS": "",
  "TOR_OTHER_CZ_NAME": "",
  "BEGIN_RANGE": "",
  "BEGIN_AZIMUTH": "",
  "BEGIN_LOCATION": "",
  "END_RANGE": "",
  "END_AZIMUTH": "",
  "END_LOCATION": "",
  "BEGIN_LAT": "",
  "BEGIN_LON": "",
  "END_LAT": "",
  "END_LON": "",
  "text": "A large ocean storm intensified very quickly off the east coast of the United States. This storm brought strong winds to parts of New Hampshire.",
  "EVENT_NARRATIVE": "A tree and wires were downed on Chestnut Street in Nashua.",
  "DATA_SOURCE": "CSV"
}
