{
  "BEGIN_YEARMONTH": 201407,
  "BEGIN_DAY": 3,
  "BEGIN_TIME": 1510,
  "END_YEARMONTH": 201407,
  "END_DAY": 3,
  "END_TIME": 1510,
  "EPISODE_ID": 87848,
  "EVENT_ID": 530076,
  "STATE": "NEW YORK",
  "STATE_FIPS": 36,
  "YEAR": 2014,
  "MONTH_NAME": "July",
  "EVENT_TYPE": "Thunderstorm Wind",
  "CZ_TYPE": "C",
  "CZ_FIPS": 43,
  "CZ_NAME": "HERKIMER",
  "WFO": "ALY",
  "BEGIN_DATE_TIME": "03-JUL-14 15:10:00",
  "CZ_TIMEZONE": "EST-5",
  "END_DATE_TIME": "03-JUL-14 15:10:00",
  "INJURIES_DIRECT": 0,
  "INJURIES_INDIRECT": 0,
  "DEATHS_DIRECT": 0,
  "DEATHS_INDIRECT": 0,
  "DAMAGE_PROPERTY": "",
  "DAMAGE_CROPS": "",
  "SOURCE": "Trained Spotter",
  "MAGNITUDE": 70,
  "MAGNITUDE_TYPE": "EG",
  "FLOOD_CAUSE": "",
  "CATEGORY": "",
  "TOR_F_SCALE": "",
  "TOR_LENGTH": "",
  "TOR_WIDTH": "",
  "TOR_OTHER_WFO": "",
  "TOR_OTHER_CZ_STATE": "",
  "TOR_OTHER_CZ_FIPS": "",
  "TOR_OTHER_CZ_NAME": "",
  "BEGIN_RANGE": 1,
  "BEGIN_AZIMUTH": "W",
  "BEGIN_LOCATION": "SOUTH COLUMBIA",
  "END_RANGE": 1,
  "END_AZIMUTH": "W",
  "END_LOCATION": "SOUTH COLUMBIA",
  "BEGIN_LAT": 42.8776,
  "BEGIN_LON": -75.0201,
  "END_LAT": 42.8776,
  "END_LON": -75.0201,
  "text": "A warm and humid air mass was in place over the region on Thursday, July 3rd.  As a strong cold front approached from the west, a broken line of thunderstorms developed over central New York and moved eastward during the afternoon hours.  Aided by powerful winds aloft, the storms moved from west to east over the region between the late afternoon and early evening hours.  Many of the storms produced strong winds, causing damage to trees and power lines over much of the region.  The most concentrated damage occurred from one particularly severe thunderstorm, which caused intense damage between West Winfield in Herkimer County towards Minden in Montgomery County.  A National Weather Service Storm Survey determined a series of microbursts produced wind damage up to 100 MPH in these areas.  A few of the storms also produced large hail as well.||As the cold front moved through the area by later in the evening, the storms moved east of the region and the threat for severe weather ended.",
  "EVENT_NARRATIVE": "A building was damaged near Dugan Road due to thunderstorm winds in the town of Columbia, not far from the Herkimer-Otsego County border.  A large barn door was blown out of a barn due to the force of the wind.",
  "DATA_SOURCE": "CSV"
}
