{
  "BEGIN_YEARMONTH": 201409,
  "BEGIN_DAY": 4,
  "BEGIN_TIME": 1148,
  "END_YEARMONTH": 201409,
  "END_DAY": 4,
  "END_TIME": 1148,
  "EPISODE_ID": 90305,
  "EVENT_ID": 542358,
  "STATE": "MICHIGAN",
  "STATE_FIPS": 26,
  "YEAR": 2014,
  "MONTH_NAME": "September",
  "EVENT_TYPE": "Lightning",
  "CZ_TYPE": "C",
  "CZ_FIPS": 109,
  "CZ_NAME": "MENOMINEE",
  "WFO": "MQT",
  "BEGIN_DATE_TIME": "04-SEP-14 11:48:00",
  "CZ_TIMEZONE": "CST-6",
  "END_DATE_TIME": "04-SEP-14 11:48:00",
  "INJURIES_DIRECT": 1,
  "INJURIES_INDIRECT": 0,
  "DEATHS_DIRECT": 0,
  "DEATHS_INDIRECT": 0,
  "DAMAGE_PROPERTY": "0.00K",
  "DAMAGE_CROPS": "0.00K",
  "SOURCE": "Trained Spotter",
  "MAGNITUDE": "",
  "MAGNITUDE_TYPE": "",
  "FLOOD_CAUSE": "",
  "CATEGORY": "",
  "TOR_F_SCALE": "",
  "TOR_LENGTH": "",
  "TOR_WIDTH": "",
  "TOR_OTHER_WFO": "",
  "TOR_OTHER_CZ_STATE": "",
  "TOR_OTHER_CZ_FIPS": "",
  "TOR_OTHER_CZ_NAME": "",
  "BEGIN_RANGE": 1,
  "BEGIN_AZIMUTH": "N",
  "BEGIN_LOCATION": "POWERS",
  "END_RANGE": 1,
  "END_AZIMUTH": "N",
  "END_LOCATION": "POWERS",
  "BEGIN_LAT": 45.69,
  "BEGIN_LON": -87.53,
  "END_LAT": 45.69,
  "END_LON": -87.53,
  "text": "Frontal boundaries from a low pressure system tracking through northwest Ontario produced heavy rain and a few severe thunderstorms over south central Upper Michigan from the 4th into the early morning of the 5th.",
  "EVENT_NARRATIVE": "A man was struck by lightning in Powers but was reported to be conscious and bleeding.",
  "DATA_SOURCE": "CSV"
}
