{
  "BEGIN_YEARMONTH": 201407,
  "BEGIN_DAY": 18,
  "BEGIN_TIME": 2225,
  "END_YEARMONTH": 201407,
  "END_DAY": 18,
  "END_TIME": 2225,
  "EPISODE_ID": 86724,
  "EVENT_ID": 523425,
  "STATE": "NORTH DAKOTA",
  "STATE_FIPS": 38,
  "YEAR": 2014,
  "MONTH_NAME": "July",
  "EVENT_TYPE": "Hail",
  "CZ_TYPE": "C",
  "CZ_FIPS": 77,
  "CZ_NAME": "RICHLAND",
  "WFO": "FGF",
  "BEGIN_DATE_TIME": "18-JUL-14 22:25:00",
  "CZ_TIMEZONE": "CST-6",
  "END_DATE_TIME": "18-JUL-14 22:25:00",
  "INJURIES_DIRECT": 0,
  "INJURIES_INDIRECT": 0,
  "DEATHS_DIRECT": 0,
  "DEATHS_INDIRECT": 0,
  "DAMAGE_PROPERTY": "",
  "DAMAGE_CROPS": "",
  "SOURCE": "Broadcast Media",
  "MAGNITUDE": 0.88,
  "MAGNITUDE_TYPE": "",
  "FLOOD_CAUSE": "",
  "CATEGORY": "",
  "TOR_F_SCALE": "",
  "TOR_LENGTH": "",
  "TOR_WIDTH": "",
  "TOR_OTHER_WFO": "",
  "TOR_OTHER_CZ_STATE": "",
  "TOR_OTHER_CZ_FIPS": "",
  "TOR_OTHER_CZ_NAME": "",
  "BEGIN_RANGE": 0,
  "BEGIN_AZIMUTH": "E",
  "BEGIN_LOCATION": "HANKINSON",
  "END_RANGE": 0,
  "END_AZIMUTH": "E",
  "END_LOCATION": "HANKINSON",
  "BEGIN_LAT": 46.07,
  "BEGIN_LON": -96.89,
  "END_LAT": 46.07,
  "END_LON": -96.89,
  "text": "A line of showers and thunderstorms formed along a cold front over the Red River Valley during the evening of the 18th. One storm became a little stronger and dropped large hail near Hankinson.",
  "EVENT_NARRATIVE": "",
  "DATA_SOURCE": "CSV"
}
