{
  "BEGIN_YEARMONTH": 201406,
  "BEGIN_DAY": 18,
  "BEGIN_TIME": 30,
  "END_YEARMONTH": 201406,
  "END_DAY": 18,
  "END_TIME": 30,
  "EPISODE_ID": 85886,
  "EVENT_ID": 518562,
  "STATE": "MASSACHUSETTS",
  "STATE_FIPS": 25,
  "YEAR": 2014,
  "MONTH_NAME": "June",
  "EVENT_TYPE": "Thunderstorm Wind",
  "CZ_TYPE": "C",
  "CZ_FIPS": 3,
  "CZ_NAME": "BERKSHIRE",
  "WFO": "ALY",
  "BEGIN_DATE_TIME": "18-JUN-14 00:30:00",
  "CZ_TIMEZONE": "EST-5",
  "END_DATE_TIME": "18-JUN-14 00:30:00",
  "INJURIES_DIRECT": 0,
  "INJURIES_INDIRECT": 0,
  "DEATHS_DIRECT": 0,
  "DEATHS_INDIRECT": 0,
  "DAMAGE_PROPERTY": "",
  "DAMAGE_CROPS": "",
  "SOURCE": "Law Enforcement",
  "MAGNITUDE": 50,
  "MAGNITUDE_TYPE": "EG",
  "FLOOD_CAUSE": "",
  "CATEGORY": "",
  "TOR_F_SCALE": "",
  "TOR_LENGTH": "",
  "TOR_WIDTH": "",
  "TOR_OTHER_WFO": "",
  "TOR_OTHER_CZ_STATE": "",
  "TOR_OTHER_CZ_FIPS": "",
  "TOR_OTHER_CZ_NAME": "",
  "BEGIN_RANGE": 1,
  "BEGIN_AZIMUTH": "SSW",
  "BEGIN_LOCATION": "LENOX",
  "END_RANGE": 1,
  "END_AZIMUTH": "SSW",
  "END_LOCATION": "LENOX",
  "BEGIN_LAT": 42.3565,
  "BEGIN_LON": -73.2851,
  "END_LAT": 42.3565,
  "END_LON": -73.2851,
  "text": "A warm and humid air mass was in place during the early morning hours on Wednesday, June 18th. A strong cold front moved across the region from west to east shortly after midnight during the early morning hours. Along and just ahead of this boundary, a line of severe thunderstorms in the form of a squall line raced from west to east across the area. These storms produced significant wind damage across eastern New York. The thunderstorms weakened somewhat as they reached the border with western New England as instability started to wane, but still caused damage to trees in a few locations. The threat for thunderstorms ended with the passage of the cold front by the late night hours, as drier and less humid air worked into the region.",
  "EVENT_NARRATIVE": "One tree was reported down in Lenox as a result of thunderstorm winds.",
  "DATA_SOURCE": "CSV"
}
