{
  "BEGIN_YEARMONTH": 201405,
  "BEGIN_DAY": 10,
  "BEGIN_TIME": 1720,
  "END_YEARMONTH": 201405,
  "END_DAY": 10,
  "END_TIME": 1720,
  "EPISODE_ID": 85984,
  "EVENT_ID": 523649,
  "STATE": "ATLANTIC NORTH",
  "STATE_FIPS": 88,
  "YEAR": 2014,
  "MONTH_NAME": "May",
  "EVENT_TYPE": "Marine Thunderstorm Wind",
  "CZ_TYPE": "Z",
  "CZ_FIPS": 632,
  "CZ_NAME": "MOUTH OF CHESAPEAKE BAY FROM NEW POINT COMFORT TO LITTLE CREEK, VA",
  "WFO": "AKQ",
  "BEGIN_DATE_TIME": "10-MAY-14 17:20:00",
  "CZ_TIMEZONE": "EST-5",
  "END_DATE_TIME": "10-MAY-14 17:20:00",
  "INJURIES_DIRECT": 0,
  "INJURIES_INDIRECT": 0,
  "DEATHS_DIRECT": 0,
  "DEATHS_INDIRECT": 0,
  "DAMAGE_PROPERTY": "0.00K",
  "DAMAGE_CROPS": "0.00K",
  "SOURCE": "Mesonet",
  "MAGNITUDE": 35,
  "MAGNITUDE_TYPE": "MG",
  "FLOOD_CAUSE": "",
  "CATEGORY": "",
  "TOR_F_SCALE": "",
  "TOR_LENGTH": "",
  "TOR_WIDTH": "",
  "TOR_OTHER_WFO": "",
  "TOR_OTHER_CZ_STATE": "",
  "TOR_OTHER_CZ_FIPS": "",
  "TOR_OTHER_CZ_NAME": "",
  "BEGIN_RANGE": 0,
  "BEGIN_AZIMUTH": "N",
  "BEGIN_LOCATION": "NEW POINT COMFORT",
  "END_RANGE": 0,
  "END_AZIMUTH": "N",
  "END_LOCATION": "NEW POINT COMFORT",
  "BEGIN_LAT": 37.33,
  "BEGIN_LON": -76.26,
  "END_LAT": 37.33,
  "END_LON": -76.26,
  "text": "Scattered thunderstorms associated with a trough of low pressure produced gusty winds across portions of the Chesapeake Bay.",
  "EVENT_NARRATIVE": "Wind gust of 35 knots was measured at New Point Comfort.",
  "DATA_SOURCE": "CSV"
}
