{
  "BEGIN_YEARMONTH": 201408,
  "BEGIN_DAY": 7,
  "BEGIN_TIME": 1800,
  "END_YEARMONTH": 201408,
  "END_DAY": 7,
  "END_TIME": 1800,
  "EPISODE_ID": 88574,
  "EVENT_ID": 534032,
  "STATE": "TENNESSEE",
  "STATE_FIPS": 47,
  "YEAR": 2014,
  "MONTH_NAME": "August",
  "EVENT_TYPE": "Thunderstorm Wind",
  "CZ_TYPE": "C",
  "CZ_FIPS": 187,
  "CZ_NAME": "WILLIAMSON",
  "WFO": "OHX",
  "BEGIN_DATE_TIME": "07-AUG-14 18:00:00",
  "CZ_TIMEZONE": "CST-6",
  "END_DATE_TIME": "07-AUG-14 18:00:00",
  "INJURIES_DIRECT": 0,
  "INJURIES_INDIRECT": 0,
  "DEATHS_DIRECT": 0,
  "DEATHS_INDIRECT": 0,
  "DAMAGE_PROPERTY": "3.00K",
  "DAMAGE_CROPS": "0.00K",
  "SOURCE": "Emergency Manager",
  "MAGNITUDE": 52,
  "MAGNITUDE_TYPE": "EG",
  "FLOOD_CAUSE": "",
  "CATEGORY": "",
  "TOR_F_SCALE": "",
  "TOR_LENGTH": "",
  "TOR_WIDTH": "",
  "TOR_OTHER_WFO": "",
  "TOR_OTHER_CZ_STATE": "",
  "TOR_OTHER_CZ_FIPS": "",
  "TOR_OTHER_CZ_NAME": "",
  "BEGIN_RANGE": 2,
  "BEGIN_AZIMUTH": "SW",
  "BEGIN_LOCATION": "FAIRVIEW",
  "END_RANGE": 2,
  "END_AZIMUTH": "SW",
  "END_LOCATION": "FAIRVIEW",
  "BEGIN_LAT": 35.9544,
  "BEGIN_LON": -87.1437,
  "END_LAT": 35.9544,
  "END_LON": -87.1437,
  "text": "Numerous showers and thunderstorms affected central and northern parts of Middle Tennessee during the afternoon and evening hours on August 7. A few reports of wind damage were received.",
  "EVENT_NARRATIVE": "Several trees were blown down along Bethshears Road southwest of Fairview.",
  "DATA_SOURCE": "CSV"
}
