{
  "BEGIN_YEARMONTH": 201502,
  "BEGIN_DAY": 2,
  "BEGIN_TIME": 200,
  "END_YEARMONTH": 201502,
  "END_DAY": 2,
  "END_TIME": 2300,
  "EPISODE_ID": 93910,
  "EVENT_ID": 564581,
  "STATE": "NEW HAMPSHIRE",
  "STATE_FIPS": 33,
  "YEAR": 2015,
  "MONTH_NAME": "February",
  "EVENT_TYPE": "Heavy Snow",
  "CZ_TYPE": "Z",
  "CZ_FIPS": 12,
  "CZ_NAME": "EASTERN HILLSBOROUGH",
  "WFO": "GYX",
  "BEGIN_DATE_TIME": "02-FEB-15 02:00:00",
  "CZ_TIMEZONE": "EST-5",
  "END_DATE_TIME": "02-FEB-15 23:00:00",
  "INJURIES_DIRECT": 0,
  "INJURIES_INDIRECT": 0,
  "DEATHS_DIRECT": 0,
  "DEATHS_INDIRECT": 0,
  "DAMAGE_PROPERTY": "0.00K",
  "DAMAGE_CROPS": "0.00K",
  "SOURCE": "Trained Spotter",
  "MAGNITUDE": "",
  "MAGNITUDE_TYPE": "",
  "FLOOD_CAUSE": "",
  "CATEGORY": "",
  "TOR_F_SCALE": "",
  "TOR_LENGTH": "",
  "TOR_WIDTH": "",
  "TOR_OTHER_WFO": "",
  "TOR_OTHER_CZ_STATE": "",
  "TOR_OTHER_CZ_FIPS": "",
  "TOR_OTHER_CZ_NAME": "",
  "BEGIN_RANGE": "",
  "BEGIN_AZIMUTH": "",
  "BEGIN_LOCATION": "",
  "END_RANGE": "",
  "END_AZIMUTH": "",
  "END_LOCATION": "",
  "BEGIN_LAT": "",
  "BEGIN_LON": "",
  "END_LAT": "",
  "END_LON": "",
  "text": "Low pressure moving east from the Mississippi Valley on the 1st intensified off the New England coast on the 2nd before moving rapidly northeastward by the morning of the 3rd.  The storm brought heavy snow to much of the State.  Generally 4 to 8 inches of snow fell across northern and central areas with 8 to 14 inches across southern areas.",
  "EVENT_NARRATIVE": "",
  "DATA_SOURCE": "CSV"
}
