{
  "BEGIN_YEARMONTH": 201509,
  "BEGIN_DAY": 11,
  "BEGIN_TIME": 30,
  "END_YEARMONTH": 201509,
  "END_DAY": 11,
  "END_TIME": 30,
  "EPISODE_ID": 98867,
  "EVENT_ID": 595579,
  "STATE": "OKLAHOMA",
  "STATE_FIPS": 40,
  "YEAR": 2015,
  "MONTH_NAME": "September",
  "EVENT_TYPE": "Thunderstorm Wind",
  "CZ_TYPE": "C",
  "CZ_FIPS": 83,
  "CZ_NAME": "LOGAN",
  "WFO": "OUN",
  "BEGIN_DATE_TIME": "11-SEP-15 00:30:00",
  "CZ_TIMEZONE": "CST-6",
  "END_DATE_TIME": "11-SEP-15 00:30:00",
  "INJURIES_DIRECT": 0,
  "INJURIES_INDIRECT": 0,
  "DEATHS_DIRECT": 0,
  "DEATHS_INDIRECT": 0,
  "DAMAGE_PROPERTY": "",
  "DAMAGE_CROPS": "",
  "SOURCE": "Mesonet",
  "MAGNITUDE": 60,
  "MAGNITUDE_TYPE": "MG",
  "FLOOD_CAUSE": "",
  "CATEGORY": "",
  "TOR_F_SCALE": "",
  "TOR_LENGTH": "",
  "TOR_WIDTH": "",
  "TOR_OTHER_WFO": "",
  "TOR_OTHER_CZ_STATE": "",
  "TOR_OTHER_CZ_FIPS": "",
  "TOR_OTHER_CZ_NAME": "",
  "BEGIN_RANGE": 4,
  "BEGIN_AZIMUTH": "NE",
  "BEGIN_LOCATION": "LOVELL",
  "END_RANGE": 4,
  "END_AZIMUTH": "NE",
  "END_LOCATION": "LOVELL",
  "BEGIN_LAT": 36.1,
  "BEGIN_LON": -97.6,
  "END_LAT": 36.1,
  "END_LON": -97.6,
  "text": "As an upper level trough moved through the region, a cold front swept into northern Oklahoma just after midnight on the 11th, bringing with it a line of thunderstorms. The line quickly fell apart, but not before a few of the storms produced severe winds in north central Oklahoma.",
  "EVENT_NARRATIVE": "No damage reported.",
  "DATA_SOURCE": "CSV"
}
