{
  "BEGIN_YEARMONTH": 201509,
  "BEGIN_DAY": 21,
  "BEGIN_TIME": 2010,
  "END_YEARMONTH": 201509,
  "END_DAY": 21,
  "END_TIME": 2200,
  "EPISODE_ID": 99151,
  "EVENT_ID": 595706,
  "STATE": "SOUTH CAROLINA",
  "STATE_FIPS": 45,
  "YEAR": 2015,
  "MONTH_NAME": "September",
  "EVENT_TYPE": "Flash Flood",
  "CZ_TYPE": "C",
  "CZ_FIPS": 79,
  "CZ_NAME": "RICHLAND",
  "WFO": "CAE",
  "BEGIN_DATE_TIME": "21-SEP-15 20:10:00",
  "CZ_TIMEZONE": "EST-5",
  "END_DATE_TIME": "21-SEP-15 22:00:00",
  "INJURIES_DIRECT": 0,
  "INJURIES_INDIRECT": 0,
  "DEATHS_DIRECT": 0,
  "DEATHS_INDIRECT": 0,
  "DAMAGE_PROPERTY": "16.00K",
  "DAMAGE_CROPS": "0.00K",
  "SOURCE": "Emergency Manager",
  "MAGNITUDE": "",
  "MAGNITUDE_TYPE": "",
  "FLOOD_CAUSE": "Heavy Rain",
  "CATEGORY": "",
  "TOR_F_SCALE": "",
  "TOR_LENGTH": "",
  "TOR_WIDTH": "",
  "TOR_OTHER_WFO": "",
  "TOR_OTHER_CZ_STATE": "",
  "TOR_OTHER_CZ_FIPS": "",
  "TOR_OTHER_CZ_NAME": "",
  "BEGIN_RANGE": 1,
  "BEGIN_AZIMUTH": "WNW",
  "BEGIN_LOCATION": "OLYMPIA MILLS",
  "END_RANGE": 1,
  "END_AZIMUTH": "NE",
  "END_LOCATION": "COLUMBIA",
  "BEGIN_LAT": 33.9872,
  "BEGIN_LON": -81.0437,
  "END_LAT": 34.0057,
  "END_LON": -81.0135,
  "text": "Thunderstorms over Richland County produced 2 to 4 inches of rain within 1 to 2 hours producing flash flooding in Columbia. A couple of vehicles became trapped in the flooding when trying to drive through the flooded areas.",
  "EVENT_NARRATIVE": "Richland County EM reported flooding on several streets in downtown Columbia including Harden, Rosewood, Lyon, and Calhoun streets. One car was trapped when the water rose 3 feet above the road. The occupants were able to get safely to higher ground.",
  "DATA_SOURCE": "CSV"
}
