{
  "BEGIN_YEARMONTH": 201509,
  "BEGIN_DAY": 18,
  "BEGIN_TIME": 840,
  "END_YEARMONTH": 201509,
  "END_DAY": 18,
  "END_TIME": 840,
  "EPISODE_ID": 99764,
  "EVENT_ID": 598308,
  "STATE": "OKLAHOMA",
  "STATE_FIPS": 40,
  "YEAR": 2015,
  "MONTH_NAME": "September",
  "EVENT_TYPE": "Thunderstorm Wind",
  "CZ_TYPE": "C",
  "CZ_FIPS": 3,
  "CZ_NAME": "ALFALFA",
  "WFO": "OUN",
  "BEGIN_DATE_TIME": "18-SEP-15 08:40:00",
  "CZ_TIMEZONE": "CST-6",
  "END_DATE_TIME": "18-SEP-15 08:40:00",
  "INJURIES_DIRECT": 0,
  "INJURIES_INDIRECT": 0,
  "DEATHS_DIRECT": 0,
  "DEATHS_INDIRECT": 0,
  "DAMAGE_PROPERTY": "",
  "DAMAGE_CROPS": "",
  "SOURCE": "Mesonet",
  "MAGNITUDE": 63,
  "MAGNITUDE_TYPE": "MG",
  "FLOOD_CAUSE": "",
  "CATEGORY": "",
  "TOR_F_SCALE": "",
  "TOR_LENGTH": "",
  "TOR_WIDTH": "",
  "TOR_OTHER_WFO": "",
  "TOR_OTHER_CZ_STATE": "",
  "TOR_OTHER_CZ_FIPS": "",
  "TOR_OTHER_CZ_NAME": "",
  "BEGIN_RANGE": 1,
  "BEGIN_AZIMUTH": "W",
  "BEGIN_LOCATION": "CHEROKEE",
  "END_RANGE": 1,
  "END_AZIMUTH": "W",
  "END_LOCATION": "CHEROKEE",
  "BEGIN_LAT": 36.75,
  "BEGIN_LON": -98.36,
  "END_LAT": 36.75,
  "END_LON": -98.36,
  "text": "A cold front entered northwest Oklahoma on the morming of the 18th, producing scattered storms with a few severe wind gusts.",
  "EVENT_NARRATIVE": "No damage reported.",
  "DATA_SOURCE": "CSV"
}
