{
  "BEGIN_YEARMONTH": 201509,
  "BEGIN_DAY": 15,
  "BEGIN_TIME": 0,
  "END_YEARMONTH": 201509,
  "END_DAY": 30,
  "END_TIME": 2359,
  "EPISODE_ID": 99763,
  "EVENT_ID": 598305,
  "STATE": "TEXAS",
  "STATE_FIPS": 48,
  "YEAR": 2015,
  "MONTH_NAME": "September",
  "EVENT_TYPE": "Drought",
  "CZ_TYPE": "Z",
  "CZ_FIPS": 83,
  "CZ_NAME": "Hardeman",
  "WFO": "OUN",
  "BEGIN_DATE_TIME": "15-SEP-15 00:00:00",
  "CZ_TIMEZONE": "CST-6",
  "END_DATE_TIME": "30-SEP-15 23:59:00",
  "INJURIES_DIRECT": 0,
  "INJURIES_INDIRECT": 0,
  "DEATHS_DIRECT": 0,
  "DEATHS_INDIRECT": 0,
  "DAMAGE_PROPERTY": "",
  "DAMAGE_CROPS": "",
  "SOURCE": "Drought Monitor",
  "MAGNITUDE": "",
  "MAGNITUDE_TYPE": "",
  "FLOOD_CAUSE": "",
  "CATEGORY": "",
  "TOR_F_SCALE": "",
  "TOR_LENGTH": "",
  "TOR_WIDTH": "",
  "TOR_OTHER_WFO": "",
  "TOR_OTHER_CZ_STATE": "",
  "TOR_OTHER_CZ_FIPS": "",
  "TOR_OTHER_CZ_NAME": "",
  "BEGIN_RANGE": "",
  "BEGIN_AZIMUTH": "",
  "BEGIN_LOCATION": "",
  "END_RANGE": "",
  "END_AZIMUTH": "",
  "END_LOCATION": "",
  "BEGIN_LAT": "",
  "BEGIN_LON": "",
  "END_LAT": "",
  "END_LON": "",
  "text": "After a long period of little rain, flash drought (D0-D2) began to creep back into western north Texas. This event continues into October.",
  "EVENT_NARRATIVE": "",
  "DATA_SOURCE": "CSV"
}
