{
  "BEGIN_YEARMONTH": 201509,
  "BEGIN_DAY": 11,
  "BEGIN_TIME": 1225,
  "END_YEARMONTH": 201509,
  "END_DAY": 11,
  "END_TIME": 1225,
  "EPISODE_ID": 99577,
  "EVENT_ID": 597518,
  "STATE": "TENNESSEE",
  "STATE_FIPS": 47,
  "YEAR": 2015,
  "MONTH_NAME": "September",
  "EVENT_TYPE": "Lightning",
  "CZ_TYPE": "C",
  "CZ_FIPS": 37,
  "CZ_NAME": "DAVIDSON",
  "WFO": "OHX",
  "BEGIN_DATE_TIME": "11-SEP-15 12:25:00",
  "CZ_TIMEZONE": "CST-6",
  "END_DATE_TIME": "11-SEP-15 12:25:00",
  "INJURIES_DIRECT": 0,
  "INJURIES_INDIRECT": 0,
  "DEATHS_DIRECT": 0,
  "DEATHS_INDIRECT": 0,
  "DAMAGE_PROPERTY": "25.00K",
  "DAMAGE_CROPS": "0.00K",
  "SOURCE": "Trained Spotter",
  "MAGNITUDE": "",
  "MAGNITUDE_TYPE": "",
  "FLOOD_CAUSE": "",
  "CATEGORY": "",
  "TOR_F_SCALE": "",
  "TOR_LENGTH": "",
  "TOR_WIDTH": "",
  "TOR_OTHER_WFO": "",
  "TOR_OTHER_CZ_STATE": "",
  "TOR_OTHER_CZ_FIPS": "",
  "TOR_OTHER_CZ_NAME": "",
  "BEGIN_RANGE": 1,
  "BEGIN_AZIMUTH": "E",
  "BEGIN_LOCATION": "BERRY HILL",
  "END_RANGE": 1,
  "END_AZIMUTH": "E",
  "END_LOCATION": "BERRY HILL",
  "BEGIN_LAT": 36.1171,
  "BEGIN_LON": -86.748,
  "END_LAT": 36.1171,
  "END_LON": -86.748,
  "text": "Scattered showers and thunderstorms affected much of Middle Tennessee throughout the day on September 14. One report of lightning damage was received.",
  "EVENT_NARRATIVE": "A trained spotter reported that lightning struck the Iglesia de Cristo Grandview Church on Nolensville Road just south of I-440. Extensive electrical damage occurred to the interior of the building.",
  "DATA_SOURCE": "CSV"
}
