{
  "BEGIN_YEARMONTH": 201509,
  "BEGIN_DAY": 30,
  "BEGIN_TIME": 800,
  "END_YEARMONTH": 201509,
  "END_DAY": 30,
  "END_TIME": 1100,
  "EPISODE_ID": 99696,
  "EVENT_ID": 597951,
  "STATE": "VERMONT",
  "STATE_FIPS": 50,
  "YEAR": 2015,
  "MONTH_NAME": "September",
  "EVENT_TYPE": "Flood",
  "CZ_TYPE": "C",
  "CZ_FIPS": 25,
  "CZ_NAME": "WINDHAM",
  "WFO": "ALY",
  "BEGIN_DATE_TIME": "30-SEP-15 08:00:00",
  "CZ_TIMEZONE": "EST-5",
  "END_DATE_TIME": "30-SEP-15 11:00:00",
  "INJURIES_DIRECT": 0,
  "INJURIES_INDIRECT": 0,
  "DEATHS_DIRECT": 0,
  "DEATHS_INDIRECT": 0,
  "DAMAGE_PROPERTY": "10.00K",
  "DAMAGE_CROPS": "0.00K",
  "SOURCE": "Amateur Radio",
  "MAGNITUDE": "",
  "MAGNITUDE_TYPE": "",
  "FLOOD_CAUSE": "Heavy Rain",
  "CATEGORY": "",
  "TOR_F_SCALE": "",
  "TOR_LENGTH": "",
  "TOR_WIDTH": "",
  "TOR_OTHER_WFO": "",
  "TOR_OTHER_CZ_STATE": "",
  "TOR_OTHER_CZ_FIPS": "",
  "TOR_OTHER_CZ_NAME": "",
  "BEGIN_RANGE": 1,
  "BEGIN_AZIMUTH": "SSW",
  "BEGIN_LOCATION": "VERNON",
  "END_RANGE": 1,
  "END_AZIMUTH": "S",
  "END_LOCATION": "VERNON",
  "BEGIN_LAT": 42.7625,
  "BEGIN_LON": -72.5228,
  "END_LAT": 42.7622,
  "END_LON": -72.5207,
  "text": "A slow-moving cold front approached southern Vermont from the Great Lakes on Tuesday, September 29th. Ahead of this front, a southerly flow out of the Gulf of Mexico allowed plenty of tropical moisture to surge into the region, with an unusually humid air mass in place for late September. As an area of low pressure developed along this boundary, areas of rain showers transitioned into a widespread rainfall during the evening hours, with heavy rainfall falling between the late evening hours and early morning hours on Wednesday, September 30th as the front crossed the region. Rain fell in excess of one half inch per hour at times. The rain finally tapered off by the mid to late morning hours, as the front continued to move away from the area. By the time the rain ended, most areas saw two to four inches of rainfall, with the highest totals around 4.30 inches in Putney.||As a result of the heavy rainfall, many roads were inundated with standing water.  Although the recent dry conditions and low streamflows prevented many larger rivers from reaching flood stage, some smaller streams and creeks overflowed their banks.  One road was reported to be washed away in North Vernon.",
  "EVENT_NARRATIVE": "Southward Drive in North Vernon was washed out due to flooding from heavy rainfall.",
  "DATA_SOURCE": "CSV"
}
