{
  "BEGIN_YEARMONTH": 201509,
  "BEGIN_DAY": 9,
  "BEGIN_TIME": 1625,
  "END_YEARMONTH": 201509,
  "END_DAY": 9,
  "END_TIME": 1630,
  "EPISODE_ID": 99575,
  "EVENT_ID": 597512,
  "STATE": "TENNESSEE",
  "STATE_FIPS": 47,
  "YEAR": 2015,
  "MONTH_NAME": "September",
  "EVENT_TYPE": "Thunderstorm Wind",
  "CZ_TYPE": "C",
  "CZ_FIPS": 31,
  "CZ_NAME": "COFFEE",
  "WFO": "OHX",
  "BEGIN_DATE_TIME": "09-SEP-15 16:25:00",
  "CZ_TIMEZONE": "CST-6",
  "END_DATE_TIME": "09-SEP-15 16:30:00",
  "INJURIES_DIRECT": 0,
  "INJURIES_INDIRECT": 0,
  "DEATHS_DIRECT": 0,
  "DEATHS_INDIRECT": 0,
  "DAMAGE_PROPERTY": "10.00K",
  "DAMAGE_CROPS": "0.00K",
  "SOURCE": "Broadcast Media",
  "MAGNITUDE": 52,
  "MAGNITUDE_TYPE": "EG",
  "FLOOD_CAUSE": "",
  "CATEGORY": "",
  "TOR_F_SCALE": "",
  "TOR_LENGTH": "",
  "TOR_WIDTH": "",
  "TOR_OTHER_WFO": "",
  "TOR_OTHER_CZ_STATE": "",
  "TOR_OTHER_CZ_FIPS": "",
  "TOR_OTHER_CZ_NAME": "",
  "BEGIN_RANGE": 1,
  "BEGIN_AZIMUTH": "SW",
  "BEGIN_LOCATION": "MANCHESTER",
  "END_RANGE": 1,
  "END_AZIMUTH": "N",
  "END_LOCATION": "MANCHESTER",
  "BEGIN_LAT": 35.4695,
  "BEGIN_LON": -86.0986,
  "END_LAT": 35.4878,
  "END_LON": -86.0812,
  "text": "Numerous showers and thunderstorms developed across Middle Tennessee during the afternoon and evening hours on September 9. One report of wind damage and another report of a funnel cloud were received.",
  "EVENT_NARRATIVE": "A 0.5 mile wide by 1.5 mile long microburst struck Manchester from the Westwood Middle School area northeast to near Coffee County Middle School. The roof of a dugout at Westwood Middle School was blown off across Westwood School Road to the east knocking down a fence. Several trees and power lines were also blown down, including across Fred Deadman Park and Dave King Park. One tree fell onto a house on Taylor Street. Up to 2,300 people were without power at one time.",
  "DATA_SOURCE": "CSV"
}
