{
  "BEGIN_YEARMONTH": 201509,
  "BEGIN_DAY": 10,
  "BEGIN_TIME": 1628,
  "END_YEARMONTH": 201509,
  "END_DAY": 10,
  "END_TIME": 1632,
  "EPISODE_ID": 98918,
  "EVENT_ID": 594087,
  "STATE": "SOUTH CAROLINA",
  "STATE_FIPS": 45,
  "YEAR": 2015,
  "MONTH_NAME": "September",
  "EVENT_TYPE": "Thunderstorm Wind",
  "CZ_TYPE": "C",
  "CZ_FIPS": 57,
  "CZ_NAME": "LANCASTER",
  "WFO": "CAE",
  "BEGIN_DATE_TIME": "10-SEP-15 16:28:00",
  "CZ_TIMEZONE": "EST-5",
  "END_DATE_TIME": "10-SEP-15 16:32:00",
  "INJURIES_DIRECT": 0,
  "INJURIES_INDIRECT": 0,
  "DEATHS_DIRECT": 0,
  "DEATHS_INDIRECT": 0,
  "DAMAGE_PROPERTY": "12.00K",
  "DAMAGE_CROPS": "0.00K",
  "SOURCE": "State Official",
  "MAGNITUDE": 50,
  "MAGNITUDE_TYPE": "EG",
  "FLOOD_CAUSE": "",
  "CATEGORY": "",
  "TOR_F_SCALE": "",
  "TOR_LENGTH": "",
  "TOR_WIDTH": "",
  "TOR_OTHER_WFO": "",
  "TOR_OTHER_CZ_STATE": "",
  "TOR_OTHER_CZ_FIPS": "",
  "TOR_OTHER_CZ_NAME": "",
  "BEGIN_RANGE": 1,
  "BEGIN_AZIMUTH": "E",
  "BEGIN_LOCATION": "LANCASTER",
  "END_RANGE": 1,
  "END_AZIMUTH": "E",
  "END_LOCATION": "LANCASTER",
  "BEGIN_LAT": 34.72,
  "BEGIN_LON": -80.75,
  "END_LAT": 34.72,
  "END_LON": -80.75,
  "text": "A few thunderstorms in the Eastern Midlands produced some wind damage taking down trees and powerlines.",
  "EVENT_NARRATIVE": "Dispatch reported a large carport and shed blown down on Fairfield Street in Lancaster.",
  "DATA_SOURCE": "CSV"
}
