{
  "BEGIN_YEARMONTH": 201509,
  "BEGIN_DAY": 26,
  "BEGIN_TIME": 230,
  "END_YEARMONTH": 201509,
  "END_DAY": 26,
  "END_TIME": 330,
  "EPISODE_ID": 99400,
  "EVENT_ID": 596726,
  "STATE": "SOUTH CAROLINA",
  "STATE_FIPS": 45,
  "YEAR": 2015,
  "MONTH_NAME": "September",
  "EVENT_TYPE": "Flood",
  "CZ_TYPE": "C",
  "CZ_FIPS": 79,
  "CZ_NAME": "RICHLAND",
  "WFO": "CAE",
  "BEGIN_DATE_TIME": "26-SEP-15 02:30:00",
  "CZ_TIMEZONE": "EST-5",
  "END_DATE_TIME": "26-SEP-15 03:30:00",
  "INJURIES_DIRECT": 0,
  "INJURIES_INDIRECT": 0,
  "DEATHS_DIRECT": 0,
  "DEATHS_INDIRECT": 0,
  "DAMAGE_PROPERTY": "16.00K",
  "DAMAGE_CROPS": "0.00K",
  "SOURCE": "Public",
  "MAGNITUDE": "",
  "MAGNITUDE_TYPE": "",
  "FLOOD_CAUSE": "Heavy Rain",
  "CATEGORY": "",
  "TOR_F_SCALE": "",
  "TOR_LENGTH": "",
  "TOR_WIDTH": "",
  "TOR_OTHER_WFO": "",
  "TOR_OTHER_CZ_STATE": "",
  "TOR_OTHER_CZ_FIPS": "",
  "TOR_OTHER_CZ_NAME": "",
  "BEGIN_RANGE": 5,
  "BEGIN_AZIMUTH": "N",
  "BEGIN_LOCATION": "EASTOVER",
  "END_RANGE": 4,
  "END_AZIMUTH": "NNE",
  "END_LOCATION": "EASTOVER",
  "BEGIN_LAT": 33.94,
  "BEGIN_LON": -80.69,
  "END_LAT": 33.9257,
  "END_LON": -80.6788,
  "text": "Heavy rains over the Midlands of South Carolina produced 2 to 4 inches of accumulation within a few hours causing areas of flash flooding.  Some roads were washed out as a result.",
  "EVENT_NARRATIVE": "Business owner reported flooding under Hwy 378 overpass at Hwy 601. Minor water damage to the interior rooms of the business.",
  "DATA_SOURCE": "CSV"
}
