{
  "BEGIN_YEARMONTH": 201509,
  "BEGIN_DAY": 21,
  "BEGIN_TIME": 2036,
  "END_YEARMONTH": 201509,
  "END_DAY": 21,
  "END_TIME": 2040,
  "EPISODE_ID": 99151,
  "EVENT_ID": 595754,
  "STATE": "SOUTH CAROLINA",
  "STATE_FIPS": 45,
  "YEAR": 2015,
  "MONTH_NAME": "September",
  "EVENT_TYPE": "Thunderstorm Wind",
  "CZ_TYPE": "C",
  "CZ_FIPS": 79,
  "CZ_NAME": "RICHLAND",
  "WFO": "CAE",
  "BEGIN_DATE_TIME": "21-SEP-15 20:36:00",
  "CZ_TIMEZONE": "EST-5",
  "END_DATE_TIME": "21-SEP-15 20:40:00",
  "INJURIES_DIRECT": 0,
  "INJURIES_INDIRECT": 0,
  "DEATHS_DIRECT": 0,
  "DEATHS_INDIRECT": 0,
  "DAMAGE_PROPERTY": "1.00K",
  "DAMAGE_CROPS": "0.00K",
  "SOURCE": "NWS Storm Survey",
  "MAGNITUDE": 50,
  "MAGNITUDE_TYPE": "EG",
  "FLOOD_CAUSE": "",
  "CATEGORY": "",
  "TOR_F_SCALE": "",
  "TOR_LENGTH": "",
  "TOR_WIDTH": "",
  "TOR_OTHER_WFO": "",
  "TOR_OTHER_CZ_STATE": "",
  "TOR_OTHER_CZ_FIPS": "",
  "TOR_OTHER_CZ_NAME": "",
  "BEGIN_RANGE": 4,
  "BEGIN_AZIMUTH": "NE",
  "BEGIN_LOCATION": "EASTOVER",
  "END_RANGE": 4,
  "END_AZIMUTH": "NE",
  "END_LOCATION": "EASTOVER",
  "BEGIN_LAT": 33.9102,
  "BEGIN_LON": -80.6532,
  "END_LAT": 33.9102,
  "END_LON": -80.6532,
  "text": "Thunderstorms over Richland County produced 2 to 4 inches of rain within 1 to 2 hours producing flash flooding in Columbia. A couple of vehicles became trapped in the flooding when trying to drive through the flooded areas.",
  "EVENT_NARRATIVE": "NWS storm survey found a couple of trees down on Pine Thicket Road.",
  "DATA_SOURCE": "CSV"
}
