{
  "BEGIN_YEARMONTH": 201509,
  "BEGIN_DAY": 10,
  "BEGIN_TIME": 1645,
  "END_YEARMONTH": 201509,
  "END_DAY": 10,
  "END_TIME": 1649,
  "EPISODE_ID": 98920,
  "EVENT_ID": 594094,
  "STATE": "GEORGIA",
  "STATE_FIPS": 13,
  "YEAR": 2015,
  "MONTH_NAME": "September",
  "EVENT_TYPE": "Thunderstorm Wind",
  "CZ_TYPE": "C",
  "CZ_FIPS": 33,
  "CZ_NAME": "BURKE",
  "WFO": "CAE",
  "BEGIN_DATE_TIME": "10-SEP-15 16:45:00",
  "CZ_TIMEZONE": "EST-5",
  "END_DATE_TIME": "10-SEP-15 16:49:00",
  "INJURIES_DIRECT": 0,
  "INJURIES_INDIRECT": 0,
  "DEATHS_DIRECT": 0,
  "DEATHS_INDIRECT": 0,
  "DAMAGE_PROPERTY": "8.00K",
  "DAMAGE_CROPS": "0.00K",
  "SOURCE": "Law Enforcement",
  "MAGNITUDE": 55,
  "MAGNITUDE_TYPE": "EG",
  "FLOOD_CAUSE": "",
  "CATEGORY": "",
  "TOR_F_SCALE": "",
  "TOR_LENGTH": "",
  "TOR_WIDTH": "",
  "TOR_OTHER_WFO": "",
  "TOR_OTHER_CZ_STATE": "",
  "TOR_OTHER_CZ_FIPS": "",
  "TOR_OTHER_CZ_NAME": "",
  "BEGIN_RANGE": 1,
  "BEGIN_AZIMUTH": "W",
  "BEGIN_LOCATION": "OLD SARDIS",
  "END_RANGE": 1,
  "END_AZIMUTH": "W",
  "END_LOCATION": "OLD SARDIS",
  "BEGIN_LAT": 32.97,
  "BEGIN_LON": -81.76,
  "END_LAT": 32.97,
  "END_LON": -81.76,
  "text": "A couple of thunderstorms in Burke County took down some trees.",
  "EVENT_NARRATIVE": "Sheriff reported trees and powerlines down on Hwy 23 near Sardis.",
  "DATA_SOURCE": "CSV"
}
