{
  "BEGIN_YEARMONTH": 201509,
  "BEGIN_DAY": 29,
  "BEGIN_TIME": 1702,
  "END_YEARMONTH": 201509,
  "END_DAY": 29,
  "END_TIME": 1704,
  "EPISODE_ID": 99562,
  "EVENT_ID": 597461,
  "STATE": "WYOMING",
  "STATE_FIPS": 56,
  "YEAR": 2015,
  "MONTH_NAME": "September",
  "EVENT_TYPE": "Hail",
  "CZ_TYPE": "C",
  "CZ_FIPS": 15,
  "CZ_NAME": "GOSHEN",
  "WFO": "CYS",
  "BEGIN_DATE_TIME": "29-SEP-15 17:02:00",
  "CZ_TIMEZONE": "MST-7",
  "END_DATE_TIME": "29-SEP-15 17:04:00",
  "INJURIES_DIRECT": 0,
  "INJURIES_INDIRECT": 0,
  "DEATHS_DIRECT": 0,
  "DEATHS_INDIRECT": 0,
  "DAMAGE_PROPERTY": "0.00K",
  "DAMAGE_CROPS": "0.00K",
  "SOURCE": "Trained Spotter",
  "MAGNITUDE": 1,
  "MAGNITUDE_TYPE": "",
  "FLOOD_CAUSE": "",
  "CATEGORY": "",
  "TOR_F_SCALE": "",
  "TOR_LENGTH": "",
  "TOR_WIDTH": "",
  "TOR_OTHER_WFO": "",
  "TOR_OTHER_CZ_STATE": "",
  "TOR_OTHER_CZ_FIPS": "",
  "TOR_OTHER_CZ_NAME": "",
  "BEGIN_RANGE": 0,
  "BEGIN_AZIMUTH": "N",
  "BEGIN_LOCATION": "LINGLE",
  "END_RANGE": 0,
  "END_AZIMUTH": "N",
  "END_LOCATION": "LINGLE",
  "BEGIN_LAT": 42.14,
  "BEGIN_LON": -104.35,
  "END_LAT": 42.14,
  "END_LON": -104.35,
  "text": "A thunderstorm produced large hail in east central Goshen County.",
  "EVENT_NARRATIVE": "Pea to quarter size hail was observed at Lingle.",
  "DATA_SOURCE": "CSV"
}
