{
  "BEGIN_YEARMONTH": 201509,
  "BEGIN_DAY": 9,
  "BEGIN_TIME": 1506,
  "END_YEARMONTH": 201509,
  "END_DAY": 9,
  "END_TIME": 1506,
  "EPISODE_ID": 99611,
  "EVENT_ID": 597597,
  "STATE": "VERMONT",
  "STATE_FIPS": 50,
  "YEAR": 2015,
  "MONTH_NAME": "September",
  "EVENT_TYPE": "Lightning",
  "CZ_TYPE": "C",
  "CZ_FIPS": 19,
  "CZ_NAME": "ORLEANS",
  "WFO": "BTV",
  "BEGIN_DATE_TIME": "09-SEP-15 15:06:00",
  "CZ_TIMEZONE": "EST-5",
  "END_DATE_TIME": "09-SEP-15 15:06:00",
  "INJURIES_DIRECT": 0,
  "INJURIES_INDIRECT": 0,
  "DEATHS_DIRECT": 0,
  "DEATHS_INDIRECT": 0,
  "DAMAGE_PROPERTY": "1.00K",
  "DAMAGE_CROPS": "0.00K",
  "SOURCE": "Broadcast Media",
  "MAGNITUDE": "",
  "MAGNITUDE_TYPE": "",
  "FLOOD_CAUSE": "",
  "CATEGORY": "",
  "TOR_F_SCALE": "",
  "TOR_LENGTH": "",
  "TOR_WIDTH": "",
  "TOR_OTHER_WFO": "",
  "TOR_OTHER_CZ_STATE": "",
  "TOR_OTHER_CZ_FIPS": "",
  "TOR_OTHER_CZ_NAME": "",
  "BEGIN_RANGE": 0,
  "BEGIN_AZIMUTH": "N",
  "BEGIN_LOCATION": "NORTH TROY",
  "END_RANGE": 0,
  "END_AZIMUTH": "N",
  "END_LOCATION": "NORTH TROY",
  "BEGIN_LAT": 45,
  "BEGIN_LON": -72.4,
  "END_LAT": 45,
  "END_LON": -72.4,
  "text": "A cold front moved across the northern New York and Vermont during the afternoon of September 9th and developed a broken line of showers and thunderstorms. One isolated thunderstorm was briefly strong enough to produce very localized wind damage in the form of some downed trees in the town of Derby Line in Orleans county Vermont.",
  "EVENT_NARRATIVE": "Lightning struck a tree in North Troy.",
  "DATA_SOURCE": "CSV"
}
