{
  "BEGIN_YEARMONTH": 201509,
  "BEGIN_DAY": 10,
  "BEGIN_TIME": 1855,
  "END_YEARMONTH": 201509,
  "END_DAY": 10,
  "END_TIME": 1859,
  "EPISODE_ID": 98918,
  "EVENT_ID": 594092,
  "STATE": "SOUTH CAROLINA",
  "STATE_FIPS": 45,
  "YEAR": 2015,
  "MONTH_NAME": "September",
  "EVENT_TYPE": "Thunderstorm Wind",
  "CZ_TYPE": "C",
  "CZ_FIPS": 27,
  "CZ_NAME": "CLARENDON",
  "WFO": "CAE",
  "BEGIN_DATE_TIME": "10-SEP-15 18:55:00",
  "CZ_TIMEZONE": "EST-5",
  "END_DATE_TIME": "10-SEP-15 18:59:00",
  "INJURIES_DIRECT": 0,
  "INJURIES_INDIRECT": 0,
  "DEATHS_DIRECT": 0,
  "DEATHS_INDIRECT": 0,
  "DAMAGE_PROPERTY": "4.00K",
  "DAMAGE_CROPS": "0.00K",
  "SOURCE": "Emergency Manager",
  "MAGNITUDE": 55,
  "MAGNITUDE_TYPE": "EG",
  "FLOOD_CAUSE": "",
  "CATEGORY": "",
  "TOR_F_SCALE": "",
  "TOR_LENGTH": "",
  "TOR_WIDTH": "",
  "TOR_OTHER_WFO": "",
  "TOR_OTHER_CZ_STATE": "",
  "TOR_OTHER_CZ_FIPS": "",
  "TOR_OTHER_CZ_NAME": "",
  "BEGIN_RANGE": 1,
  "BEGIN_AZIMUTH": "N",
  "BEGIN_LOCATION": "FORESTON",
  "END_RANGE": 1,
  "END_AZIMUTH": "N",
  "END_LOCATION": "FORESTON",
  "BEGIN_LAT": 33.64,
  "BEGIN_LON": -80.07,
  "END_LAT": 33.64,
  "END_LON": -80.07,
  "text": "A few thunderstorms in the Eastern Midlands produced some wind damage taking down trees and powerlines.",
  "EVENT_NARRATIVE": "EM reported trees down on Greeleyville Hwy near Foreston Hwy.",
  "DATA_SOURCE": "CSV"
}
