{
  "BEGIN_YEARMONTH": 201510,
  "BEGIN_DAY": 9,
  "BEGIN_TIME": 1549,
  "END_YEARMONTH": 201510,
  "END_DAY": 9,
  "END_TIME": 1549,
  "EPISODE_ID": 100740,
  "EVENT_ID": 602776,
  "STATE": "ATLANTIC NORTH",
  "STATE_FIPS": 88,
  "YEAR": 2015,
  "MONTH_NAME": "October",
  "EVENT_TYPE": "Marine Thunderstorm Wind",
  "CZ_TYPE": "Z",
  "CZ_FIPS": 530,
  "CZ_NAME": "CHESAPEAKE BAY N OF POOLES IS MD",
  "WFO": "LWX",
  "BEGIN_DATE_TIME": "09-OCT-15 15:49:00",
  "CZ_TIMEZONE": "EST-5",
  "END_DATE_TIME": "09-OCT-15 15:49:00",
  "INJURIES_DIRECT": 0,
  "INJURIES_INDIRECT": 0,
  "DEATHS_DIRECT": 0,
  "DEATHS_INDIRECT": 0,
  "DAMAGE_PROPERTY": "",
  "DAMAGE_CROPS": "",
  "SOURCE": "Mesonet",
  "MAGNITUDE": 34,
  "MAGNITUDE_TYPE": "EG",
  "FLOOD_CAUSE": "",
  "CATEGORY": "",
  "TOR_F_SCALE": "",
  "TOR_LENGTH": "",
  "TOR_WIDTH": "",
  "TOR_OTHER_WFO": "",
  "TOR_OTHER_CZ_STATE": "",
  "TOR_OTHER_CZ_FIPS": "",
  "TOR_OTHER_CZ_NAME": "",
  "BEGIN_RANGE": 5,
  "BEGIN_AZIMUTH": "SE",
  "BEGIN_LOCATION": "SUSQUEHANNA RIVER BUOY (44057)",
  "END_RANGE": 5,
  "END_AZIMUTH": "SE",
  "END_LOCATION": "SUSQUEHANNA RIVER BUOY (44057)",
  "BEGIN_LAT": 39.4958,
  "BEGIN_LON": -75.9858,
  "END_LAT": 39.4958,
  "END_LON": -75.9858,
  "text": "A cold front moved through the region during the afternoon. Deep layer shear values around 40 knots with ML Cape values of around 500 J/kg generated scattered showers with embedded stronger storms.",
  "EVENT_NARRATIVE": "NRTBY reported gusts between 31 and 34 knots.",
  "DATA_SOURCE": "CSV"
}
