{
  "BEGIN_YEARMONTH": 201509,
  "BEGIN_DAY": 6,
  "BEGIN_TIME": 1530,
  "END_YEARMONTH": 201509,
  "END_DAY": 6,
  "END_TIME": 1530,
  "EPISODE_ID": 98654,
  "EVENT_ID": 592969,
  "STATE": "GULF OF MEXICO",
  "STATE_FIPS": 85,
  "YEAR": 2015,
  "MONTH_NAME": "September",
  "EVENT_TYPE": "Waterspout",
  "CZ_TYPE": "Z",
  "CZ_FIPS": 830,
  "CZ_NAME": "Tampa Bay",
  "WFO": "TBW",
  "BEGIN_DATE_TIME": "06-SEP-15 15:30:00",
  "CZ_TIMEZONE": "EST-5",
  "END_DATE_TIME": "06-SEP-15 15:30:00",
  "INJURIES_DIRECT": 0,
  "INJURIES_INDIRECT": 0,
  "DEATHS_DIRECT": 0,
  "DEATHS_INDIRECT": 0,
  "DAMAGE_PROPERTY": "0.00K",
  "DAMAGE_CROPS": "0.00K",
  "SOURCE": "Broadcast Media",
  "MAGNITUDE": "",
  "MAGNITUDE_TYPE": "",
  "FLOOD_CAUSE": "",
  "CATEGORY": "",
  "TOR_F_SCALE": "",
  "TOR_LENGTH": "",
  "TOR_WIDTH": "",
  "TOR_OTHER_WFO": "",
  "TOR_OTHER_CZ_STATE": "",
  "TOR_OTHER_CZ_FIPS": "",
  "TOR_OTHER_CZ_NAME": "",
  "BEGIN_RANGE": 4,
  "BEGIN_AZIMUTH": "WNW",
  "BEGIN_LOCATION": "MIDDLE TAMPA BAY",
  "END_RANGE": 4,
  "END_AZIMUTH": "S",
  "END_LOCATION": "OLD TAMPA BAY",
  "BEGIN_LAT": 27.79,
  "BEGIN_LON": -82.59,
  "END_LAT": 27.8,
  "END_LON": -82.59,
  "text": "Scattered thunderstorms moved across the Tampa Bay region throughout the afternoon. One of these storms produced a brief lived waterspout.",
  "EVENT_NARRATIVE": "Broadcast media relayed a report and pictures of a waterspout over the Tampa Bay, just north of the St. Petersburg pier. Time and exact location were estimated from TTPA terminal Doppler radar.",
  "DATA_SOURCE": "CSV"
}
