{
  "BEGIN_YEARMONTH": 201509,
  "BEGIN_DAY": 2,
  "BEGIN_TIME": 1540,
  "END_YEARMONTH": 201509,
  "END_DAY": 2,
  "END_TIME": 1610,
  "EPISODE_ID": 99930,
  "EVENT_ID": 599074,
  "STATE": "FLORIDA",
  "STATE_FIPS": 12,
  "YEAR": 2015,
  "MONTH_NAME": "September",
  "EVENT_TYPE": "Heavy Rain",
  "CZ_TYPE": "C",
  "CZ_FIPS": 35,
  "CZ_NAME": "FLAGLER",
  "WFO": "JAX",
  "BEGIN_DATE_TIME": "02-SEP-15 15:40:00",
  "CZ_TIMEZONE": "EST-5",
  "END_DATE_TIME": "02-SEP-15 16:10:00",
  "INJURIES_DIRECT": 0,
  "INJURIES_INDIRECT": 0,
  "DEATHS_DIRECT": 0,
  "DEATHS_INDIRECT": 0,
  "DAMAGE_PROPERTY": "0.00K",
  "DAMAGE_CROPS": "0.00K",
  "SOURCE": "Emergency Manager",
  "MAGNITUDE": "",
  "MAGNITUDE_TYPE": "",
  "FLOOD_CAUSE": "",
  "CATEGORY": "",
  "TOR_F_SCALE": "",
  "TOR_LENGTH": "",
  "TOR_WIDTH": "",
  "TOR_OTHER_WFO": "",
  "TOR_OTHER_CZ_STATE": "",
  "TOR_OTHER_CZ_FIPS": "",
  "TOR_OTHER_CZ_NAME": "",
  "BEGIN_RANGE": 0,
  "BEGIN_AZIMUTH": "N",
  "BEGIN_LOCATION": "BUNNELL",
  "END_RANGE": 0,
  "END_AZIMUTH": "N",
  "END_LOCATION": "BUNNELL",
  "BEGIN_LAT": 29.47,
  "BEGIN_LON": -81.26,
  "END_LAT": 29.47,
  "END_LON": -81.26,
  "text": "The remnants of T.S. Erika crossed the forecast area from the Gulf region through the day. High moisture combined with forcing and weak onshore convergence around the remnant low brought waves of heavy rainfall and isolated strong storms.",
  "EVENT_NARRATIVE": "The Flagler EOC measured 1.55 of rainfall in 30 minutes. A storm total of 1.57 was measured.",
  "DATA_SOURCE": "CSV"
}
