{
  "BEGIN_YEARMONTH": 201510,
  "BEGIN_DAY": 18,
  "BEGIN_TIME": 1240,
  "END_YEARMONTH": 201510,
  "END_DAY": 18,
  "END_TIME": 1250,
  "EPISODE_ID": 100741,
  "EVENT_ID": 602787,
  "STATE": "ATLANTIC NORTH",
  "STATE_FIPS": 88,
  "YEAR": 2015,
  "MONTH_NAME": "October",
  "EVENT_TYPE": "Marine Thunderstorm Wind",
  "CZ_TYPE": "Z",
  "CZ_FIPS": 531,
  "CZ_NAME": "CHESAPEAKE BAY POOLES IS TO SANDY PT MD",
  "WFO": "LWX",
  "BEGIN_DATE_TIME": "18-OCT-15 12:40:00",
  "CZ_TIMEZONE": "EST-5",
  "END_DATE_TIME": "18-OCT-15 12:50:00",
  "INJURIES_DIRECT": 0,
  "INJURIES_INDIRECT": 0,
  "DEATHS_DIRECT": 0,
  "DEATHS_INDIRECT": 0,
  "DAMAGE_PROPERTY": "",
  "DAMAGE_CROPS": "",
  "SOURCE": "Buoy",
  "MAGNITUDE": 35,
  "MAGNITUDE_TYPE": "MG",
  "FLOOD_CAUSE": "",
  "CATEGORY": "",
  "TOR_F_SCALE": "",
  "TOR_LENGTH": "",
  "TOR_WIDTH": "",
  "TOR_OTHER_WFO": "",
  "TOR_OTHER_CZ_STATE": "",
  "TOR_OTHER_CZ_FIPS": "",
  "TOR_OTHER_CZ_NAME": "",
  "BEGIN_RANGE": 0,
  "BEGIN_AZIMUTH": "N",
  "BEGIN_LOCATION": "PATAPSCO BUOY (44043)",
  "END_RANGE": 0,
  "END_AZIMUTH": "N",
  "END_LOCATION": "PATAPSCO BUOY (44043)",
  "BEGIN_LAT": 39.15,
  "BEGIN_LON": -76.39,
  "END_LAT": 39.15,
  "END_LON": -76.39,
  "text": "Shortwave rounding the base of an upper level trough extended over the eastern US triggered scattered showers, with embedded strong storms.",
  "EVENT_NARRATIVE": "Patapsco Buoy 44043 reported gusts between 31 and 35 knots.",
  "DATA_SOURCE": "CSV"
}
