{
  "BEGIN_YEARMONTH": 201509,
  "BEGIN_DAY": 11,
  "BEGIN_TIME": 50,
  "END_YEARMONTH": 201509,
  "END_DAY": 11,
  "END_TIME": 50,
  "EPISODE_ID": 98867,
  "EVENT_ID": 595581,
  "STATE": "OKLAHOMA",
  "STATE_FIPS": 40,
  "YEAR": 2015,
  "MONTH_NAME": "September",
  "EVENT_TYPE": "Thunderstorm Wind",
  "CZ_TYPE": "C",
  "CZ_FIPS": 119,
  "CZ_NAME": "PAYNE",
  "WFO": "OUN",
  "BEGIN_DATE_TIME": "11-SEP-15 00:50:00",
  "CZ_TIMEZONE": "CST-6",
  "END_DATE_TIME": "11-SEP-15 00:50:00",
  "INJURIES_DIRECT": 0,
  "INJURIES_INDIRECT": 0,
  "DEATHS_DIRECT": 0,
  "DEATHS_INDIRECT": 0,
  "DAMAGE_PROPERTY": "10.00K",
  "DAMAGE_CROPS": "0.00K",
  "SOURCE": "Emergency Manager",
  "MAGNITUDE": 56,
  "MAGNITUDE_TYPE": "EG",
  "FLOOD_CAUSE": "",
  "CATEGORY": "",
  "TOR_F_SCALE": "",
  "TOR_LENGTH": "",
  "TOR_WIDTH": "",
  "TOR_OTHER_WFO": "",
  "TOR_OTHER_CZ_STATE": "",
  "TOR_OTHER_CZ_FIPS": "",
  "TOR_OTHER_CZ_NAME": "",
  "BEGIN_RANGE": 0,
  "BEGIN_AZIMUTH": "N",
  "BEGIN_LOCATION": "STILLWATER",
  "END_RANGE": 0,
  "END_AZIMUTH": "N",
  "END_LOCATION": "STILLWATER",
  "BEGIN_LAT": 36.12,
  "BEGIN_LON": -97.06,
  "END_LAT": 36.12,
  "END_LON": -97.06,
  "text": "As an upper level trough moved through the region, a cold front swept into northern Oklahoma just after midnight on the 11th, bringing with it a line of thunderstorms. The line quickly fell apart, but not before a few of the storms produced severe winds in north central Oklahoma.",
  "EVENT_NARRATIVE": "Several tree limbs and whole trees blew down, with some of the limbs going through roofs.",
  "DATA_SOURCE": "CSV"
}
