{
  "BEGIN_YEARMONTH": 201509,
  "BEGIN_DAY": 26,
  "BEGIN_TIME": 200,
  "END_YEARMONTH": 201509,
  "END_DAY": 26,
  "END_TIME": 300,
  "EPISODE_ID": 99400,
  "EVENT_ID": 596725,
  "STATE": "SOUTH CAROLINA",
  "STATE_FIPS": 45,
  "YEAR": 2015,
  "MONTH_NAME": "September",
  "EVENT_TYPE": "Flood",
  "CZ_TYPE": "C",
  "CZ_FIPS": 79,
  "CZ_NAME": "RICHLAND",
  "WFO": "CAE",
  "BEGIN_DATE_TIME": "26-SEP-15 02:00:00",
  "CZ_TIMEZONE": "EST-5",
  "END_DATE_TIME": "26-SEP-15 03:00:00",
  "INJURIES_DIRECT": 0,
  "INJURIES_INDIRECT": 0,
  "DEATHS_DIRECT": 0,
  "DEATHS_INDIRECT": 0,
  "DAMAGE_PROPERTY": "62.00K",
  "DAMAGE_CROPS": "0.00K",
  "SOURCE": "Public",
  "MAGNITUDE": "",
  "MAGNITUDE_TYPE": "",
  "FLOOD_CAUSE": "Heavy Rain",
  "CATEGORY": "",
  "TOR_F_SCALE": "",
  "TOR_LENGTH": "",
  "TOR_WIDTH": "",
  "TOR_OTHER_WFO": "",
  "TOR_OTHER_CZ_STATE": "",
  "TOR_OTHER_CZ_FIPS": "",
  "TOR_OTHER_CZ_NAME": "",
  "BEGIN_RANGE": 3,
  "BEGIN_AZIMUTH": "SSW",
  "BEGIN_LOCATION": "LEESBURG",
  "END_RANGE": 3,
  "END_AZIMUTH": "SSE",
  "END_LOCATION": "LEESBURG",
  "BEGIN_LAT": 33.99,
  "BEGIN_LON": -80.71,
  "END_LAT": 33.9918,
  "END_LON": -80.6855,
  "text": "Heavy rains over the Midlands of South Carolina produced 2 to 4 inches of accumulation within a few hours causing areas of flash flooding.  Some roads were washed out as a result.",
  "EVENT_NARRATIVE": "Images relayed from a trained spotter via social media showed road wash outs and flooded landscape. Murray Pond flooded and water went into residential properties.",
  "DATA_SOURCE": "CSV"
}
