{
  "BEGIN_YEARMONTH": 201509,
  "BEGIN_DAY": 11,
  "BEGIN_TIME": 115,
  "END_YEARMONTH": 201509,
  "END_DAY": 11,
  "END_TIME": 115,
  "EPISODE_ID": 98867,
  "EVENT_ID": 595584,
  "STATE": "OKLAHOMA",
  "STATE_FIPS": 40,
  "YEAR": 2015,
  "MONTH_NAME": "September",
  "EVENT_TYPE": "Thunderstorm Wind",
  "CZ_TYPE": "C",
  "CZ_FIPS": 119,
  "CZ_NAME": "PAYNE",
  "WFO": "OUN",
  "BEGIN_DATE_TIME": "11-SEP-15 01:15:00",
  "CZ_TIMEZONE": "CST-6",
  "END_DATE_TIME": "11-SEP-15 01:15:00",
  "INJURIES_DIRECT": 0,
  "INJURIES_INDIRECT": 0,
  "DEATHS_DIRECT": 0,
  "DEATHS_INDIRECT": 0,
  "DAMAGE_PROPERTY": "",
  "DAMAGE_CROPS": "",
  "SOURCE": "Emergency Manager",
  "MAGNITUDE": 58,
  "MAGNITUDE_TYPE": "MG",
  "FLOOD_CAUSE": "",
  "CATEGORY": "",
  "TOR_F_SCALE": "",
  "TOR_LENGTH": "",
  "TOR_WIDTH": "",
  "TOR_OTHER_WFO": "",
  "TOR_OTHER_CZ_STATE": "",
  "TOR_OTHER_CZ_FIPS": "",
  "TOR_OTHER_CZ_NAME": "",
  "BEGIN_RANGE": 1,
  "BEGIN_AZIMUTH": "W",
  "BEGIN_LOCATION": "CUSHING",
  "END_RANGE": 1,
  "END_AZIMUTH": "W",
  "END_LOCATION": "CUSHING",
  "BEGIN_LAT": 35.98,
  "BEGIN_LON": -96.77,
  "END_LAT": 35.98,
  "END_LON": -96.77,
  "text": "As an upper level trough moved through the region, a cold front swept into northern Oklahoma just after midnight on the 11th, bringing with it a line of thunderstorms. The line quickly fell apart, but not before a few of the storms produced severe winds in north central Oklahoma.",
  "EVENT_NARRATIVE": "Power outages were also reported.",
  "DATA_SOURCE": "CSV"
}
