{
  "BEGIN_YEARMONTH": 201510,
  "BEGIN_DAY": 5,
  "BEGIN_TIME": 2255,
  "END_YEARMONTH": 201510,
  "END_DAY": 6,
  "END_TIME": 715,
  "EPISODE_ID": 100529,
  "EVENT_ID": 602009,
  "STATE": "WEST VIRGINIA",
  "STATE_FIPS": 54,
  "YEAR": 2015,
  "MONTH_NAME": "October",
  "EVENT_TYPE": "Dense Fog",
  "CZ_TYPE": "Z",
  "CZ_FIPS": 506,
  "CZ_NAME": "EASTERN PENDLETON",
  "WFO": "LWX",
  "BEGIN_DATE_TIME": "05-OCT-15 22:55:00",
  "CZ_TIMEZONE": "EST-5",
  "END_DATE_TIME": "06-OCT-15 07:15:00",
  "INJURIES_DIRECT": 0,
  "INJURIES_INDIRECT": 0,
  "DEATHS_DIRECT": 0,
  "DEATHS_INDIRECT": 0,
  "DAMAGE_PROPERTY": "",
  "DAMAGE_CROPS": "",
  "SOURCE": "AWOS",
  "MAGNITUDE": "",
  "MAGNITUDE_TYPE": "",
  "FLOOD_CAUSE": "",
  "CATEGORY": "",
  "TOR_F_SCALE": "",
  "TOR_LENGTH": "",
  "TOR_WIDTH": "",
  "TOR_OTHER_WFO": "",
  "TOR_OTHER_CZ_STATE": "",
  "TOR_OTHER_CZ_FIPS": "",
  "TOR_OTHER_CZ_NAME": "",
  "BEGIN_RANGE": "",
  "BEGIN_AZIMUTH": "",
  "BEGIN_LOCATION": "",
  "END_RANGE": "",
  "END_AZIMUTH": "",
  "END_LOCATION": "",
  "BEGIN_LAT": "",
  "BEGIN_LON": "",
  "END_LAT": "",
  "END_LON": "",
  "text": "High pressure centered over southern Pennsylvania led to light winds and clear skies. Valley fog developed as a result late in the night.",
  "EVENT_NARRATIVE": "W99, 8W2 and LUA reported visibilities less than one quarter mile.",
  "DATA_SOURCE": "CSV"
}
