{
  "BEGIN_YEARMONTH": 201509,
  "BEGIN_DAY": 9,
  "BEGIN_TIME": 1658,
  "END_YEARMONTH": 201509,
  "END_DAY": 9,
  "END_TIME": 1710,
  "EPISODE_ID": 99055,
  "EVENT_ID": 594719,
  "STATE": "KANSAS",
  "STATE_FIPS": 20,
  "YEAR": 2015,
  "MONTH_NAME": "September",
  "EVENT_TYPE": "Thunderstorm Wind",
  "CZ_TYPE": "C",
  "CZ_FIPS": 109,
  "CZ_NAME": "LOGAN",
  "WFO": "GLD",
  "BEGIN_DATE_TIME": "09-SEP-15 16:58:00",
  "CZ_TIMEZONE": "CST-6",
  "END_DATE_TIME": "09-SEP-15 17:10:00",
  "INJURIES_DIRECT": 0,
  "INJURIES_INDIRECT": 0,
  "DEATHS_DIRECT": 0,
  "DEATHS_INDIRECT": 0,
  "DAMAGE_PROPERTY": "0.00K",
  "DAMAGE_CROPS": "0.00K",
  "SOURCE": "AWOS",
  "MAGNITUDE": 70,
  "MAGNITUDE_TYPE": "MG",
  "FLOOD_CAUSE": "",
  "CATEGORY": "",
  "TOR_F_SCALE": "",
  "TOR_LENGTH": "",
  "TOR_WIDTH": "",
  "TOR_OTHER_WFO": "",
  "TOR_OTHER_CZ_STATE": "",
  "TOR_OTHER_CZ_FIPS": "",
  "TOR_OTHER_CZ_NAME": "",
  "BEGIN_RANGE": 0,
  "BEGIN_AZIMUTH": "S",
  "BEGIN_LOCATION": "OAKLEY MUNI ARPT",
  "END_RANGE": 0,
  "END_AZIMUTH": "S",
  "END_LOCATION": "OAKLEY MUNI ARPT",
  "BEGIN_LAT": 39.1136,
  "BEGIN_LON": -100.819,
  "END_LAT": 39.1136,
  "END_LON": -100.819,
  "text": "A small cluster of strong to severe storms moved southeast across Northwest Kansas.  Hail up to nickel size was reported between Oakley and Grinnell.  The main hazard was the high winds produced by the thunderstorm outflow ahead of the cluster.  The highest measured wind gust was 80 MPH at Oakley.  These high winds snapped a power pole near Angelus on Highway 40.",
  "EVENT_NARRATIVE": "The highest measured wind speed was 80 MPH.",
  "DATA_SOURCE": "CSV"
}
