{
  "BEGIN_YEARMONTH": 201509,
  "BEGIN_DAY": 4,
  "BEGIN_TIME": 905,
  "END_YEARMONTH": 201509,
  "END_DAY": 4,
  "END_TIME": 913,
  "EPISODE_ID": 98626,
  "EVENT_ID": 592845,
  "STATE": "GULF OF MEXICO",
  "STATE_FIPS": 85,
  "YEAR": 2015,
  "MONTH_NAME": "September",
  "EVENT_TYPE": "Waterspout",
  "CZ_TYPE": "Z",
  "CZ_FIPS": 830,
  "CZ_NAME": "Tampa Bay",
  "WFO": "TBW",
  "BEGIN_DATE_TIME": "04-SEP-15 09:05:00",
  "CZ_TIMEZONE": "EST-5",
  "END_DATE_TIME": "04-SEP-15 09:13:00",
  "INJURIES_DIRECT": 0,
  "INJURIES_INDIRECT": 0,
  "DEATHS_DIRECT": 0,
  "DEATHS_INDIRECT": 0,
  "DAMAGE_PROPERTY": "0.00K",
  "DAMAGE_CROPS": "0.00K",
  "SOURCE": "ASOS",
  "MAGNITUDE": "",
  "MAGNITUDE_TYPE": "",
  "FLOOD_CAUSE": "",
  "CATEGORY": "",
  "TOR_F_SCALE": "",
  "TOR_LENGTH": "",
  "TOR_WIDTH": "",
  "TOR_OTHER_WFO": "",
  "TOR_OTHER_CZ_STATE": "",
  "TOR_OTHER_CZ_FIPS": "",
  "TOR_OTHER_CZ_NAME": "",
  "BEGIN_RANGE": 10,
  "BEGIN_AZIMUTH": "NW",
  "BEGIN_LOCATION": "OLD TAMPA BAY",
  "END_RANGE": 9,
  "END_AZIMUTH": "NW",
  "END_LOCATION": "OLD TAMPA BAY",
  "BEGIN_LAT": 27.949,
  "BEGIN_LON": -82.709,
  "END_LAT": 27.94,
  "END_LON": -82.689,
  "text": "Scattered morning showers developed and moved across the Tampa Bay. One of these showers produced a brief lived waterspout.",
  "EVENT_NARRATIVE": "The tower observers at St. Petersburg-Clearwater International Airport (KPIE) reported a waterspout that began at 1405 Z, and ended at 1413 Z. Later, broadcast media relayed a picture from the general public.",
  "DATA_SOURCE": "CSV"
}
