{
  "BEGIN_YEARMONTH": 201504,
  "BEGIN_DAY": 2,
  "BEGIN_TIME": 2235,
  "END_YEARMONTH": 201504,
  "END_DAY": 2,
  "END_TIME": 2235,
  "EPISODE_ID": 93332,
  "EVENT_ID": 560441,
  "STATE": "KANSAS",
  "STATE_FIPS": 20,
  "YEAR": 2015,
  "MONTH_NAME": "April",
  "EVENT_TYPE": "Hail",
  "CZ_TYPE": "C",
  "CZ_FIPS": 155,
  "CZ_NAME": "RENO",
  "WFO": "ICT",
  "BEGIN_DATE_TIME": "02-APR-15 22:35:00",
  "CZ_TIMEZONE": "CST-6",
  "END_DATE_TIME": "02-APR-15 22:35:00",
  "INJURIES_DIRECT": 0,
  "INJURIES_INDIRECT": 0,
  "DEATHS_DIRECT": 0,
  "DEATHS_INDIRECT": 0,
  "DAMAGE_PROPERTY": "",
  "DAMAGE_CROPS": "",
  "SOURCE": "Trained Spotter",
  "MAGNITUDE": 1,
  "MAGNITUDE_TYPE": "",
  "FLOOD_CAUSE": "",
  "CATEGORY": "",
  "TOR_F_SCALE": "",
  "TOR_LENGTH": "",
  "TOR_WIDTH": "",
  "TOR_OTHER_WFO": "",
  "TOR_OTHER_CZ_STATE": "",
  "TOR_OTHER_CZ_FIPS": "",
  "TOR_OTHER_CZ_NAME": "",
  "BEGIN_RANGE": 2,
  "BEGIN_AZIMUTH": "W",
  "BEGIN_LOCATION": "ARLINGTON",
  "END_RANGE": 2,
  "END_AZIMUTH": "W",
  "END_LOCATION": "ARLINGTON",
  "BEGIN_LAT": 37.9,
  "BEGIN_LON": -98.21,
  "END_LAT": 37.9,
  "END_LON": -98.21,
  "text": "A small compact complex of severe thunderstorms developed near the border of Colorado and Kansas during the late evening hours of April 2nd, 2015.  This severe thunderstorm continued to develop and intensify as it moved east into Central Kansas and took on bow echo-like characteristics. This bow-echo storm later produced quite a punch with damaging straight-line winds and large hail reported across much of Central and South Central Kansas. As the bow-echo approached Sedgwick and Harvey counties, channeled microbursts developed and caused significant straight-line wind damage.  Power was knocked out to over 28,000 residents in the northern sections of Wichita for almost 5 days. Wichita and Maize schools cancelled classes on Friday, April 3rd, due to the power outages.  This dangerous storm continued to move through South Central Kansas during the early morning hours, and took on supercellular characteristics as it moved into Southeast Kansas producing hail up to the size of grapefruits.",
  "EVENT_NARRATIVE": "A trained spotter also estimated 60 mph winds.",
  "DATA_SOURCE": "CSV"
}
