{
  "BEGIN_YEARMONTH": 201509,
  "BEGIN_DAY": 8,
  "BEGIN_TIME": 1807,
  "END_YEARMONTH": 201509,
  "END_DAY": 8,
  "END_TIME": 1807,
  "EPISODE_ID": 98866,
  "EVENT_ID": 593829,
  "STATE": "OKLAHOMA",
  "STATE_FIPS": 40,
  "YEAR": 2015,
  "MONTH_NAME": "September",
  "EVENT_TYPE": "Thunderstorm Wind",
  "CZ_TYPE": "C",
  "CZ_FIPS": 125,
  "CZ_NAME": "POTTAWATOMIE",
  "WFO": "OUN",
  "BEGIN_DATE_TIME": "08-SEP-15 18:07:00",
  "CZ_TIMEZONE": "CST-6",
  "END_DATE_TIME": "08-SEP-15 18:07:00",
  "INJURIES_DIRECT": 0,
  "INJURIES_INDIRECT": 0,
  "DEATHS_DIRECT": 0,
  "DEATHS_INDIRECT": 0,
  "DAMAGE_PROPERTY": "0.00K",
  "DAMAGE_CROPS": "0.00K",
  "SOURCE": "Trained Spotter",
  "MAGNITUDE": 52,
  "MAGNITUDE_TYPE": "EG",
  "FLOOD_CAUSE": "",
  "CATEGORY": "",
  "TOR_F_SCALE": "",
  "TOR_LENGTH": "",
  "TOR_WIDTH": "",
  "TOR_OTHER_WFO": "",
  "TOR_OTHER_CZ_STATE": "",
  "TOR_OTHER_CZ_FIPS": "",
  "TOR_OTHER_CZ_NAME": "",
  "BEGIN_RANGE": 3,
  "BEGIN_AZIMUTH": "WSW",
  "BEGIN_LOCATION": "JOHNSON",
  "END_RANGE": 3,
  "END_AZIMUTH": "WSW",
  "END_LOCATION": "JOHNSON",
  "BEGIN_LAT": 35.39,
  "BEGIN_LON": -96.88,
  "END_LAT": 35.39,
  "END_LON": -96.88,
  "text": "As a cold front surged south through Oklahoma on the evening of the 8th, a line of storms fired along the front producing with some of them producing severe winds.",
  "EVENT_NARRATIVE": "No damage reported.",
  "DATA_SOURCE": "CSV"
}
