{
  "BEGIN_YEARMONTH": 201509,
  "BEGIN_DAY": 10,
  "BEGIN_TIME": 1718,
  "END_YEARMONTH": 201509,
  "END_DAY": 10,
  "END_TIME": 1723,
  "EPISODE_ID": 99062,
  "EVENT_ID": 594745,
  "STATE": "KANSAS",
  "STATE_FIPS": 20,
  "YEAR": 2015,
  "MONTH_NAME": "September",
  "EVENT_TYPE": "Hail",
  "CZ_TYPE": "C",
  "CZ_FIPS": 137,
  "CZ_NAME": "NORTON",
  "WFO": "GLD",
  "BEGIN_DATE_TIME": "10-SEP-15 17:18:00",
  "CZ_TIMEZONE": "CST-6",
  "END_DATE_TIME": "10-SEP-15 17:23:00",
  "INJURIES_DIRECT": 0,
  "INJURIES_INDIRECT": 0,
  "DEATHS_DIRECT": 0,
  "DEATHS_INDIRECT": 0,
  "DAMAGE_PROPERTY": "",
  "DAMAGE_CROPS": "",
  "SOURCE": "Trained Spotter",
  "MAGNITUDE": 2.75,
  "MAGNITUDE_TYPE": "",
  "FLOOD_CAUSE": "",
  "CATEGORY": "",
  "TOR_F_SCALE": "",
  "TOR_LENGTH": "",
  "TOR_WIDTH": "",
  "TOR_OTHER_WFO": "",
  "TOR_OTHER_CZ_STATE": "",
  "TOR_OTHER_CZ_FIPS": "",
  "TOR_OTHER_CZ_NAME": "",
  "BEGIN_RANGE": 1,
  "BEGIN_AZIMUTH": "NW",
  "BEGIN_LOCATION": "ALMENA",
  "END_RANGE": 1,
  "END_AZIMUTH": "NW",
  "END_LOCATION": "ALMENA",
  "BEGIN_LAT": 39.89,
  "BEGIN_LON": -99.71,
  "END_LAT": 39.89,
  "END_LON": -99.71,
  "text": "A few severe thunderstorms moved across portions of Northwest Kansas during the afternoon.  The largest hail reported was ping-pong ball size near Almena with the first round of storms.  The second round involved a very strong storm moving south out of Nebraska.  Large hail up to baseball size fell for several minutes in the Almena area and near Reager.",
  "EVENT_NARRATIVE": "Baseball size hail lasted for about 5 minutes before decreasing to nickel size at the time of the call.",
  "DATA_SOURCE": "CSV"
}
