{
  "BEGIN_YEARMONTH": 201607,
  "BEGIN_DAY": 17,
  "BEGIN_TIME": 1540,
  "END_YEARMONTH": 201607,
  "END_DAY": 17,
  "END_TIME": 1545,
  "EPISODE_ID": 108455,
  "EVENT_ID": 649700,
  "STATE": "LAKE SUPERIOR",
  "STATE_FIPS": 92,
  "YEAR": 2016,
  "MONTH_NAME": "July",
  "EVENT_TYPE": "Marine Thunderstorm Wind",
  "CZ_TYPE": "Z",
  "CZ_FIPS": 263,
  "CZ_NAME": "SAXON HARBOR WI TO UPPER ENTRANCE OF PORTAGE CANAL MI 5NM OFFSHORE TO US/CANADIAN BORDER INC ISLE ROYAL NP",
  "WFO": "MQT",
  "BEGIN_DATE_TIME": "17-JUL-16 15:40:00",
  "CZ_TIMEZONE": "EST-5",
  "END_DATE_TIME": "17-JUL-16 15:45:00",
  "INJURIES_DIRECT": 0,
  "INJURIES_INDIRECT": 0,
  "DEATHS_DIRECT": 0,
  "DEATHS_INDIRECT": 0,
  "DAMAGE_PROPERTY": "0.00K",
  "DAMAGE_CROPS": "0.00K",
  "SOURCE": "C-MAN Station",
  "MAGNITUDE": 43,
  "MAGNITUDE_TYPE": "MG",
  "FLOOD_CAUSE": "",
  "CATEGORY": "",
  "TOR_F_SCALE": "",
  "TOR_LENGTH": "",
  "TOR_WIDTH": "",
  "TOR_OTHER_WFO": "",
  "TOR_OTHER_CZ_STATE": "",
  "TOR_OTHER_CZ_FIPS": "",
  "TOR_OTHER_CZ_NAME": "",
  "BEGIN_RANGE": 0,
  "BEGIN_AZIMUTH": "N",
  "BEGIN_LOCATION": "ROCK OF AGES LIGHT",
  "END_RANGE": 0,
  "END_AZIMUTH": "N",
  "END_LOCATION": "ROCK OF AGES LIGHT",
  "BEGIN_LAT": 47.77,
  "BEGIN_LON": -89.22,
  "END_LAT": 47.77,
  "END_LON": -89.22,
  "text": "A strong thunderstorm developed on the afternoon of the 17th and produced a 49 mph wind gust at Rock of Ages Light.",
  "EVENT_NARRATIVE": "The Rock of Ages C-MAN station measured a peak thunderstorm wind gust of 49 mph.",
  "DATA_SOURCE": "CSV"
}
