{
  "BEGIN_YEARMONTH": 201607,
  "BEGIN_DAY": 12,
  "BEGIN_TIME": 130,
  "END_YEARMONTH": 201607,
  "END_DAY": 12,
  "END_TIME": 135,
  "EPISODE_ID": 108452,
  "EVENT_ID": 649696,
  "STATE": "LAKE SUPERIOR",
  "STATE_FIPS": 92,
  "YEAR": 2016,
  "MONTH_NAME": "July",
  "EVENT_TYPE": "Marine Thunderstorm Wind",
  "CZ_TYPE": "Z",
  "CZ_FIPS": 247,
  "CZ_NAME": "PORTAGE LAKE TO HURON IS MI TO LOWER ENTRANCE OF PORTAGE CANAL TO HURON IS INC KEWEENAW AND HURON BAYS",
  "WFO": "MQT",
  "BEGIN_DATE_TIME": "12-JUL-16 01:30:00",
  "CZ_TIMEZONE": "EST-5",
  "END_DATE_TIME": "12-JUL-16 01:35:00",
  "INJURIES_DIRECT": 0,
  "INJURIES_INDIRECT": 0,
  "DEATHS_DIRECT": 0,
  "DEATHS_INDIRECT": 0,
  "DAMAGE_PROPERTY": "0.00K",
  "DAMAGE_CROPS": "0.00K",
  "SOURCE": "Buoy",
  "MAGNITUDE": 41,
  "MAGNITUDE_TYPE": "MG",
  "FLOOD_CAUSE": "",
  "CATEGORY": "",
  "TOR_F_SCALE": "",
  "TOR_LENGTH": "",
  "TOR_WIDTH": "",
  "TOR_OTHER_WFO": "",
  "TOR_OTHER_CZ_STATE": "",
  "TOR_OTHER_CZ_FIPS": "",
  "TOR_OTHER_CZ_NAME": "",
  "BEGIN_RANGE": 2,
  "BEGIN_AZIMUTH": "E",
  "BEGIN_LOCATION": "KEWEENAW LOWER ENTRANCE LIGHT",
  "END_RANGE": 2,
  "END_AZIMUTH": "E",
  "END_LOCATION": "KEWEENAW LOWER ENTRANCE LIGHT",
  "BEGIN_LAT": 46.969,
  "BEGIN_LON": -88.398,
  "END_LAT": 46.969,
  "END_LON": -88.398,
  "text": "A warm and humid air mass in place combined a low pressure system approaching from the Northern Plains set the stage for strong to severe thunderstorms over the west half of Lake Superior from the evening of the 11th into the early morning of the 12th.",
  "EVENT_NARRATIVE": "Measured thunderstorm wind gust at buoy 45025 in Keweenaw Bay.",
  "DATA_SOURCE": "CSV"
}
