{
  "BEGIN_YEARMONTH": 201608,
  "BEGIN_DAY": 2,
  "BEGIN_TIME": 300,
  "END_YEARMONTH": 201608,
  "END_DAY": 2,
  "END_TIME": 622,
  "EPISODE_ID": 107755,
  "EVENT_ID": 645730,
  "STATE": "NEW YORK",
  "STATE_FIPS": 36,
  "YEAR": 2016,
  "MONTH_NAME": "August",
  "EVENT_TYPE": "Flash Flood",
  "CZ_TYPE": "C",
  "CZ_FIPS": 1,
  "CZ_NAME": "ALBANY",
  "WFO": "ALY",
  "BEGIN_DATE_TIME": "02-AUG-16 03:00:00",
  "CZ_TIMEZONE": "EST-5",
  "END_DATE_TIME": "02-AUG-16 06:22:00",
  "INJURIES_DIRECT": 0,
  "INJURIES_INDIRECT": 0,
  "DEATHS_DIRECT": 0,
  "DEATHS_INDIRECT": 0,
  "DAMAGE_PROPERTY": "0.00K",
  "DAMAGE_CROPS": "0.00K",
  "SOURCE": "Broadcast Media",
  "MAGNITUDE": "",
  "MAGNITUDE_TYPE": "",
  "FLOOD_CAUSE": "Heavy Rain",
  "CATEGORY": "",
  "TOR_F_SCALE": "",
  "TOR_LENGTH": "",
  "TOR_WIDTH": "",
  "TOR_OTHER_WFO": "",
  "TOR_OTHER_CZ_STATE": "",
  "TOR_OTHER_CZ_FIPS": "",
  "TOR_OTHER_CZ_NAME": "",
  "BEGIN_RANGE": 1,
  "BEGIN_AZIMUTH": "NNE",
  "BEGIN_LOCATION": "NORTH BETHLEHEM",
  "END_RANGE": 1,
  "END_AZIMUTH": "NE",
  "END_LOCATION": "NORTH BETHLEHEM",
  "BEGIN_LAT": 42.6829,
  "BEGIN_LON": -73.8418,
  "END_LAT": 42.6819,
  "END_LON": -73.8378,
  "text": "A humid air mass was in place over the region during the early morning hours on Tuesday, August 2nd.  Thanks to a  nearby frontal boundary,  a cluster of slow moving thunderstorms moved south out of the Adirondacks and Lake George-Saratoga Region towards the Capital Region during the late night hours.  These thunderstorms produced an excessive amount of lightning along with very heavy rainfall.  As this rainfall occurred over the Capital Region, flash flooding occurred within the urban areas within Albany and Schenectady due to the high rainfall rates.  One to three inches of rain occurred within just a few hour period, leading to ponding of water on many streets.  Despite the early hour, some water rescues occurred, as cars became stranded along roadways.||As thunderstorms moved south and east of the region, flood waters receded during the morning hours, ending the flash flooding threat.",
  "EVENT_NARRATIVE": "U.S. Route 20 (Western Avenue) was closed in both direction at Stuyvesant Plaza in Albany due to flash flooding.",
  "DATA_SOURCE": "CSV"
}
