{
  "BEGIN_YEARMONTH": 201706,
  "BEGIN_DAY": 16,
  "BEGIN_TIME": 1825,
  "END_YEARMONTH": 201706,
  "END_DAY": 16,
  "END_TIME": 2130,
  "EPISODE_ID": 117367,
  "EVENT_ID": 706010,
  "STATE": "VIRGINIA",
  "STATE_FIPS": 51,
  "YEAR": 2017,
  "MONTH_NAME": "June",
  "EVENT_TYPE": "Flood",
  "CZ_TYPE": "C",
  "CZ_FIPS": 165,
  "CZ_NAME": "ROCKINGHAM",
  "WFO": "LWX",
  "BEGIN_DATE_TIME": "16-JUN-17 18:25:00",
  "CZ_TIMEZONE": "EST-5",
  "END_DATE_TIME": "16-JUN-17 21:30:00",
  "INJURIES_DIRECT": 0,
  "INJURIES_INDIRECT": 0,
  "DEATHS_DIRECT": 0,
  "DEATHS_INDIRECT": 0,
  "DAMAGE_PROPERTY": "0.00K",
  "DAMAGE_CROPS": "0.00K",
  "SOURCE": "911 Call Center",
  "MAGNITUDE": "",
  "MAGNITUDE_TYPE": "",
  "FLOOD_CAUSE": "Heavy Rain",
  "CATEGORY": "",
  "TOR_F_SCALE": "",
  "TOR_LENGTH": "",
  "TOR_WIDTH": "",
  "TOR_OTHER_WFO": "",
  "TOR_OTHER_CZ_STATE": "",
  "TOR_OTHER_CZ_FIPS": "",
  "TOR_OTHER_CZ_NAME": "",
  "BEGIN_RANGE": 3,
  "BEGIN_AZIMUTH": "NNW",
  "BEGIN_LOCATION": "MC GAHEYSVILLE",
  "END_RANGE": 3,
  "END_AZIMUTH": "NNW",
  "END_LOCATION": "MC GAHEYSVILLE",
  "BEGIN_LAT": 38.4068,
  "BEGIN_LON": -78.7487,
  "END_LAT": 38.4066,
  "END_LON": -78.7486,
  "text": "A warm front moved northward across the Mid-Atlantic region and southerly flow transported moisture into the region. Breaks in sunshine led to increased instability and showers and thunderstorms formed and produced very heavy rain that led to flooding.",
  "EVENT_NARRATIVE": "Massanutten Drive was closed near Colo Road due to residual high water.",
  "DATA_SOURCE": "CSV"
}
