{
  "BEGIN_YEARMONTH": 201706,
  "BEGIN_DAY": 18,
  "BEGIN_TIME": 1520,
  "END_YEARMONTH": 201706,
  "END_DAY": 18,
  "END_TIME": 1520,
  "EPISODE_ID": 118336,
  "EVENT_ID": 711077,
  "STATE": "GULF OF MEXICO",
  "STATE_FIPS": 85,
  "YEAR": 2017,
  "MONTH_NAME": "June",
  "EVENT_TYPE": "Marine Thunderstorm Wind",
  "CZ_TYPE": "Z",
  "CZ_FIPS": 44,
  "CZ_NAME": "HAWK CHANNEL FROM WEST END OF SEVEN MILE BRIDGE TO HALFMOON SHOAL OUT TO THE REEF",
  "WFO": "KEY",
  "BEGIN_DATE_TIME": "18-JUN-17 15:20:00",
  "CZ_TIMEZONE": "EST-5",
  "END_DATE_TIME": "18-JUN-17 15:20:00",
  "INJURIES_DIRECT": 0,
  "INJURIES_INDIRECT": 0,
  "DEATHS_DIRECT": 0,
  "DEATHS_INDIRECT": 0,
  "DAMAGE_PROPERTY": "0.00K",
  "DAMAGE_CROPS": "0.00K",
  "SOURCE": "Official NWS Observations",
  "MAGNITUDE": 40,
  "MAGNITUDE_TYPE": "MG",
  "FLOOD_CAUSE": "",
  "CATEGORY": "",
  "TOR_F_SCALE": "",
  "TOR_LENGTH": "",
  "TOR_WIDTH": "",
  "TOR_OTHER_WFO": "",
  "TOR_OTHER_CZ_STATE": "",
  "TOR_OTHER_CZ_FIPS": "",
  "TOR_OTHER_CZ_NAME": "",
  "BEGIN_RANGE": 1,
  "BEGIN_AZIMUTH": "SW",
  "BEGIN_LOCATION": "KEY WEST",
  "END_RANGE": 1,
  "END_AZIMUTH": "SW",
  "END_LOCATION": "KEY WEST",
  "BEGIN_LAT": 24.5532,
  "BEGIN_LON": -81.7886,
  "END_LAT": 24.5532,
  "END_LON": -81.7886,
  "text": "Scattered thunderstorms with gale-force wind gusts developed gradually as a surface trough of low pressure moved from the northwest Caribbean Sea into the southeast Gulf of Mexico.",
  "EVENT_NARRATIVE": "A wind gust of 40 knots was measured at the NWS Weather Forecast Office in Key West.",
  "DATA_SOURCE": "CSV"
}
