{
  "BEGIN_YEARMONTH": 201706,
  "BEGIN_DAY": 19,
  "BEGIN_TIME": 1150,
  "END_YEARMONTH": 201706,
  "END_DAY": 19,
  "END_TIME": 1151,
  "EPISODE_ID": 117661,
  "EVENT_ID": 707521,
  "STATE": "INDIANA",
  "STATE_FIPS": 18,
  "YEAR": 2017,
  "MONTH_NAME": "June",
  "EVENT_TYPE": "Hail",
  "CZ_TYPE": "C",
  "CZ_FIPS": 39,
  "CZ_NAME": "ELKHART",
  "WFO": "IWX",
  "BEGIN_DATE_TIME": "19-JUN-17 11:50:00",
  "CZ_TIMEZONE": "EST-5",
  "END_DATE_TIME": "19-JUN-17 11:51:00",
  "INJURIES_DIRECT": 0,
  "INJURIES_INDIRECT": 0,
  "DEATHS_DIRECT": 0,
  "DEATHS_INDIRECT": 0,
  "DAMAGE_PROPERTY": "0.00K",
  "DAMAGE_CROPS": "0.00K",
  "SOURCE": "Public",
  "MAGNITUDE": 0.75,
  "MAGNITUDE_TYPE": "",
  "FLOOD_CAUSE": "",
  "CATEGORY": "",
  "TOR_F_SCALE": "",
  "TOR_LENGTH": "",
  "TOR_WIDTH": "",
  "TOR_OTHER_WFO": "",
  "TOR_OTHER_CZ_STATE": "",
  "TOR_OTHER_CZ_FIPS": "",
  "TOR_OTHER_CZ_NAME": "",
  "BEGIN_RANGE": 2,
  "BEGIN_AZIMUTH": "NE",
  "BEGIN_LOCATION": "(GSH)GOSHEN ARPT",
  "END_RANGE": 2,
  "END_AZIMUTH": "NE",
  "END_LOCATION": "(GSH)GOSHEN ARPT",
  "BEGIN_LAT": 41.55,
  "BEGIN_LON": -85.78,
  "END_LAT": 41.55,
  "END_LON": -85.78,
  "text": "Weak shortwave in upper level flow, surface trough moving over the area during the early afternoon-evening hours. Bulk effective shear of approximately 25-30 knots. Numerous outflow boundaries help locally intensify some storms with occasional bowing segments.",
  "EVENT_NARRATIVE": "",
  "DATA_SOURCE": "CSV"
}
