{
  "BEGIN_YEARMONTH": 201706,
  "BEGIN_DAY": 13,
  "BEGIN_TIME": 1924,
  "END_YEARMONTH": 201706,
  "END_DAY": 13,
  "END_TIME": 1924,
  "EPISODE_ID": 118352,
  "EVENT_ID": 711171,
  "STATE": "KANSAS",
  "STATE_FIPS": 20,
  "YEAR": 2017,
  "MONTH_NAME": "June",
  "EVENT_TYPE": "Hail",
  "CZ_TYPE": "C",
  "CZ_FIPS": 165,
  "CZ_NAME": "RUSH",
  "WFO": "DDC",
  "BEGIN_DATE_TIME": "13-JUN-17 19:24:00",
  "CZ_TIMEZONE": "CST-6",
  "END_DATE_TIME": "13-JUN-17 19:24:00",
  "INJURIES_DIRECT": 0,
  "INJURIES_INDIRECT": 0,
  "DEATHS_DIRECT": 0,
  "DEATHS_INDIRECT": 0,
  "DAMAGE_PROPERTY": "",
  "DAMAGE_CROPS": "",
  "SOURCE": "Public",
  "MAGNITUDE": 0.88,
  "MAGNITUDE_TYPE": "",
  "FLOOD_CAUSE": "",
  "CATEGORY": "",
  "TOR_F_SCALE": "",
  "TOR_LENGTH": "",
  "TOR_WIDTH": "",
  "TOR_OTHER_WFO": "",
  "TOR_OTHER_CZ_STATE": "",
  "TOR_OTHER_CZ_FIPS": "",
  "TOR_OTHER_CZ_NAME": "",
  "BEGIN_RANGE": 1,
  "BEGIN_AZIMUTH": "WSW",
  "BEGIN_LOCATION": "TIMKEN",
  "END_RANGE": 1,
  "END_AZIMUTH": "WSW",
  "END_LOCATION": "TIMKEN",
  "BEGIN_LAT": 38.46,
  "BEGIN_LON": -99.2,
  "END_LAT": 38.46,
  "END_LON": -99.2,
  "text": "A rather anomalous upper low (by mid-June standards) was centered |across western Wyoming and lifted north into Montana on June 13. A spoke of mid level potential vorticity swung around the base of the trough across in Colorado. This interacted with a formidable 250mb jet streak on the order of 80-90 knots and a dryline, which created convection initiation and severe storms.",
  "EVENT_NARRATIVE": "",
  "DATA_SOURCE": "CSV"
}
