{
  "BEGIN_YEARMONTH": 201706,
  "BEGIN_DAY": 14,
  "BEGIN_TIME": 1530,
  "END_YEARMONTH": 201706,
  "END_DAY": 14,
  "END_TIME": 1555,
  "EPISODE_ID": 115940,
  "EVENT_ID": 696657,
  "STATE": "GULF OF MEXICO",
  "STATE_FIPS": 85,
  "YEAR": 2017,
  "MONTH_NAME": "June",
  "EVENT_TYPE": "Waterspout",
  "CZ_TYPE": "Z",
  "CZ_FIPS": 853,
  "CZ_NAME": "ENGLEWOOD TO TARPON SPRINGS FL OUT 20NM",
  "WFO": "TBW",
  "BEGIN_DATE_TIME": "14-JUN-17 15:30:00",
  "CZ_TIMEZONE": "EST-5",
  "END_DATE_TIME": "14-JUN-17 15:55:00",
  "INJURIES_DIRECT": 0,
  "INJURIES_INDIRECT": 0,
  "DEATHS_DIRECT": 0,
  "DEATHS_INDIRECT": 0,
  "DAMAGE_PROPERTY": "0.00K",
  "DAMAGE_CROPS": "0.00K",
  "SOURCE": "Broadcast Media",
  "MAGNITUDE": "",
  "MAGNITUDE_TYPE": "",
  "FLOOD_CAUSE": "",
  "CATEGORY": "",
  "TOR_F_SCALE": "",
  "TOR_LENGTH": "",
  "TOR_WIDTH": "",
  "TOR_OTHER_WFO": "",
  "TOR_OTHER_CZ_STATE": "",
  "TOR_OTHER_CZ_FIPS": "",
  "TOR_OTHER_CZ_NAME": "",
  "BEGIN_RANGE": 5,
  "BEGIN_AZIMUTH": "WSW",
  "BEGIN_LOCATION": "LONGBOAT KEY",
  "END_RANGE": 8,
  "END_AZIMUTH": "W",
  "END_LOCATION": "LONGBOAT KEY",
  "BEGIN_LAT": 27.39,
  "BEGIN_LON": -82.65,
  "END_LAT": 27.4082,
  "END_LON": -82.7059,
  "text": "Deep moisture across the area led to scattered thunderstorms developing over the Florida Peninsula and working west towards the coast through the afternoon. Some of these storms produced marine wind gusts, as well as a waterspout.",
  "EVENT_NARRATIVE": "Broadcast media replayed a report from the public of a waterspout off Longboat Key.",
  "DATA_SOURCE": "CSV"
}
