{
  "BEGIN_YEARMONTH": 201711,
  "BEGIN_DAY": 5,
  "BEGIN_TIME": 2101,
  "END_YEARMONTH": 201711,
  "END_DAY": 5,
  "END_TIME": 2101,
  "EPISODE_ID": 121753,
  "EVENT_ID": 728828,
  "STATE": "PENNSYLVANIA",
  "STATE_FIPS": 42,
  "YEAR": 2017,
  "MONTH_NAME": "November",
  "EVENT_TYPE": "Thunderstorm Wind",
  "CZ_TYPE": "C",
  "CZ_FIPS": 63,
  "CZ_NAME": "INDIANA",
  "WFO": "PBZ",
  "BEGIN_DATE_TIME": "05-NOV-17 21:01:00",
  "CZ_TIMEZONE": "EST-5",
  "END_DATE_TIME": "05-NOV-17 21:01:00",
  "INJURIES_DIRECT": 0,
  "INJURIES_INDIRECT": 0,
  "DEATHS_DIRECT": 0,
  "DEATHS_INDIRECT": 0,
  "DAMAGE_PROPERTY": "2.00K",
  "DAMAGE_CROPS": "0.00K",
  "SOURCE": "Emergency Manager",
  "MAGNITUDE": 50,
  "MAGNITUDE_TYPE": "EG",
  "FLOOD_CAUSE": "",
  "CATEGORY": "",
  "TOR_F_SCALE": "",
  "TOR_LENGTH": "",
  "TOR_WIDTH": "",
  "TOR_OTHER_WFO": "",
  "TOR_OTHER_CZ_STATE": "",
  "TOR_OTHER_CZ_FIPS": "",
  "TOR_OTHER_CZ_NAME": "",
  "BEGIN_RANGE": 1,
  "BEGIN_AZIMUTH": "NE",
  "BEGIN_LOCATION": "PURCHASE LINE",
  "END_RANGE": 1,
  "END_AZIMUTH": "NE",
  "END_LOCATION": "PURCHASE LINE",
  "BEGIN_LAT": 40.74,
  "BEGIN_LON": -78.91,
  "END_LAT": 40.74,
  "END_LON": -78.91,
  "text": "A series of shortwaves and an approaching cold front produced rounds of showers and thunderstorms on the 5th and early on the 6th. A break in the precipitation in the afternoon allowed for sufficient heating and modest instability to support some strong to severe storms in the evening. In addition, dry air in the mid-levels enhanced the downburst potential. There were several reports of downed trees and power lines across eastern Ohio and western Pennsylvania. A tornado was also confirmed near Calcutta, Ohio. Periods of moderate rainfall of up to 2.5-3.0 inches also produced flooding across the region, despite the rather dry antecedent conditions.",
  "EVENT_NARRATIVE": "Emergency manager reported trees down in Green Township.",
  "DATA_SOURCE": "CSV"
}
