{
  "BEGIN_YEARMONTH": 201706,
  "BEGIN_DAY": 21,
  "BEGIN_TIME": 915,
  "END_YEARMONTH": 201706,
  "END_DAY": 21,
  "END_TIME": 1145,
  "EPISODE_ID": 116636,
  "EVENT_ID": 701353,
  "STATE": "FLORIDA",
  "STATE_FIPS": 12,
  "YEAR": 2017,
  "MONTH_NAME": "June",
  "EVENT_TYPE": "Flash Flood",
  "CZ_TYPE": "C",
  "CZ_FIPS": 133,
  "CZ_NAME": "WASHINGTON",
  "WFO": "TAE",
  "BEGIN_DATE_TIME": "21-JUN-17 09:15:00",
  "CZ_TIMEZONE": "CST-6",
  "END_DATE_TIME": "21-JUN-17 11:45:00",
  "INJURIES_DIRECT": 0,
  "INJURIES_INDIRECT": 0,
  "DEATHS_DIRECT": 0,
  "DEATHS_INDIRECT": 0,
  "DAMAGE_PROPERTY": "0.00K",
  "DAMAGE_CROPS": "0.00K",
  "SOURCE": "911 Call Center",
  "MAGNITUDE": "",
  "MAGNITUDE_TYPE": "",
  "FLOOD_CAUSE": "Heavy Rain",
  "CATEGORY": "",
  "TOR_F_SCALE": "",
  "TOR_LENGTH": "",
  "TOR_WIDTH": "",
  "TOR_OTHER_WFO": "",
  "TOR_OTHER_CZ_STATE": "",
  "TOR_OTHER_CZ_FIPS": "",
  "TOR_OTHER_CZ_NAME": "",
  "BEGIN_RANGE": 2,
  "BEGIN_AZIMUTH": "NW",
  "BEGIN_LOCATION": "CRYSTAL LAKE",
  "END_RANGE": 2,
  "END_AZIMUTH": "NNW",
  "END_LOCATION": "CRYSTAL LAKE",
  "BEGIN_LAT": 30.4546,
  "BEGIN_LON": -85.6994,
  "END_LAT": 30.467,
  "END_LON": -85.6997,
  "text": "Rain bands from Tropical Storm Cindy affected portions of the Florida panhandle with heavy rainfall and localized flooding.",
  "EVENT_NARRATIVE": "Water completely covered the roadway on Coyote Trail.",
  "DATA_SOURCE": "CSV"
}
