{
  "BEGIN_YEARMONTH": 201706,
  "BEGIN_DAY": 30,
  "BEGIN_TIME": 1242,
  "END_YEARMONTH": 201706,
  "END_DAY": 30,
  "END_TIME": 1242,
  "EPISODE_ID": 116632,
  "EVENT_ID": 701345,
  "STATE": "ALABAMA",
  "STATE_FIPS": 1,
  "YEAR": 2017,
  "MONTH_NAME": "June",
  "EVENT_TYPE": "Thunderstorm Wind",
  "CZ_TYPE": "C",
  "CZ_FIPS": 61,
  "CZ_NAME": "GENEVA",
  "WFO": "TAE",
  "BEGIN_DATE_TIME": "30-JUN-17 12:42:00",
  "CZ_TIMEZONE": "CST-6",
  "END_DATE_TIME": "30-JUN-17 12:42:00",
  "INJURIES_DIRECT": 0,
  "INJURIES_INDIRECT": 0,
  "DEATHS_DIRECT": 0,
  "DEATHS_INDIRECT": 0,
  "DAMAGE_PROPERTY": "2.00K",
  "DAMAGE_CROPS": "0.00K",
  "SOURCE": "911 Call Center",
  "MAGNITUDE": 50,
  "MAGNITUDE_TYPE": "EG",
  "FLOOD_CAUSE": "",
  "CATEGORY": "",
  "TOR_F_SCALE": "",
  "TOR_LENGTH": "",
  "TOR_WIDTH": "",
  "TOR_OTHER_WFO": "",
  "TOR_OTHER_CZ_STATE": "",
  "TOR_OTHER_CZ_FIPS": "",
  "TOR_OTHER_CZ_NAME": "",
  "BEGIN_RANGE": 0,
  "BEGIN_AZIMUTH": "N",
  "BEGIN_LOCATION": "SAMSON",
  "END_RANGE": 0,
  "END_AZIMUTH": "N",
  "END_LOCATION": "SAMSON",
  "BEGIN_LAT": 31.11,
  "BEGIN_LON": -86.04,
  "END_LAT": 31.11,
  "END_LON": -86.04,
  "text": "An isolated, brief severe storm developed in Geneva county with damage to power lines in the western portion of the county.",
  "EVENT_NARRATIVE": "Power lines were blown down in the Samson area.",
  "DATA_SOURCE": "CSV"
}
