{
  "BEGIN_YEARMONTH": 201706,
  "BEGIN_DAY": 19,
  "BEGIN_TIME": 1345,
  "END_YEARMONTH": 201706,
  "END_DAY": 19,
  "END_TIME": 1345,
  "EPISODE_ID": 118263,
  "EVENT_ID": 710728,
  "STATE": "SOUTH CAROLINA",
  "STATE_FIPS": 45,
  "YEAR": 2017,
  "MONTH_NAME": "June",
  "EVENT_TYPE": "Thunderstorm Wind",
  "CZ_TYPE": "C",
  "CZ_FIPS": 83,
  "CZ_NAME": "SPARTANBURG",
  "WFO": "GSP",
  "BEGIN_DATE_TIME": "19-JUN-17 13:45:00",
  "CZ_TIMEZONE": "EST-5",
  "END_DATE_TIME": "19-JUN-17 13:45:00",
  "INJURIES_DIRECT": 0,
  "INJURIES_INDIRECT": 0,
  "DEATHS_DIRECT": 0,
  "DEATHS_INDIRECT": 0,
  "DAMAGE_PROPERTY": "0.00K",
  "DAMAGE_CROPS": "0.00K",
  "SOURCE": "Trained Spotter",
  "MAGNITUDE": 50,
  "MAGNITUDE_TYPE": "EG",
  "FLOOD_CAUSE": "",
  "CATEGORY": "",
  "TOR_F_SCALE": "",
  "TOR_LENGTH": "",
  "TOR_WIDTH": "",
  "TOR_OTHER_WFO": "",
  "TOR_OTHER_CZ_STATE": "",
  "TOR_OTHER_CZ_FIPS": "",
  "TOR_OTHER_CZ_NAME": "",
  "BEGIN_RANGE": 2,
  "BEGIN_AZIMUTH": "NE",
  "BEGIN_LOCATION": "DRAYTON",
  "END_RANGE": 2,
  "END_AZIMUTH": "NE",
  "END_LOCATION": "DRAYTON",
  "BEGIN_LAT": 34.99,
  "BEGIN_LON": -81.88,
  "END_LAT": 34.99,
  "END_LON": -81.88,
  "text": "Isolated to widely scattered thunderstorms developed over the Upstate during the afternoon. One storm produced brief damaging winds in Spartanburg County.",
  "EVENT_NARRATIVE": "Spotter reported multiple large tree limbs blown down near the intersection of Cannon Campground Rd. and Plainview Dr.",
  "DATA_SOURCE": "CSV"
}
