{
  "BEGIN_YEARMONTH": 201706,
  "BEGIN_DAY": 28,
  "BEGIN_TIME": 1420,
  "END_YEARMONTH": 201706,
  "END_DAY": 28,
  "END_TIME": 1420,
  "EPISODE_ID": 117453,
  "EVENT_ID": 708341,
  "STATE": "IOWA",
  "STATE_FIPS": 19,
  "YEAR": 2017,
  "MONTH_NAME": "June",
  "EVENT_TYPE": "Funnel Cloud",
  "CZ_TYPE": "C",
  "CZ_FIPS": 187,
  "CZ_NAME": "WEBSTER",
  "WFO": "DMX",
  "BEGIN_DATE_TIME": "28-JUN-17 14:20:00",
  "CZ_TIMEZONE": "CST-6",
  "END_DATE_TIME": "28-JUN-17 14:20:00",
  "INJURIES_DIRECT": 0,
  "INJURIES_INDIRECT": 0,
  "DEATHS_DIRECT": 0,
  "DEATHS_INDIRECT": 0,
  "DAMAGE_PROPERTY": "0.00K",
  "DAMAGE_CROPS": "0.00K",
  "SOURCE": "Trained Spotter",
  "MAGNITUDE": "",
  "MAGNITUDE_TYPE": "",
  "FLOOD_CAUSE": "",
  "CATEGORY": "",
  "TOR_F_SCALE": "",
  "TOR_LENGTH": "",
  "TOR_WIDTH": "",
  "TOR_OTHER_WFO": "",
  "TOR_OTHER_CZ_STATE": "",
  "TOR_OTHER_CZ_FIPS": "",
  "TOR_OTHER_CZ_NAME": "",
  "BEGIN_RANGE": 4,
  "BEGIN_AZIMUTH": "N",
  "BEGIN_LOCATION": "TARA",
  "END_RANGE": 4,
  "END_AZIMUTH": "N",
  "END_LOCATION": "TARA",
  "BEGIN_LAT": 42.5516,
  "BEGIN_LON": -94.2895,
  "END_LAT": 42.5516,
  "END_LON": -94.2895,
  "text": "After a complex of storms moved through the state in the early morning hours of the 28th, producing a smattering of sub-severe to severe hail, the area found itself entrenched firmly within the warm sector of a low pressure system passing to the northwest.  Resulting MLCAPE values during the afternoon and early evening were in the 2000-3000 J/kg range, along with effective bulk shear around 40-50 kts, LCL heights under 1000 m, and semi-supportive 0-1 km helicity around 100 m2/s2.  With such an environment, parameters such as the sig tor (effective layer) highlighted large portions of Iowa during the afternoon and evening hours.  Resulting storms quickly went supercellular and proceeded to produce multiple tornadoes and large hail in excess of 2.5 inches throughout central and southwest Iowa. Seven tornadoes occurred across mainly rural portions of southwest into central Iowa in this event. The longest tornado was an EF1 tornado that touched down in Warren County and crossed into Marion County that was on the ground for over 17 miles. Much of the tornado  moved through rural portions of Warren and Marion Counties, but one farmstead received damage along the Warren/Marion County line with additional light damage to rural residences in Marion County. A large wedge EF2 tornado touched down in Taylor County moving through mainly rural areas. One outbuilding was nearly destroyed and minor damage was done to a house.",
  "EVENT_NARRATIVE": "Trained spotter reported a funnel cloud.",
  "DATA_SOURCE": "CSV"
}
