{
  "BEGIN_YEARMONTH": 201705,
  "BEGIN_DAY": 31,
  "BEGIN_TIME": 1715,
  "END_YEARMONTH": 201705,
  "END_DAY": 31,
  "END_TIME": 1720,
  "EPISODE_ID": 116695,
  "EVENT_ID": 701759,
  "STATE": "NEBRASKA",
  "STATE_FIPS": 31,
  "YEAR": 2017,
  "MONTH_NAME": "May",
  "EVENT_TYPE": "Hail",
  "CZ_TYPE": "C",
  "CZ_FIPS": 165,
  "CZ_NAME": "SIOUX",
  "WFO": "CYS",
  "BEGIN_DATE_TIME": "31-MAY-17 17:15:00",
  "CZ_TIMEZONE": "MST-7",
  "END_DATE_TIME": "31-MAY-17 17:20:00",
  "INJURIES_DIRECT": 0,
  "INJURIES_INDIRECT": 0,
  "DEATHS_DIRECT": 0,
  "DEATHS_INDIRECT": 0,
  "DAMAGE_PROPERTY": "0.00K",
  "DAMAGE_CROPS": "0.00K",
  "SOURCE": "Public",
  "MAGNITUDE": 1,
  "MAGNITUDE_TYPE": "",
  "FLOOD_CAUSE": "",
  "CATEGORY": "",
  "TOR_F_SCALE": "",
  "TOR_LENGTH": "",
  "TOR_WIDTH": "",
  "TOR_OTHER_WFO": "",
  "TOR_OTHER_CZ_STATE": "",
  "TOR_OTHER_CZ_FIPS": "",
  "TOR_OTHER_CZ_NAME": "",
  "BEGIN_RANGE": 25,
  "BEGIN_AZIMUTH": "SSW",
  "BEGIN_LOCATION": "AGATE",
  "END_RANGE": 25,
  "END_AZIMUTH": "SSW",
  "END_LOCATION": "AGATE",
  "BEGIN_LAT": 42.0857,
  "BEGIN_LON": -103.9771,
  "END_LAT": 42.0857,
  "END_LON": -103.9771,
  "text": "Thunderstorms produced large hail over portions of the western Nebraska Panhandle.",
  "EVENT_NARRATIVE": "Dime to quarter size hail covered the ground.",
  "DATA_SOURCE": "CSV"
}
