{
  "BEGIN_YEARMONTH": 201706,
  "BEGIN_DAY": 20,
  "BEGIN_TIME": 1900,
  "END_YEARMONTH": 201706,
  "END_DAY": 20,
  "END_TIME": 1900,
  "EPISODE_ID": 115752,
  "EVENT_ID": 695740,
  "STATE": "MONTANA",
  "STATE_FIPS": 30,
  "YEAR": 2017,
  "MONTH_NAME": "June",
  "EVENT_TYPE": "Thunderstorm Wind",
  "CZ_TYPE": "C",
  "CZ_FIPS": 111,
  "CZ_NAME": "YELLOWSTONE",
  "WFO": "BYZ",
  "BEGIN_DATE_TIME": "20-JUN-17 19:00:00",
  "CZ_TIMEZONE": "MST-7",
  "END_DATE_TIME": "20-JUN-17 19:00:00",
  "INJURIES_DIRECT": 0,
  "INJURIES_INDIRECT": 0,
  "DEATHS_DIRECT": 0,
  "DEATHS_INDIRECT": 0,
  "DAMAGE_PROPERTY": "0.00K",
  "DAMAGE_CROPS": "0.00K",
  "SOURCE": "Social Media",
  "MAGNITUDE": 61,
  "MAGNITUDE_TYPE": "EG",
  "FLOOD_CAUSE": "",
  "CATEGORY": "",
  "TOR_F_SCALE": "",
  "TOR_LENGTH": "",
  "TOR_WIDTH": "",
  "TOR_OTHER_WFO": "",
  "TOR_OTHER_CZ_STATE": "",
  "TOR_OTHER_CZ_FIPS": "",
  "TOR_OTHER_CZ_NAME": "",
  "BEGIN_RANGE": 3,
  "BEGIN_AZIMUTH": "WSW",
  "BEGIN_LOCATION": "HUNTLEY",
  "END_RANGE": 3,
  "END_AZIMUTH": "WSW",
  "END_LOCATION": "HUNTLEY",
  "BEGIN_LAT": 45.89,
  "BEGIN_LON": -108.37,
  "END_LAT": 45.89,
  "END_LON": -108.37,
  "text": "A strong cold front moved across the Billings Forecast Area during the evening of the 20th. A cluster of thunderstorms developed along and just behind the front across northern and central Yellowstone County. These thunderstorms moved quickly into eastern Montana producing a few damaging wind gusts along the way.",
  "EVENT_NARRATIVE": "Thunderstorm winds estimated at 70 mph uprooted a few trees and demolished a utility building near Shepherd.",
  "DATA_SOURCE": "CSV"
}
