{
  "BEGIN_YEARMONTH": 201706,
  "BEGIN_DAY": 6,
  "BEGIN_TIME": 1525,
  "END_YEARMONTH": 201706,
  "END_DAY": 6,
  "END_TIME": 1525,
  "EPISODE_ID": 115634,
  "EVENT_ID": 694778,
  "STATE": "GULF OF MEXICO",
  "STATE_FIPS": 85,
  "YEAR": 2017,
  "MONTH_NAME": "June",
  "EVENT_TYPE": "Marine Thunderstorm Wind",
  "CZ_TYPE": "Z",
  "CZ_FIPS": 856,
  "CZ_NAME": "COASTAL WATERS FROM BONITA BEACH TO ENGLEWOOD FL OUT 20 NM",
  "WFO": "TBW",
  "BEGIN_DATE_TIME": "06-JUN-17 15:25:00",
  "CZ_TIMEZONE": "EST-5",
  "END_DATE_TIME": "06-JUN-17 15:25:00",
  "INJURIES_DIRECT": 0,
  "INJURIES_INDIRECT": 0,
  "DEATHS_DIRECT": 0,
  "DEATHS_INDIRECT": 0,
  "DAMAGE_PROPERTY": "0.00K",
  "DAMAGE_CROPS": "0.00K",
  "SOURCE": "Mesonet",
  "MAGNITUDE": 35,
  "MAGNITUDE_TYPE": "EG",
  "FLOOD_CAUSE": "",
  "CATEGORY": "",
  "TOR_F_SCALE": "",
  "TOR_LENGTH": "",
  "TOR_WIDTH": "",
  "TOR_OTHER_WFO": "",
  "TOR_OTHER_CZ_STATE": "",
  "TOR_OTHER_CZ_FIPS": "",
  "TOR_OTHER_CZ_NAME": "",
  "BEGIN_RANGE": 2,
  "BEGIN_AZIMUTH": "SSE",
  "BEGIN_LOCATION": "BOCA GRANDE",
  "END_RANGE": 2,
  "END_AZIMUTH": "SSE",
  "END_LOCATION": "BOCA GRANDE",
  "BEGIN_LAT": 26.72,
  "BEGIN_LON": -82.26,
  "END_LAT": 26.72,
  "END_LON": -82.26,
  "text": "Deep moisture led to numerous thunderstorms developing and moving across the southern half of the Florida Peninsula. Some of these storms created marine wind gusts.",
  "EVENT_NARRATIVE": "The WeatherFlow station on Boca Grande (XBCG) recorded a 35 knot marine thunderstorm wind gust.",
  "DATA_SOURCE": "CSV"
}
