{
  "BEGIN_YEARMONTH": 201705,
  "BEGIN_DAY": 5,
  "BEGIN_TIME": 1357,
  "END_YEARMONTH": 201705,
  "END_DAY": 5,
  "END_TIME": 1404,
  "EPISODE_ID": 114936,
  "EVENT_ID": 689410,
  "STATE": "NEVADA",
  "STATE_FIPS": 32,
  "YEAR": 2017,
  "MONTH_NAME": "May",
  "EVENT_TYPE": "Hail",
  "CZ_TYPE": "C",
  "CZ_FIPS": 13,
  "CZ_NAME": "HUMBOLDT",
  "WFO": "LKN",
  "BEGIN_DATE_TIME": "05-MAY-17 13:57:00",
  "CZ_TIMEZONE": "PST-8",
  "END_DATE_TIME": "05-MAY-17 14:04:00",
  "INJURIES_DIRECT": 0,
  "INJURIES_INDIRECT": 0,
  "DEATHS_DIRECT": 0,
  "DEATHS_INDIRECT": 0,
  "DAMAGE_PROPERTY": "0.00K",
  "DAMAGE_CROPS": "0.00K",
  "SOURCE": "Trained Spotter",
  "MAGNITUDE": 0.88,
  "MAGNITUDE_TYPE": "",
  "FLOOD_CAUSE": "",
  "CATEGORY": "",
  "TOR_F_SCALE": "",
  "TOR_LENGTH": "",
  "TOR_WIDTH": "",
  "TOR_OTHER_WFO": "",
  "TOR_OTHER_CZ_STATE": "",
  "TOR_OTHER_CZ_FIPS": "",
  "TOR_OTHER_CZ_NAME": "",
  "BEGIN_RANGE": 15,
  "BEGIN_AZIMUTH": "ESE",
  "BEGIN_LOCATION": "OROVADA",
  "END_RANGE": 15,
  "END_AZIMUTH": "ESE",
  "END_LOCATION": "OROVADA",
  "BEGIN_LAT": 41.49,
  "BEGIN_LON": -117.53,
  "END_LAT": 41.49,
  "END_LON": -117.53,
  "text": "Severe thunderstorms produced hail up to the size of Ping Pongs and wind gusts to 67 mph. A car was heavily dented by the Ping Pong size hail near McDermitt and the strong winds did some minor property damage.",
  "EVENT_NARRATIVE": "",
  "DATA_SOURCE": "CSV"
}
