{
  "BEGIN_YEARMONTH": 201706,
  "BEGIN_DAY": 30,
  "BEGIN_TIME": 416,
  "END_YEARMONTH": 201706,
  "END_DAY": 30,
  "END_TIME": 416,
  "EPISODE_ID": 116226,
  "EVENT_ID": 698796,
  "STATE": "MISSOURI",
  "STATE_FIPS": 29,
  "YEAR": 2017,
  "MONTH_NAME": "June",
  "EVENT_TYPE": "Thunderstorm Wind",
  "CZ_TYPE": "C",
  "CZ_FIPS": 77,
  "CZ_NAME": "GREENE",
  "WFO": "SGF",
  "BEGIN_DATE_TIME": "30-JUN-17 04:16:00",
  "CZ_TIMEZONE": "CST-6",
  "END_DATE_TIME": "30-JUN-17 04:16:00",
  "INJURIES_DIRECT": 0,
  "INJURIES_INDIRECT": 0,
  "DEATHS_DIRECT": 0,
  "DEATHS_INDIRECT": 0,
  "DAMAGE_PROPERTY": "0.00K",
  "DAMAGE_CROPS": "0.00K",
  "SOURCE": "Amateur Radio",
  "MAGNITUDE": 52,
  "MAGNITUDE_TYPE": "EG",
  "FLOOD_CAUSE": "",
  "CATEGORY": "",
  "TOR_F_SCALE": "",
  "TOR_LENGTH": "",
  "TOR_WIDTH": "",
  "TOR_OTHER_WFO": "",
  "TOR_OTHER_CZ_STATE": "",
  "TOR_OTHER_CZ_FIPS": "",
  "TOR_OTHER_CZ_NAME": "",
  "BEGIN_RANGE": 1,
  "BEGIN_AZIMUTH": "SW",
  "BEGIN_LOCATION": "SGF DOWNTOWN ARPT",
  "END_RANGE": 1,
  "END_AZIMUTH": "SW",
  "END_LOCATION": "SGF DOWNTOWN ARPT",
  "BEGIN_LAT": 37.21,
  "BEGIN_LON": -93.24,
  "END_LAT": 37.21,
  "END_LON": -93.24,
  "text": "A few severe thunderstorms produced wind damage across the Missouri Ozarks.",
  "EVENT_NARRATIVE": "A large tree was blown down across a driveway.",
  "DATA_SOURCE": "CSV"
}
