{
  "BEGIN_YEARMONTH": 201706,
  "BEGIN_DAY": 19,
  "BEGIN_TIME": 1155,
  "END_YEARMONTH": 201706,
  "END_DAY": 19,
  "END_TIME": 1155,
  "EPISODE_ID": 115968,
  "EVENT_ID": 696991,
  "STATE": "FLORIDA",
  "STATE_FIPS": 12,
  "YEAR": 2017,
  "MONTH_NAME": "June",
  "EVENT_TYPE": "Thunderstorm Wind",
  "CZ_TYPE": "C",
  "CZ_FIPS": 15,
  "CZ_NAME": "CHARLOTTE",
  "WFO": "TBW",
  "BEGIN_DATE_TIME": "19-JUN-17 11:55:00",
  "CZ_TIMEZONE": "EST-5",
  "END_DATE_TIME": "19-JUN-17 11:55:00",
  "INJURIES_DIRECT": 0,
  "INJURIES_INDIRECT": 0,
  "DEATHS_DIRECT": 0,
  "DEATHS_INDIRECT": 0,
  "DAMAGE_PROPERTY": "0.00K",
  "DAMAGE_CROPS": "0.00K",
  "SOURCE": "Mesonet",
  "MAGNITUDE": 51,
  "MAGNITUDE_TYPE": "EG",
  "FLOOD_CAUSE": "",
  "CATEGORY": "",
  "TOR_F_SCALE": "",
  "TOR_LENGTH": "",
  "TOR_WIDTH": "",
  "TOR_OTHER_WFO": "",
  "TOR_OTHER_CZ_STATE": "",
  "TOR_OTHER_CZ_FIPS": "",
  "TOR_OTHER_CZ_NAME": "",
  "BEGIN_RANGE": 1,
  "BEGIN_AZIMUTH": "W",
  "BEGIN_LOCATION": "PORT CHARLOTTE",
  "END_RANGE": 1,
  "END_AZIMUTH": "W",
  "END_LOCATION": "PORT CHARLOTTE",
  "BEGIN_LAT": 26.99,
  "BEGIN_LON": -82.11,
  "END_LAT": 26.99,
  "END_LON": -82.11,
  "text": "Sea breeze thunderstorms developed over the Florida Peninsula and pushed west towards the Gulf of Mexico during the afternoon and early evening hours. A few of these storms produced strong wind gusts.",
  "EVENT_NARRATIVE": "A home weather station near Port Charlotte reported a wind gust of 51 knots.",
  "DATA_SOURCE": "CSV"
}
