{
  "BEGIN_YEARMONTH": 201706,
  "BEGIN_DAY": 11,
  "BEGIN_TIME": 1530,
  "END_YEARMONTH": 201706,
  "END_DAY": 11,
  "END_TIME": 1530,
  "EPISODE_ID": 115902,
  "EVENT_ID": 696463,
  "STATE": "FLORIDA",
  "STATE_FIPS": 12,
  "YEAR": 2017,
  "MONTH_NAME": "June",
  "EVENT_TYPE": "Thunderstorm Wind",
  "CZ_TYPE": "C",
  "CZ_FIPS": 57,
  "CZ_NAME": "HILLSBOROUGH",
  "WFO": "TBW",
  "BEGIN_DATE_TIME": "11-JUN-17 15:30:00",
  "CZ_TIMEZONE": "EST-5",
  "END_DATE_TIME": "11-JUN-17 15:30:00",
  "INJURIES_DIRECT": 0,
  "INJURIES_INDIRECT": 0,
  "DEATHS_DIRECT": 0,
  "DEATHS_INDIRECT": 0,
  "DAMAGE_PROPERTY": "5.00K",
  "DAMAGE_CROPS": "0.00K",
  "SOURCE": "County Official",
  "MAGNITUDE": 40,
  "MAGNITUDE_TYPE": "EG",
  "FLOOD_CAUSE": "",
  "CATEGORY": "",
  "TOR_F_SCALE": "",
  "TOR_LENGTH": "",
  "TOR_WIDTH": "",
  "TOR_OTHER_WFO": "",
  "TOR_OTHER_CZ_STATE": "",
  "TOR_OTHER_CZ_FIPS": "",
  "TOR_OTHER_CZ_NAME": "",
  "BEGIN_RANGE": 2,
  "BEGIN_AZIMUTH": "E",
  "BEGIN_LOCATION": "CITRUS PARK",
  "END_RANGE": 2,
  "END_AZIMUTH": "E",
  "END_LOCATION": "CITRUS PARK",
  "BEGIN_LAT": 28.0811,
  "BEGIN_LON": -82.5468,
  "END_LAT": 28.0811,
  "END_LON": -82.5468,
  "text": "Scattered afternoon thunderstorms developed along sea breeze boundaries. At least one of these storms caused damaging wind gusts.",
  "EVENT_NARRATIVE": "Tree limbs and power lines were reported down on the corner of Shaw Road and Ehrlich Road.",
  "DATA_SOURCE": "CSV"
}
