{
  "BEGIN_YEARMONTH": 201706,
  "BEGIN_DAY": 1,
  "BEGIN_TIME": 1900,
  "END_YEARMONTH": 201706,
  "END_DAY": 1,
  "END_TIME": 2000,
  "EPISODE_ID": 116222,
  "EVENT_ID": 698769,
  "STATE": "MISSOURI",
  "STATE_FIPS": 29,
  "YEAR": 2017,
  "MONTH_NAME": "June",
  "EVENT_TYPE": "Flash Flood",
  "CZ_TYPE": "C",
  "CZ_FIPS": 77,
  "CZ_NAME": "GREENE",
  "WFO": "SGF",
  "BEGIN_DATE_TIME": "01-JUN-17 19:00:00",
  "CZ_TIMEZONE": "CST-6",
  "END_DATE_TIME": "01-JUN-17 20:00:00",
  "INJURIES_DIRECT": 0,
  "INJURIES_INDIRECT": 0,
  "DEATHS_DIRECT": 0,
  "DEATHS_INDIRECT": 0,
  "DAMAGE_PROPERTY": "0.00K",
  "DAMAGE_CROPS": "0.00K",
  "SOURCE": "Amateur Radio",
  "MAGNITUDE": "",
  "MAGNITUDE_TYPE": "",
  "FLOOD_CAUSE": "Heavy Rain",
  "CATEGORY": "",
  "TOR_F_SCALE": "",
  "TOR_LENGTH": "",
  "TOR_WIDTH": "",
  "TOR_OTHER_WFO": "",
  "TOR_OTHER_CZ_STATE": "",
  "TOR_OTHER_CZ_FIPS": "",
  "TOR_OTHER_CZ_NAME": "",
  "BEGIN_RANGE": 2,
  "BEGIN_AZIMUTH": "N",
  "BEGIN_LOCATION": "SPRINGFIELD",
  "END_RANGE": 2,
  "END_AZIMUTH": "N",
  "END_LOCATION": "SPRINGFIELD",
  "BEGIN_LAT": 37.2292,
  "BEGIN_LON": -93.2984,
  "END_LAT": 37.2294,
  "END_LON": -93.2984,
  "text": "Isolated severe thunderstorms produced a few reports of severe weather across the Missouri Ozarks.",
  "EVENT_NARRATIVE": "Water was flowing over Grant Street south of Kearney Ave.",
  "DATA_SOURCE": "CSV"
}
