{
  "BEGIN_YEARMONTH": 201706,
  "BEGIN_DAY": 15,
  "BEGIN_TIME": 210,
  "END_YEARMONTH": 201706,
  "END_DAY": 15,
  "END_TIME": 210,
  "EPISODE_ID": 116225,
  "EVENT_ID": 698802,
  "STATE": "MISSOURI",
  "STATE_FIPS": 29,
  "YEAR": 2017,
  "MONTH_NAME": "June",
  "EVENT_TYPE": "Thunderstorm Wind",
  "CZ_TYPE": "C",
  "CZ_FIPS": 39,
  "CZ_NAME": "CEDAR",
  "WFO": "SGF",
  "BEGIN_DATE_TIME": "15-JUN-17 02:10:00",
  "CZ_TIMEZONE": "CST-6",
  "END_DATE_TIME": "15-JUN-17 02:10:00",
  "INJURIES_DIRECT": 0,
  "INJURIES_INDIRECT": 0,
  "DEATHS_DIRECT": 0,
  "DEATHS_INDIRECT": 0,
  "DAMAGE_PROPERTY": "0.00K",
  "DAMAGE_CROPS": "0.00K",
  "SOURCE": "Emergency Manager",
  "MAGNITUDE": 52,
  "MAGNITUDE_TYPE": "EG",
  "FLOOD_CAUSE": "",
  "CATEGORY": "",
  "TOR_F_SCALE": "",
  "TOR_LENGTH": "",
  "TOR_WIDTH": "",
  "TOR_OTHER_WFO": "",
  "TOR_OTHER_CZ_STATE": "",
  "TOR_OTHER_CZ_FIPS": "",
  "TOR_OTHER_CZ_NAME": "",
  "BEGIN_RANGE": 0,
  "BEGIN_AZIMUTH": "N",
  "BEGIN_LOCATION": "STOCKTON",
  "END_RANGE": 0,
  "END_AZIMUTH": "N",
  "END_LOCATION": "STOCKTON",
  "BEGIN_LAT": 37.7,
  "BEGIN_LON": -93.8,
  "END_LAT": 37.7,
  "END_LON": -93.8,
  "text": "Several rounds of severe thunderstorms impacted the Missouri Ozarks with wind damage.",
  "EVENT_NARRATIVE": "Several small trees were blown down in Stockton.",
  "DATA_SOURCE": "CSV"
}
