{
  "BEGIN_YEARMONTH": 201707,
  "BEGIN_DAY": 23,
  "BEGIN_TIME": 205,
  "END_YEARMONTH": 201707,
  "END_DAY": 23,
  "END_TIME": 205,
  "EPISODE_ID": 120445,
  "EVENT_ID": 721597,
  "STATE": "MISSOURI",
  "STATE_FIPS": 29,
  "YEAR": 2017,
  "MONTH_NAME": "July",
  "EVENT_TYPE": "Thunderstorm Wind",
  "CZ_TYPE": "C",
  "CZ_FIPS": 510,
  "CZ_NAME": "ST. LOUIS (C)",
  "WFO": "LSX",
  "BEGIN_DATE_TIME": "23-JUL-17 02:05:00",
  "CZ_TIMEZONE": "CST-6",
  "END_DATE_TIME": "23-JUL-17 02:05:00",
  "INJURIES_DIRECT": 0,
  "INJURIES_INDIRECT": 0,
  "DEATHS_DIRECT": 0,
  "DEATHS_INDIRECT": 0,
  "DAMAGE_PROPERTY": "0.00K",
  "DAMAGE_CROPS": "0.00K",
  "SOURCE": "Social Media",
  "MAGNITUDE": 61,
  "MAGNITUDE_TYPE": "EG",
  "FLOOD_CAUSE": "",
  "CATEGORY": "",
  "TOR_F_SCALE": "",
  "TOR_LENGTH": "",
  "TOR_WIDTH": "",
  "TOR_OTHER_WFO": "",
  "TOR_OTHER_CZ_STATE": "",
  "TOR_OTHER_CZ_FIPS": "",
  "TOR_OTHER_CZ_NAME": "",
  "BEGIN_RANGE": 3,
  "BEGIN_AZIMUTH": "NE",
  "BEGIN_LOCATION": "CARONDELET",
  "END_RANGE": 3,
  "END_AZIMUTH": "NE",
  "END_LOCATION": "CARONDELET",
  "BEGIN_LAT": 38.581,
  "BEGIN_LON": -90.2443,
  "END_LAT": 38.581,
  "END_LON": -90.2443,
  "text": "A mesoscale convective complex moved east across forecast area. There were numerous reports of damaging winds as well as some large hail.",
  "EVENT_NARRATIVE": "Thunderstorm winds blew down a couple of trees near South Grand Avenue and Meramec Street.",
  "DATA_SOURCE": "CSV"
}
