{
  "BEGIN_YEARMONTH": 201706,
  "BEGIN_DAY": 22,
  "BEGIN_TIME": 10,
  "END_YEARMONTH": 201706,
  "END_DAY": 22,
  "END_TIME": 10,
  "EPISODE_ID": 116634,
  "EVENT_ID": 701344,
  "STATE": "ALABAMA",
  "STATE_FIPS": 1,
  "YEAR": 2017,
  "MONTH_NAME": "June",
  "EVENT_TYPE": "Thunderstorm Wind",
  "CZ_TYPE": "C",
  "CZ_FIPS": 61,
  "CZ_NAME": "GENEVA",
  "WFO": "TAE",
  "BEGIN_DATE_TIME": "22-JUN-17 00:10:00",
  "CZ_TIMEZONE": "CST-6",
  "END_DATE_TIME": "22-JUN-17 00:10:00",
  "INJURIES_DIRECT": 0,
  "INJURIES_INDIRECT": 0,
  "DEATHS_DIRECT": 0,
  "DEATHS_INDIRECT": 0,
  "DAMAGE_PROPERTY": "1.00K",
  "DAMAGE_CROPS": "0.00K",
  "SOURCE": "Utility Company",
  "MAGNITUDE": 50,
  "MAGNITUDE_TYPE": "EG",
  "FLOOD_CAUSE": "",
  "CATEGORY": "",
  "TOR_F_SCALE": "",
  "TOR_LENGTH": "",
  "TOR_WIDTH": "",
  "TOR_OTHER_WFO": "",
  "TOR_OTHER_CZ_STATE": "",
  "TOR_OTHER_CZ_FIPS": "",
  "TOR_OTHER_CZ_NAME": "",
  "BEGIN_RANGE": 2,
  "BEGIN_AZIMUTH": "NNE",
  "BEGIN_LOCATION": "HACODA",
  "END_RANGE": 2,
  "END_AZIMUTH": "NNE",
  "END_LOCATION": "HACODA",
  "BEGIN_LAT": 31.1,
  "BEGIN_LON": -86.15,
  "END_LAT": 31.1,
  "END_LON": -86.15,
  "text": "The outer bands of Tropical Storm Cindy affected the area during the early morning hours of June 22nd with a few trees blown down onto power lines.",
  "EVENT_NARRATIVE": "Power outages were reported in the area due to trees on power lines.  The public also estimated wind gusts of 55-60 mph in the area.",
  "DATA_SOURCE": "CSV"
}
