{
  "BEGIN_YEARMONTH": 201706,
  "BEGIN_DAY": 15,
  "BEGIN_TIME": 345,
  "END_YEARMONTH": 201706,
  "END_DAY": 15,
  "END_TIME": 345,
  "EPISODE_ID": 116225,
  "EVENT_ID": 698800,
  "STATE": "MISSOURI",
  "STATE_FIPS": 29,
  "YEAR": 2017,
  "MONTH_NAME": "June",
  "EVENT_TYPE": "Thunderstorm Wind",
  "CZ_TYPE": "C",
  "CZ_FIPS": 229,
  "CZ_NAME": "WRIGHT",
  "WFO": "SGF",
  "BEGIN_DATE_TIME": "15-JUN-17 03:45:00",
  "CZ_TIMEZONE": "CST-6",
  "END_DATE_TIME": "15-JUN-17 03:45:00",
  "INJURIES_DIRECT": 0,
  "INJURIES_INDIRECT": 0,
  "DEATHS_DIRECT": 0,
  "DEATHS_INDIRECT": 0,
  "DAMAGE_PROPERTY": "0.00K",
  "DAMAGE_CROPS": "0.00K",
  "SOURCE": "Emergency Manager",
  "MAGNITUDE": 52,
  "MAGNITUDE_TYPE": "EG",
  "FLOOD_CAUSE": "",
  "CATEGORY": "",
  "TOR_F_SCALE": "",
  "TOR_LENGTH": "",
  "TOR_WIDTH": "",
  "TOR_OTHER_WFO": "",
  "TOR_OTHER_CZ_STATE": "",
  "TOR_OTHER_CZ_FIPS": "",
  "TOR_OTHER_CZ_NAME": "",
  "BEGIN_RANGE": 2,
  "BEGIN_AZIMUTH": "NNE",
  "BEGIN_LOCATION": "OWENS",
  "END_RANGE": 2,
  "END_AZIMUTH": "NNE",
  "END_LOCATION": "OWENS",
  "BEGIN_LAT": 37.25,
  "BEGIN_LON": -92.4,
  "END_LAT": 37.25,
  "END_LON": -92.4,
  "text": "Several rounds of severe thunderstorms impacted the Missouri Ozarks with wind damage.",
  "EVENT_NARRATIVE": "A tree was blown down on Highway E.",
  "DATA_SOURCE": "CSV"
}
