{
  "BEGIN_YEARMONTH": 201704,
  "BEGIN_DAY": 6,
  "BEGIN_TIME": 1509,
  "END_YEARMONTH": 201704,
  "END_DAY": 6,
  "END_TIME": 1509,
  "EPISODE_ID": 113355,
  "EVENT_ID": 678791,
  "STATE": "NEW JERSEY",
  "STATE_FIPS": 34,
  "YEAR": 2017,
  "MONTH_NAME": "April",
  "EVENT_TYPE": "Thunderstorm Wind",
  "CZ_TYPE": "C",
  "CZ_FIPS": 15,
  "CZ_NAME": "GLOUCESTER",
  "WFO": "PHI",
  "BEGIN_DATE_TIME": "06-APR-17 15:09:00",
  "CZ_TIMEZONE": "EST-5",
  "END_DATE_TIME": "06-APR-17 15:09:00",
  "INJURIES_DIRECT": 0,
  "INJURIES_INDIRECT": 0,
  "DEATHS_DIRECT": 0,
  "DEATHS_INDIRECT": 0,
  "DAMAGE_PROPERTY": "",
  "DAMAGE_CROPS": "",
  "SOURCE": "Trained Spotter",
  "MAGNITUDE": 52,
  "MAGNITUDE_TYPE": "EG",
  "FLOOD_CAUSE": "",
  "CATEGORY": "",
  "TOR_F_SCALE": "",
  "TOR_LENGTH": "",
  "TOR_WIDTH": "",
  "TOR_OTHER_WFO": "",
  "TOR_OTHER_CZ_STATE": "",
  "TOR_OTHER_CZ_FIPS": "",
  "TOR_OTHER_CZ_NAME": "",
  "BEGIN_RANGE": 1,
  "BEGIN_AZIMUTH": "NW",
  "BEGIN_LOCATION": "FRIES MILLS",
  "END_RANGE": 1,
  "END_AZIMUTH": "NW",
  "END_LOCATION": "FRIES MILLS",
  "BEGIN_LAT": 39.66,
  "BEGIN_LON": -75.08,
  "END_LAT": 39.66,
  "END_LON": -75.08,
  "text": "Low pressure tracked from the Ohio Valley into the Western Great Lakes with a warm front surging northward ahead of the low which was followed by a cold front.  Moisture and instability was drawn northwest ahead of the front which led to locally heavy showers and thunderstorms. Some of thunderstorms were strong to severe with gusty winds.",
  "EVENT_NARRATIVE": "A couple of trees were taken down due to thunderstorm wind gusts.",
  "DATA_SOURCE": "CSV"
}
