{
  "BEGIN_YEARMONTH": 201706,
  "BEGIN_DAY": 17,
  "BEGIN_TIME": 1843,
  "END_YEARMONTH": 201706,
  "END_DAY": 17,
  "END_TIME": 1843,
  "EPISODE_ID": 118355,
  "EVENT_ID": 711247,
  "STATE": "KANSAS",
  "STATE_FIPS": 20,
  "YEAR": 2017,
  "MONTH_NAME": "June",
  "EVENT_TYPE": "Hail",
  "CZ_TYPE": "C",
  "CZ_FIPS": 47,
  "CZ_NAME": "EDWARDS",
  "WFO": "DDC",
  "BEGIN_DATE_TIME": "17-JUN-17 18:43:00",
  "CZ_TIMEZONE": "CST-6",
  "END_DATE_TIME": "17-JUN-17 18:43:00",
  "INJURIES_DIRECT": 0,
  "INJURIES_INDIRECT": 0,
  "DEATHS_DIRECT": 0,
  "DEATHS_INDIRECT": 0,
  "DAMAGE_PROPERTY": "",
  "DAMAGE_CROPS": "",
  "SOURCE": "Public",
  "MAGNITUDE": 1.25,
  "MAGNITUDE_TYPE": "",
  "FLOOD_CAUSE": "",
  "CATEGORY": "",
  "TOR_F_SCALE": "",
  "TOR_LENGTH": "",
  "TOR_WIDTH": "",
  "TOR_OTHER_WFO": "",
  "TOR_OTHER_CZ_STATE": "",
  "TOR_OTHER_CZ_FIPS": "",
  "TOR_OTHER_CZ_NAME": "",
  "BEGIN_RANGE": 3,
  "BEGIN_AZIMUTH": "NE",
  "BEGIN_LOCATION": "TROUSDALE",
  "END_RANGE": 3,
  "END_AZIMUTH": "NE",
  "END_LOCATION": "TROUSDALE",
  "BEGIN_LAT": 37.85,
  "BEGIN_LON": -99.05,
  "END_LAT": 37.85,
  "END_LON": -99.05,
  "text": "A broad area of weak low surface pressure extended from the Oklahoma and Texas Panhandles into northeast Kansas, and gradually become displaced southward by the leading edge of a surface high that moved into eastern Colorado. Discreet thunderstorms formed in the warm air near the edge of the cap along the KS/CO line. There were nearly 2000  J/kg CAPE and 40 knots 0-6 bulk shear to work with ahead of the front. Hail, some up to 4 inches was a threat, as well as 70+mph wind speeds for these counties.",
  "EVENT_NARRATIVE": "",
  "DATA_SOURCE": "CSV"
}
