{
  "BEGIN_YEARMONTH": 201706,
  "BEGIN_DAY": 27,
  "BEGIN_TIME": 700,
  "END_YEARMONTH": 201706,
  "END_DAY": 27,
  "END_TIME": 704,
  "EPISODE_ID": 115992,
  "EVENT_ID": 697128,
  "STATE": "GULF OF MEXICO",
  "STATE_FIPS": 85,
  "YEAR": 2017,
  "MONTH_NAME": "June",
  "EVENT_TYPE": "Waterspout",
  "CZ_TYPE": "Z",
  "CZ_FIPS": 853,
  "CZ_NAME": "ENGLEWOOD TO TARPON SPRINGS FL OUT 20NM",
  "WFO": "TBW",
  "BEGIN_DATE_TIME": "27-JUN-17 07:00:00",
  "CZ_TIMEZONE": "EST-5",
  "END_DATE_TIME": "27-JUN-17 07:04:00",
  "INJURIES_DIRECT": 0,
  "INJURIES_INDIRECT": 0,
  "DEATHS_DIRECT": 0,
  "DEATHS_INDIRECT": 0,
  "DAMAGE_PROPERTY": "0.00K",
  "DAMAGE_CROPS": "0.00K",
  "SOURCE": "Broadcast Media",
  "MAGNITUDE": "",
  "MAGNITUDE_TYPE": "",
  "FLOOD_CAUSE": "",
  "CATEGORY": "",
  "TOR_F_SCALE": "",
  "TOR_LENGTH": "",
  "TOR_WIDTH": "",
  "TOR_OTHER_WFO": "",
  "TOR_OTHER_CZ_STATE": "",
  "TOR_OTHER_CZ_FIPS": "",
  "TOR_OTHER_CZ_NAME": "",
  "BEGIN_RANGE": 12,
  "BEGIN_AZIMUTH": "N",
  "BEGIN_LOCATION": "CLEARWATER BEACH",
  "END_RANGE": 12,
  "END_AZIMUTH": "N",
  "END_LOCATION": "CLEARWATER BEACH",
  "BEGIN_LAT": 28.1538,
  "BEGIN_LON": -82.8148,
  "END_LAT": 28.1538,
  "END_LON": -82.8148,
  "text": "Early morning showers developing along the Gulf Coast produced a brief waterspout.",
  "EVENT_NARRATIVE": "A local TV station sent in a picture from a viewer of a waterspout off of the coast of Tarpon Springs.",
  "DATA_SOURCE": "CSV"
}
