{
  "BEGIN_YEARMONTH": 201706,
  "BEGIN_DAY": 15,
  "BEGIN_TIME": 140,
  "END_YEARMONTH": 201706,
  "END_DAY": 15,
  "END_TIME": 140,
  "EPISODE_ID": 116225,
  "EVENT_ID": 698801,
  "STATE": "MISSOURI",
  "STATE_FIPS": 29,
  "YEAR": 2017,
  "MONTH_NAME": "June",
  "EVENT_TYPE": "Thunderstorm Wind",
  "CZ_TYPE": "C",
  "CZ_FIPS": 217,
  "CZ_NAME": "VERNON",
  "WFO": "SGF",
  "BEGIN_DATE_TIME": "15-JUN-17 01:40:00",
  "CZ_TIMEZONE": "CST-6",
  "END_DATE_TIME": "15-JUN-17 01:40:00",
  "INJURIES_DIRECT": 0,
  "INJURIES_INDIRECT": 0,
  "DEATHS_DIRECT": 0,
  "DEATHS_INDIRECT": 0,
  "DAMAGE_PROPERTY": "10.00K",
  "DAMAGE_CROPS": "0.00K",
  "SOURCE": "Emergency Manager",
  "MAGNITUDE": 52,
  "MAGNITUDE_TYPE": "EG",
  "FLOOD_CAUSE": "",
  "CATEGORY": "",
  "TOR_F_SCALE": "",
  "TOR_LENGTH": "",
  "TOR_WIDTH": "",
  "TOR_OTHER_WFO": "",
  "TOR_OTHER_CZ_STATE": "",
  "TOR_OTHER_CZ_FIPS": "",
  "TOR_OTHER_CZ_NAME": "",
  "BEGIN_RANGE": 1,
  "BEGIN_AZIMUTH": "NW",
  "BEGIN_LOCATION": "NEVADA",
  "END_RANGE": 1,
  "END_AZIMUTH": "NW",
  "END_LOCATION": "NEVADA",
  "BEGIN_LAT": 37.84,
  "BEGIN_LON": -94.38,
  "END_LAT": 37.84,
  "END_LON": -94.38,
  "text": "Several rounds of severe thunderstorms impacted the Missouri Ozarks with wind damage.",
  "EVENT_NARRATIVE": "A large tree was blown down on west Walnut Street in Nevada. Another tree fell on a house.",
  "DATA_SOURCE": "CSV"
}
