{
  "BEGIN_YEARMONTH": 201706,
  "BEGIN_DAY": 18,
  "BEGIN_TIME": 1300,
  "END_YEARMONTH": 201706,
  "END_DAY": 18,
  "END_TIME": 1300,
  "EPISODE_ID": 118056,
  "EVENT_ID": 709889,
  "STATE": "ATLANTIC SOUTH",
  "STATE_FIPS": 87,
  "YEAR": 2017,
  "MONTH_NAME": "June",
  "EVENT_TYPE": "Marine Thunderstorm Wind",
  "CZ_TYPE": "Z",
  "CZ_FIPS": 651,
  "CZ_NAME": "DEERFIELD BEACH TO OCEAN REEF FL",
  "WFO": "MFL",
  "BEGIN_DATE_TIME": "18-JUN-17 13:00:00",
  "CZ_TIMEZONE": "EST-5",
  "END_DATE_TIME": "18-JUN-17 13:00:00",
  "INJURIES_DIRECT": 0,
  "INJURIES_INDIRECT": 0,
  "DEATHS_DIRECT": 0,
  "DEATHS_INDIRECT": 0,
  "DAMAGE_PROPERTY": "0.00K",
  "DAMAGE_CROPS": "0.00K",
  "SOURCE": "C-MAN Station",
  "MAGNITUDE": 39,
  "MAGNITUDE_TYPE": "MG",
  "FLOOD_CAUSE": "",
  "CATEGORY": "",
  "TOR_F_SCALE": "",
  "TOR_LENGTH": "",
  "TOR_WIDTH": "",
  "TOR_OTHER_WFO": "",
  "TOR_OTHER_CZ_STATE": "",
  "TOR_OTHER_CZ_FIPS": "",
  "TOR_OTHER_CZ_NAME": "",
  "BEGIN_RANGE": 12,
  "BEGIN_AZIMUTH": "NNE",
  "BEGIN_LOCATION": "ELLIOT KEY",
  "END_RANGE": 12,
  "END_AZIMUTH": "NNE",
  "END_LOCATION": "ELLIOT KEY",
  "BEGIN_LAT": 25.59,
  "BEGIN_LON": -80.1,
  "END_LAT": 25.59,
  "END_LON": -80.1,
  "text": "A band of storms developed over the local Atlantic waters during the late morning hours. This band moved northwest into the mainland, and produced several strong wind gusts along the Miami-Dade County coast around midday.",
  "EVENT_NARRATIVE": "A marine thunderstorm wind gust of 39 knots / 45 mph was recorded by C-MAN station FWYF1 located at Fowey Rocks at a elevation of 144 feet.",
  "DATA_SOURCE": "CSV"
}
