{
  "BEGIN_YEARMONTH": 201802,
  "BEGIN_DAY": 15,
  "BEGIN_TIME": 1200,
  "END_YEARMONTH": 201802,
  "END_DAY": 15,
  "END_TIME": 2100,
  "EPISODE_ID": 122949,
  "EVENT_ID": 737149,
  "STATE": "OKLAHOMA",
  "STATE_FIPS": 40,
  "YEAR": 2018,
  "MONTH_NAME": "February",
  "EVENT_TYPE": "Wildfire",
  "CZ_TYPE": "Z",
  "CZ_FIPS": 14,
  "CZ_NAME": "ROGER MILLS",
  "WFO": "OUN",
  "BEGIN_DATE_TIME": "2/15/18 12:00",
  "CZ_TIMEZONE": "CST-6",
  "END_DATE_TIME": "2/15/18 21:00",
  "INJURIES_DIRECT": 0,
  "INJURIES_INDIRECT": 0,
  "DEATHS_DIRECT": 0,
  "DEATHS_INDIRECT": 0,
  "DAMAGE_PROPERTY": "",
  "DAMAGE_CROPS": "",
  "SOURCE": "Fire Department/Rescue",
  "MAGNITUDE": "",
  "MAGNITUDE_TYPE": "",
  "FLOOD_CAUSE": "",
  "CATEGORY": "",
  "TOR_F_SCALE": "",
  "TOR_LENGTH": "",
  "TOR_WIDTH": "",
  "TOR_OTHER_WFO": "",
  "TOR_OTHER_CZ_STATE": "",
  "TOR_OTHER_CZ_FIPS": "",
  "TOR_OTHER_CZ_NAME": "",
  "BEGIN_RANGE": "",
  "BEGIN_AZIMUTH": "",
  "BEGIN_LOCATION": "",
  "END_RANGE": "",
  "END_AZIMUTH": "",
  "END_LOCATION": "",
  "BEGIN_LAT": "",
  "BEGIN_LON": "",
  "END_LAT": "",
  "END_LON": "",
  "text": "Grass fires burned approximately 500 acres in Roger Mills county on the 15th.",
  "EVENT_NARRATIVE": "",
  "DATA_SOURCE": "CSV"
}
