{
  "BEGIN_YEARMONTH": 201805,
  "BEGIN_DAY": 5,
  "BEGIN_TIME": 0,
  "END_YEARMONTH": 201805,
  "END_DAY": 7,
  "END_TIME": 0,
  "EPISODE_ID": 125360,
  "EVENT_ID": 751776,
  "STATE": "ALASKA",
  "STATE_FIPS": 2,
  "YEAR": 2018,
  "MONTH_NAME": "May",
  "EVENT_TYPE": "Flood",
  "CZ_TYPE": "C",
  "CZ_FIPS": 155,
  "CZ_NAME": "KUSKOKWIM DELTA",
  "WFO": "AFC",
  "BEGIN_DATE_TIME": "5/5/18 0:00",
  "CZ_TIMEZONE": "AKST-9",
  "END_DATE_TIME": "5/7/18 0:00",
  "INJURIES_DIRECT": 0,
  "INJURIES_INDIRECT": 0,
  "DEATHS_DIRECT": 0,
  "DEATHS_INDIRECT": 0,
  "DAMAGE_PROPERTY": "0.00K",
  "DAMAGE_CROPS": "0.00K",
  "SOURCE": "Emergency Manager",
  "MAGNITUDE": "",
  "MAGNITUDE_TYPE": "",
  "FLOOD_CAUSE": "Ice Jam",
  "CATEGORY": "",
  "TOR_F_SCALE": "",
  "TOR_LENGTH": "",
  "TOR_WIDTH": "",
  "TOR_OTHER_WFO": "",
  "TOR_OTHER_CZ_STATE": "",
  "TOR_OTHER_CZ_FIPS": "",
  "TOR_OTHER_CZ_NAME": "",
  "BEGIN_RANGE": 1,
  "BEGIN_AZIMUTH": "SSW",
  "BEGIN_LOCATION": "LOWER KALSKAG",
  "END_RANGE": 1,
  "END_AZIMUTH": "NE",
  "END_LOCATION": "LOWER KALSKAG",
  "BEGIN_LAT": 61.5046,
  "BEGIN_LON": -160.3819,
  "END_LAT": 61.5316,
  "END_LON": -160.3518,
  "text": "The spring breakup of the river ice on the Kuskokwim River resulted in several ice jams along the river that impacted multiple communities.",
  "EVENT_NARRATIVE": "As the spring river ice breakup front moved downstream on the Kuskokwim River, an ice jam formed downstream of the villages of Upper Kalskag and Lower Kalskag. The road connecting the two villages was flooded and impassable. Access to the shared power plant was also cut off. Many yards had floodwaters affecting them.",
  "DATA_SOURCE": "CSV"
}
