{
  "BEGIN_YEARMONTH": 201806,
  "BEGIN_DAY": 22,
  "BEGIN_TIME": 1710,
  "END_YEARMONTH": 201806,
  "END_DAY": 22,
  "END_TIME": 1710,
  "EPISODE_ID": 125413,
  "EVENT_ID": 752081,
  "STATE": "KENTUCKY",
  "STATE_FIPS": 21,
  "YEAR": 2018,
  "MONTH_NAME": "June",
  "EVENT_TYPE": "Thunderstorm Wind",
  "CZ_TYPE": "C",
  "CZ_FIPS": 195,
  "CZ_NAME": "PIKE",
  "WFO": "JKL",
  "BEGIN_DATE_TIME": "6/22/18 17:10",
  "CZ_TIMEZONE": "EST-5",
  "END_DATE_TIME": "6/22/18 17:10",
  "INJURIES_DIRECT": 0,
  "INJURIES_INDIRECT": 0,
  "DEATHS_DIRECT": 0,
  "DEATHS_INDIRECT": 0,
  "DAMAGE_PROPERTY": "",
  "DAMAGE_CROPS": "",
  "SOURCE": "Law Enforcement",
  "MAGNITUDE": 50,
  "MAGNITUDE_TYPE": "EG",
  "FLOOD_CAUSE": "",
  "CATEGORY": "",
  "TOR_F_SCALE": "",
  "TOR_LENGTH": "",
  "TOR_WIDTH": "",
  "TOR_OTHER_WFO": "",
  "TOR_OTHER_CZ_STATE": "",
  "TOR_OTHER_CZ_FIPS": "",
  "TOR_OTHER_CZ_NAME": "",
  "BEGIN_RANGE": 1,
  "BEGIN_AZIMUTH": "SSW",
  "BEGIN_LOCATION": "SOUTH WILLIAMSON",
  "END_RANGE": 1,
  "END_AZIMUTH": "SSW",
  "END_LOCATION": "SOUTH WILLIAMSON",
  "BEGIN_LAT": 37.6669,
  "BEGIN_LON": -82.2895,
  "END_LAT": 37.6669,
  "END_LON": -82.2895,
  "text": "Several rounds of showers and thunderstorms moved through eastern Kentucky this day. One broken line of storms became strong to severe during the late afternoon and early evening as it progressed from Breathitt through Pike County. Isolated tree damage as well as structural damage occurred.",
  "EVENT_NARRATIVE": "Local law enforcement reported a couple of trees blown down just southeast of Turkey Creek and near South Williamson along Kentucky Highway 292.",
  "DATA_SOURCE": "CSV"
}
