{
  "BEGIN_YEARMONTH": 201805,
  "BEGIN_DAY": 24,
  "BEGIN_TIME": 1000,
  "END_YEARMONTH": 201805,
  "END_DAY": 27,
  "END_TIME": 30,
  "EPISODE_ID": 126008,
  "EVENT_ID": 755400,
  "STATE": "IOWA",
  "STATE_FIPS": 19,
  "YEAR": 2018,
  "MONTH_NAME": "May",
  "EVENT_TYPE": "Flood",
  "CZ_TYPE": "C",
  "CZ_FIPS": 63,
  "CZ_NAME": "EMMET",
  "WFO": "DMX",
  "BEGIN_DATE_TIME": "5/24/18 10:00",
  "CZ_TIMEZONE": "CST-6",
  "END_DATE_TIME": "5/27/18 0:30",
  "INJURIES_DIRECT": 0,
  "INJURIES_INDIRECT": 0,
  "DEATHS_DIRECT": 0,
  "DEATHS_INDIRECT": 0,
  "DAMAGE_PROPERTY": "50.00K",
  "DAMAGE_CROPS": "0.00K",
  "SOURCE": "Official NWS Observations",
  "MAGNITUDE": "",
  "MAGNITUDE_TYPE": "",
  "FLOOD_CAUSE": "Heavy Rain",
  "CATEGORY": "",
  "TOR_F_SCALE": "",
  "TOR_LENGTH": "",
  "TOR_WIDTH": "",
  "TOR_OTHER_WFO": "",
  "TOR_OTHER_CZ_STATE": "",
  "TOR_OTHER_CZ_FIPS": "",
  "TOR_OTHER_CZ_NAME": "",
  "BEGIN_RANGE": 4,
  "BEGIN_AZIMUTH": "SSW",
  "BEGIN_LOCATION": "WELLINGFORD",
  "END_RANGE": 6,
  "END_AZIMUTH": "SE",
  "END_LOCATION": "WELLINGFORD",
  "BEGIN_LAT": 43.26,
  "BEGIN_LON": -94.83,
  "END_LAT": 43.26,
  "END_LON": -94.71,
  "text": "River levels remained high along the West Fork of the Des Moines River at Estherville and additional heavy rain toward the middle to end of May led to the river going back into flood.",
  "EVENT_NARRATIVE": "The West Fork of the Des Moines River at Estherville crested at 8.42 feet on 25 May 2018 at 17:15 UTC.",
  "DATA_SOURCE": "CSV"
}
