{
  "BEGIN_YEARMONTH": 201801,
  "BEGIN_DAY": 22,
  "BEGIN_TIME": 231,
  "END_YEARMONTH": 201801,
  "END_DAY": 22,
  "END_TIME": 232,
  "EPISODE_ID": 123309,
  "EVENT_ID": 739166,
  "STATE": "MISSOURI",
  "STATE_FIPS": 29,
  "YEAR": 2018,
  "MONTH_NAME": "January",
  "EVENT_TYPE": "Thunderstorm Wind",
  "CZ_TYPE": "C",
  "CZ_FIPS": 179,
  "CZ_NAME": "REYNOLDS",
  "WFO": "LSX",
  "BEGIN_DATE_TIME": "1/22/18 2:31",
  "CZ_TIMEZONE": "CST-6",
  "END_DATE_TIME": "1/22/18 2:32",
  "INJURIES_DIRECT": 0,
  "INJURIES_INDIRECT": 0,
  "DEATHS_DIRECT": 0,
  "DEATHS_INDIRECT": 0,
  "DAMAGE_PROPERTY": "0.00K",
  "DAMAGE_CROPS": "0.00K",
  "SOURCE": "Law Enforcement",
  "MAGNITUDE": 56,
  "MAGNITUDE_TYPE": "EG",
  "FLOOD_CAUSE": "",
  "CATEGORY": "",
  "TOR_F_SCALE": "",
  "TOR_LENGTH": "",
  "TOR_WIDTH": "",
  "TOR_OTHER_WFO": "",
  "TOR_OTHER_CZ_STATE": "",
  "TOR_OTHER_CZ_FIPS": "",
  "TOR_OTHER_CZ_NAME": "",
  "BEGIN_RANGE": 2,
  "BEGIN_AZIMUTH": "SE",
  "BEGIN_LOCATION": "MONTEREY",
  "END_RANGE": 2,
  "END_AZIMUTH": "SE",
  "END_LOCATION": "MONTEREY",
  "BEGIN_LAT": 37.5543,
  "BEGIN_LON": -90.841,
  "END_LAT": 37.5543,
  "END_LON": -90.841,
  "text": "Isolated strong to severe storms moved through the region. One tornado and isolated wind damage occurred.",
  "EVENT_NARRATIVE": "Thunderstorm winds blew down several trees onto Highway N about 5 miles east northeast of Black.",
  "DATA_SOURCE": "CSV"
}
