{
  "BEGIN_YEARMONTH": 201805,
  "BEGIN_DAY": 24,
  "BEGIN_TIME": 1736,
  "END_YEARMONTH": 201805,
  "END_DAY": 24,
  "END_TIME": 1736,
  "EPISODE_ID": 124927,
  "EVENT_ID": 749311,
  "STATE": "GULF OF MEXICO",
  "STATE_FIPS": 85,
  "YEAR": 2018,
  "MONTH_NAME": "May",
  "EVENT_TYPE": "Marine Thunderstorm Wind",
  "CZ_TYPE": "Z",
  "CZ_FIPS": 830,
  "CZ_NAME": "TAMPA BAY",
  "WFO": "TBW",
  "BEGIN_DATE_TIME": "5/24/18 17:36",
  "CZ_TIMEZONE": "EST-5",
  "END_DATE_TIME": "5/24/18 17:36",
  "INJURIES_DIRECT": 0,
  "INJURIES_INDIRECT": 0,
  "DEATHS_DIRECT": 0,
  "DEATHS_INDIRECT": 0,
  "DAMAGE_PROPERTY": "0.00K",
  "DAMAGE_CROPS": "0.00K",
  "SOURCE": "Buoy",
  "MAGNITUDE": 35,
  "MAGNITUDE_TYPE": "MG",
  "FLOOD_CAUSE": "",
  "CATEGORY": "",
  "TOR_F_SCALE": "",
  "TOR_LENGTH": "",
  "TOR_WIDTH": "",
  "TOR_OTHER_WFO": "",
  "TOR_OTHER_CZ_STATE": "",
  "TOR_OTHER_CZ_FIPS": "",
  "TOR_OTHER_CZ_NAME": "",
  "BEGIN_RANGE": 5,
  "BEGIN_AZIMUTH": "NE",
  "BEGIN_LOCATION": "LOWER TAMPA BAY",
  "END_RANGE": 5,
  "END_AZIMUTH": "NE",
  "END_LOCATION": "LOWER TAMPA BAY",
  "BEGIN_LAT": 27.66,
  "BEGIN_LON": -82.59,
  "END_LAT": 27.66,
  "END_LON": -82.59,
  "text": "Deep tropical moisture in place across the Florida peninsula allowed for the development of widespread showers and thunderstorms. Gusty winds were observed across portions of Tampa Bay.",
  "EVENT_NARRATIVE": "The middle Tampa Bay buoy measured a wind gust of 35 knots...40 mph.",
  "DATA_SOURCE": "CSV"
}
