{
  "BEGIN_YEARMONTH": 201806,
  "BEGIN_DAY": 30,
  "BEGIN_TIME": 2330,
  "END_YEARMONTH": 201806,
  "END_DAY": 30,
  "END_TIME": 2332,
  "EPISODE_ID": 125988,
  "EVENT_ID": 755273,
  "STATE": "VERMONT",
  "STATE_FIPS": 50,
  "YEAR": 2018,
  "MONTH_NAME": "June",
  "EVENT_TYPE": "Thunderstorm Wind",
  "CZ_TYPE": "C",
  "CZ_FIPS": 11,
  "CZ_NAME": "FRANKLIN",
  "WFO": "BTV",
  "BEGIN_DATE_TIME": "6/30/18 23:30",
  "CZ_TIMEZONE": "EST-5",
  "END_DATE_TIME": "6/30/18 23:32",
  "INJURIES_DIRECT": 0,
  "INJURIES_INDIRECT": 0,
  "DEATHS_DIRECT": 0,
  "DEATHS_INDIRECT": 0,
  "DAMAGE_PROPERTY": "15.00K",
  "DAMAGE_CROPS": "0.00K",
  "SOURCE": "Park/Forest Service",
  "MAGNITUDE": 60,
  "MAGNITUDE_TYPE": "EG",
  "FLOOD_CAUSE": "",
  "CATEGORY": "",
  "TOR_F_SCALE": "",
  "TOR_LENGTH": "",
  "TOR_WIDTH": "",
  "TOR_OTHER_WFO": "",
  "TOR_OTHER_CZ_STATE": "",
  "TOR_OTHER_CZ_FIPS": "",
  "TOR_OTHER_CZ_NAME": "",
  "BEGIN_RANGE": 3,
  "BEGIN_AZIMUTH": "WSW",
  "BEGIN_LOCATION": "WEST BERKSHIRE",
  "END_RANGE": 3,
  "END_AZIMUTH": "WSW",
  "END_LOCATION": "WEST BERKSHIRE",
  "BEGIN_LAT": 44.9565,
  "BEGIN_LON": -72.8699,
  "END_LAT": 44.9565,
  "END_LON": -72.8699,
  "text": "Vermont and northern NY influenced by heat ridge but just on the periphery, thus thunderstorm clusters riding over the ridge across Ontario/Quebec into VT/NY along the international border. Thunderstorms moved into VT/NY just around midnight on July 1st.",
  "EVENT_NARRATIVE": "Numerous trees downed by thunderstorm winds.",
  "DATA_SOURCE": "CSV"
}
