{
  "BEGIN_YEARMONTH": 201805,
  "BEGIN_DAY": 27,
  "BEGIN_TIME": 400,
  "END_YEARMONTH": 201805,
  "END_DAY": 27,
  "END_TIME": 500,
  "EPISODE_ID": 124506,
  "EVENT_ID": 747017,
  "STATE": "OHIO",
  "STATE_FIPS": 39,
  "YEAR": 2018,
  "MONTH_NAME": "May",
  "EVENT_TYPE": "Flood",
  "CZ_TYPE": "C",
  "CZ_FIPS": 73,
  "CZ_NAME": "HOCKING",
  "WFO": "ILN",
  "BEGIN_DATE_TIME": "5/27/18 4:00",
  "CZ_TIMEZONE": "EST-5",
  "END_DATE_TIME": "5/27/18 5:00",
  "INJURIES_DIRECT": 0,
  "INJURIES_INDIRECT": 0,
  "DEATHS_DIRECT": 0,
  "DEATHS_INDIRECT": 0,
  "DAMAGE_PROPERTY": "0.00K",
  "DAMAGE_CROPS": "0.00K",
  "SOURCE": "Law Enforcement",
  "MAGNITUDE": "",
  "MAGNITUDE_TYPE": "",
  "FLOOD_CAUSE": "Heavy Rain",
  "CATEGORY": "",
  "TOR_F_SCALE": "",
  "TOR_LENGTH": "",
  "TOR_WIDTH": "",
  "TOR_OTHER_WFO": "",
  "TOR_OTHER_CZ_STATE": "",
  "TOR_OTHER_CZ_FIPS": "",
  "TOR_OTHER_CZ_NAME": "",
  "BEGIN_RANGE": 1,
  "BEGIN_AZIMUTH": "ENE",
  "BEGIN_LOCATION": "ROCKBRIDGE",
  "END_RANGE": 1,
  "END_AZIMUTH": "ENE",
  "END_LOCATION": "ROCKBRIDGE",
  "BEGIN_LAT": 39.5842,
  "BEGIN_LON": -82.5215,
  "END_LAT": 39.5824,
  "END_LON": -82.5182,
  "text": "Slow moving thunderstorms produced locally heavy rainfall during the early morning hours.",
  "EVENT_NARRATIVE": "A few roads remained closed in the Rockbridge area due to lingering high water.",
  "DATA_SOURCE": "CSV"
}
