{
  "BEGIN_YEARMONTH": 201805,
  "BEGIN_DAY": 18,
  "BEGIN_TIME": 1555,
  "END_YEARMONTH": 201805,
  "END_DAY": 18,
  "END_TIME": 1905,
  "EPISODE_ID": 124230,
  "EVENT_ID": 745485,
  "STATE": "KENTUCKY",
  "STATE_FIPS": 21,
  "YEAR": 2018,
  "MONTH_NAME": "May",
  "EVENT_TYPE": "Flash Flood",
  "CZ_TYPE": "C",
  "CZ_FIPS": 175,
  "CZ_NAME": "MORGAN",
  "WFO": "JKL",
  "BEGIN_DATE_TIME": "5/18/18 15:55",
  "CZ_TIMEZONE": "EST-5",
  "END_DATE_TIME": "5/18/18 19:05",
  "INJURIES_DIRECT": 0,
  "INJURIES_INDIRECT": 0,
  "DEATHS_DIRECT": 0,
  "DEATHS_INDIRECT": 0,
  "DAMAGE_PROPERTY": "30.00K",
  "DAMAGE_CROPS": "0.10K",
  "SOURCE": "911 Call Center",
  "MAGNITUDE": "",
  "MAGNITUDE_TYPE": "",
  "FLOOD_CAUSE": "Heavy Rain",
  "CATEGORY": "",
  "TOR_F_SCALE": "",
  "TOR_LENGTH": "",
  "TOR_WIDTH": "",
  "TOR_OTHER_WFO": "",
  "TOR_OTHER_CZ_STATE": "",
  "TOR_OTHER_CZ_FIPS": "",
  "TOR_OTHER_CZ_NAME": "",
  "BEGIN_RANGE": 1,
  "BEGIN_AZIMUTH": "WSW",
  "BEGIN_LOCATION": "MOON",
  "END_RANGE": 1,
  "END_AZIMUTH": "SW",
  "END_LOCATION": "MOON",
  "BEGIN_LAT": 37.97,
  "BEGIN_LON": -83.07,
  "END_LAT": 37.9695,
  "END_LON": -83.0661,
  "text": "Numerous showers and thunderstorms developed this afternoon, extending into the evening ahead of an upper level disturbance. While storms were progressive in nature, continued development and repeated rounds of moderate to heavy rainfall over certain locations led to instances of flash flooding. The heavy rainfall also caused a mudslide which damaged a mobile home in Perry County. Additionally, a cloud to ground lightning strike near Somerset set a hay barn on fire.",
  "EVENT_NARRATIVE": "Dispatch reported flowing water covering the road on Lick Branch near the Kentucky Highway 437 bridge in Dingus. Near Moon, heavy rainfall caused water to quickly rise and inundate area basements.",
  "DATA_SOURCE": "CSV"
}
