{
  "BEGIN_YEARMONTH": 201806,
  "BEGIN_DAY": 6,
  "BEGIN_TIME": 1824,
  "END_YEARMONTH": 201806,
  "END_DAY": 6,
  "END_TIME": 1824,
  "EPISODE_ID": 125578,
  "EVENT_ID": 753163,
  "STATE": "NEBRASKA",
  "STATE_FIPS": 31,
  "YEAR": 2018,
  "MONTH_NAME": "June",
  "EVENT_TYPE": "Tornado",
  "CZ_TYPE": "C",
  "CZ_FIPS": 135,
  "CZ_NAME": "PERKINS",
  "WFO": "LBF",
  "BEGIN_DATE_TIME": "6/6/18 18:24",
  "CZ_TIMEZONE": "MST-7",
  "END_DATE_TIME": "6/6/18 18:24",
  "INJURIES_DIRECT": 0,
  "INJURIES_INDIRECT": 0,
  "DEATHS_DIRECT": 0,
  "DEATHS_INDIRECT": 0,
  "DAMAGE_PROPERTY": "0.00K",
  "DAMAGE_CROPS": "0.00K",
  "SOURCE": "NWS Storm Survey",
  "MAGNITUDE": "",
  "MAGNITUDE_TYPE": "",
  "FLOOD_CAUSE": "",
  "CATEGORY": "",
  "TOR_F_SCALE": "EF0",
  "TOR_LENGTH": 0.1,
  "TOR_WIDTH": 10,
  "TOR_OTHER_WFO": "",
  "TOR_OTHER_CZ_STATE": "",
  "TOR_OTHER_CZ_FIPS": "",
  "TOR_OTHER_CZ_NAME": "",
  "BEGIN_RANGE": 5,
  "BEGIN_AZIMUTH": "NW",
  "BEGIN_LOCATION": "GRANT",
  "END_RANGE": 5,
  "END_AZIMUTH": "NW",
  "END_LOCATION": "GRANT",
  "BEGIN_LAT": 40.9,
  "BEGIN_LON": -101.79,
  "END_LAT": 40.9,
  "END_LON": -101.79,
  "text": "Severe storms developed in the Nebraska Panhandle during the early evening hours of June 6th. As this activity tracked east, a broken line of strong to severe thunderstorms developed. Hail up to the size of ping pong balls, thunderstorm wind gusts to 70 MPH and a brief tornado touchdown were reported. Heavy rain also fell leading to flash flooding in western Keith county.",
  "EVENT_NARRATIVE": "Tornado briefly touched down in a field 5 miles northwest of Grant Nebraska. No damage was reported.",
  "DATA_SOURCE": "CSV"
}
