{
  "BEGIN_YEARMONTH": 201805,
  "BEGIN_DAY": 13,
  "BEGIN_TIME": 2035,
  "END_YEARMONTH": 201805,
  "END_DAY": 13,
  "END_TIME": 2037,
  "EPISODE_ID": 124104,
  "EVENT_ID": 744736,
  "STATE": "OHIO",
  "STATE_FIPS": 39,
  "YEAR": 2018,
  "MONTH_NAME": "May",
  "EVENT_TYPE": "Hail",
  "CZ_TYPE": "C",
  "CZ_FIPS": 47,
  "CZ_NAME": "FAYETTE",
  "WFO": "ILN",
  "BEGIN_DATE_TIME": "5/13/18 20:35",
  "CZ_TIMEZONE": "EST-5",
  "END_DATE_TIME": "5/13/18 20:37",
  "INJURIES_DIRECT": 0,
  "INJURIES_INDIRECT": 0,
  "DEATHS_DIRECT": 0,
  "DEATHS_INDIRECT": 0,
  "DAMAGE_PROPERTY": "0.00K",
  "DAMAGE_CROPS": "0.00K",
  "SOURCE": "Trained Spotter",
  "MAGNITUDE": 0.88,
  "MAGNITUDE_TYPE": "",
  "FLOOD_CAUSE": "",
  "CATEGORY": "",
  "TOR_F_SCALE": "",
  "TOR_LENGTH": "",
  "TOR_WIDTH": "",
  "TOR_OTHER_WFO": "",
  "TOR_OTHER_CZ_STATE": "",
  "TOR_OTHER_CZ_FIPS": "",
  "TOR_OTHER_CZ_NAME": "",
  "BEGIN_RANGE": 1,
  "BEGIN_AZIMUTH": "N",
  "BEGIN_LOCATION": "WASHINGTON COURT HOU",
  "END_RANGE": 1,
  "END_AZIMUTH": "N",
  "END_LOCATION": "WASHINGTON COURT HOU",
  "BEGIN_LAT": 39.54,
  "BEGIN_LON": -83.43,
  "END_LAT": 39.54,
  "END_LON": -83.43,
  "text": "Scattered thunderstorms developed during the late afternoon and evening hours along a stationary boundary situated across southern Ohio.",
  "EVENT_NARRATIVE": "",
  "DATA_SOURCE": "CSV"
}
