{
  "BEGIN_YEARMONTH": 201805,
  "BEGIN_DAY": 22,
  "BEGIN_TIME": 1741,
  "END_YEARMONTH": 201805,
  "END_DAY": 22,
  "END_TIME": 1743,
  "EPISODE_ID": 124504,
  "EVENT_ID": 747005,
  "STATE": "KENTUCKY",
  "STATE_FIPS": 21,
  "YEAR": 2018,
  "MONTH_NAME": "May",
  "EVENT_TYPE": "Hail",
  "CZ_TYPE": "C",
  "CZ_FIPS": 37,
  "CZ_NAME": "CAMPBELL",
  "WFO": "ILN",
  "BEGIN_DATE_TIME": "5/22/18 17:41",
  "CZ_TIMEZONE": "EST-5",
  "END_DATE_TIME": "5/22/18 17:43",
  "INJURIES_DIRECT": 0,
  "INJURIES_INDIRECT": 0,
  "DEATHS_DIRECT": 0,
  "DEATHS_INDIRECT": 0,
  "DAMAGE_PROPERTY": "0.00K",
  "DAMAGE_CROPS": "0.00K",
  "SOURCE": "Trained Spotter",
  "MAGNITUDE": 0.75,
  "MAGNITUDE_TYPE": "",
  "FLOOD_CAUSE": "",
  "CATEGORY": "",
  "TOR_F_SCALE": "",
  "TOR_LENGTH": "",
  "TOR_WIDTH": "",
  "TOR_OTHER_WFO": "",
  "TOR_OTHER_CZ_STATE": "",
  "TOR_OTHER_CZ_FIPS": "",
  "TOR_OTHER_CZ_NAME": "",
  "BEGIN_RANGE": 1,
  "BEGIN_AZIMUTH": "NW",
  "BEGIN_LOCATION": "NEWPORT",
  "END_RANGE": 1,
  "END_AZIMUTH": "NW",
  "END_LOCATION": "NEWPORT",
  "BEGIN_LAT": 39.09,
  "BEGIN_LON": -84.49,
  "END_LAT": 39.09,
  "END_LON": -84.49,
  "text": "Isolated thunderstorms developed across the Ohio Valley during the early evening hours along a slow moving frontal system.",
  "EVENT_NARRATIVE": "",
  "DATA_SOURCE": "CSV"
}
