{
  "BEGIN_YEARMONTH": 201805,
  "BEGIN_DAY": 20,
  "BEGIN_TIME": 2142,
  "END_YEARMONTH": 201805,
  "END_DAY": 20,
  "END_TIME": 2148,
  "EPISODE_ID": 125200,
  "EVENT_ID": 750879,
  "STATE": "GULF OF MEXICO",
  "STATE_FIPS": 85,
  "YEAR": 2018,
  "MONTH_NAME": "May",
  "EVENT_TYPE": "Marine Thunderstorm Wind",
  "CZ_TYPE": "Z",
  "CZ_FIPS": 230,
  "CZ_NAME": "CORPUS CHRISTI TO BAFFIN BAY",
  "WFO": "CRP",
  "BEGIN_DATE_TIME": "5/20/18 21:42",
  "CZ_TIMEZONE": "CST-6",
  "END_DATE_TIME": "5/20/18 21:48",
  "INJURIES_DIRECT": 0,
  "INJURIES_INDIRECT": 0,
  "DEATHS_DIRECT": 0,
  "DEATHS_INDIRECT": 0,
  "DAMAGE_PROPERTY": "0.00K",
  "DAMAGE_CROPS": "0.00K",
  "SOURCE": "Mesonet",
  "MAGNITUDE": 34,
  "MAGNITUDE_TYPE": "MG",
  "FLOOD_CAUSE": "",
  "CATEGORY": "",
  "TOR_F_SCALE": "",
  "TOR_LENGTH": "",
  "TOR_WIDTH": "",
  "TOR_OTHER_WFO": "",
  "TOR_OTHER_CZ_STATE": "",
  "TOR_OTHER_CZ_FIPS": "",
  "TOR_OTHER_CZ_NAME": "",
  "BEGIN_RANGE": 0,
  "BEGIN_AZIMUTH": "NNE",
  "BEGIN_LOCATION": "SOUTH BIRD ISLAND",
  "END_RANGE": 0,
  "END_AZIMUTH": "NNE",
  "END_LOCATION": "SOUTH BIRD ISLAND",
  "BEGIN_LAT": 27.4847,
  "BEGIN_LON": -97.3181,
  "END_LAT": 27.4847,
  "END_LON": -97.3181,
  "text": "Storms moved through the Brush Country into the Coastal Bend during the evening hours of the 20th. Wind gusts around 35 knots occurred between Corpus Christi Bay and Baffin Bay.",
  "EVENT_NARRATIVE": "TCOON site at South Bird Island measured a gust to 34 knots.",
  "DATA_SOURCE": "CSV"
}
