{
  "BEGIN_YEARMONTH": 201805,
  "BEGIN_DAY": 13,
  "BEGIN_TIME": 1830,
  "END_YEARMONTH": 201805,
  "END_DAY": 13,
  "END_TIME": 1832,
  "EPISODE_ID": 124104,
  "EVENT_ID": 744738,
  "STATE": "OHIO",
  "STATE_FIPS": 39,
  "YEAR": 2018,
  "MONTH_NAME": "May",
  "EVENT_TYPE": "Thunderstorm Wind",
  "CZ_TYPE": "C",
  "CZ_FIPS": 47,
  "CZ_NAME": "FAYETTE",
  "WFO": "ILN",
  "BEGIN_DATE_TIME": "5/13/18 18:30",
  "CZ_TIMEZONE": "EST-5",
  "END_DATE_TIME": "5/13/18 18:32",
  "INJURIES_DIRECT": 0,
  "INJURIES_INDIRECT": 0,
  "DEATHS_DIRECT": 0,
  "DEATHS_INDIRECT": 0,
  "DAMAGE_PROPERTY": "0.50K",
  "DAMAGE_CROPS": "0.00K",
  "SOURCE": "State Official",
  "MAGNITUDE": 45,
  "MAGNITUDE_TYPE": "EG",
  "FLOOD_CAUSE": "",
  "CATEGORY": "",
  "TOR_F_SCALE": "",
  "TOR_LENGTH": "",
  "TOR_WIDTH": "",
  "TOR_OTHER_WFO": "",
  "TOR_OTHER_CZ_STATE": "",
  "TOR_OTHER_CZ_FIPS": "",
  "TOR_OTHER_CZ_NAME": "",
  "BEGIN_RANGE": 2,
  "BEGIN_AZIMUTH": "SSE",
  "BEGIN_LOCATION": "JOHNSON",
  "END_RANGE": 2,
  "END_AZIMUTH": "SSE",
  "END_LOCATION": "JOHNSON",
  "BEGIN_LAT": 39.5256,
  "BEGIN_LON": -83.3138,
  "END_LAT": 39.5256,
  "END_LON": -83.3138,
  "text": "Scattered thunderstorms developed during the late afternoon and evening hours along a stationary boundary situated across southern Ohio.",
  "EVENT_NARRATIVE": "A small tree was downed near the intersection of Clemens and White Roads.",
  "DATA_SOURCE": "CSV"
}
