{
  "BEGIN_YEARMONTH": 201805,
  "BEGIN_DAY": 15,
  "BEGIN_TIME": 1320,
  "END_YEARMONTH": 201805,
  "END_DAY": 15,
  "END_TIME": 1320,
  "EPISODE_ID": 124155,
  "EVENT_ID": 745506,
  "STATE": "PENNSYLVANIA",
  "STATE_FIPS": 42,
  "YEAR": 2018,
  "MONTH_NAME": "May",
  "EVENT_TYPE": "Hail",
  "CZ_TYPE": "C",
  "CZ_FIPS": 21,
  "CZ_NAME": "CAMBRIA",
  "WFO": "CTP",
  "BEGIN_DATE_TIME": "5/15/18 13:20",
  "CZ_TIMEZONE": "EST-5",
  "END_DATE_TIME": "5/15/18 13:20",
  "INJURIES_DIRECT": 0,
  "INJURIES_INDIRECT": 0,
  "DEATHS_DIRECT": 0,
  "DEATHS_INDIRECT": 0,
  "DAMAGE_PROPERTY": "0.00K",
  "DAMAGE_CROPS": "0.00K",
  "SOURCE": "Public",
  "MAGNITUDE": 1.25,
  "MAGNITUDE_TYPE": "",
  "FLOOD_CAUSE": "",
  "CATEGORY": "",
  "TOR_F_SCALE": "",
  "TOR_LENGTH": "",
  "TOR_WIDTH": "",
  "TOR_OTHER_WFO": "",
  "TOR_OTHER_CZ_STATE": "",
  "TOR_OTHER_CZ_FIPS": "",
  "TOR_OTHER_CZ_NAME": "",
  "BEGIN_RANGE": 1,
  "BEGIN_AZIMUTH": "N",
  "BEGIN_LOCATION": "BENS CREEK",
  "END_RANGE": 1,
  "END_AZIMUTH": "N",
  "END_LOCATION": "BENS CREEK",
  "BEGIN_LAT": 40.4122,
  "BEGIN_LON": -78.6268,
  "END_LAT": 40.4122,
  "END_LON": -78.6268,
  "text": "A line of severe thunderstorms developed ahead of an approaching cold front during the afternoon of May 15, 2018.  This line progresses southeastward across central Pennsylvania, producing widespread wind damage and isolated large hail.",
  "EVENT_NARRATIVE": "A severe thunderstorm produced half dollar sized south of Lilly.",
  "DATA_SOURCE": "CSV"
}
