{
  "BEGIN_YEARMONTH": 201805,
  "BEGIN_DAY": 16,
  "BEGIN_TIME": 1912,
  "END_YEARMONTH": 201805,
  "END_DAY": 16,
  "END_TIME": 2011,
  "EPISODE_ID": 124189,
  "EVENT_ID": 745285,
  "STATE": "KENTUCKY",
  "STATE_FIPS": 21,
  "YEAR": 2018,
  "MONTH_NAME": "May",
  "EVENT_TYPE": "Flash Flood",
  "CZ_TYPE": "C",
  "CZ_FIPS": 63,
  "CZ_NAME": "ELLIOTT",
  "WFO": "JKL",
  "BEGIN_DATE_TIME": "5/16/18 19:12",
  "CZ_TIMEZONE": "EST-5",
  "END_DATE_TIME": "5/16/18 20:11",
  "INJURIES_DIRECT": 0,
  "INJURIES_INDIRECT": 0,
  "DEATHS_DIRECT": 0,
  "DEATHS_INDIRECT": 0,
  "DAMAGE_PROPERTY": "0.10K",
  "DAMAGE_CROPS": "0.00K",
  "SOURCE": "Emergency Manager",
  "MAGNITUDE": "",
  "MAGNITUDE_TYPE": "",
  "FLOOD_CAUSE": "Heavy Rain",
  "CATEGORY": "",
  "TOR_F_SCALE": "",
  "TOR_LENGTH": "",
  "TOR_WIDTH": "",
  "TOR_OTHER_WFO": "",
  "TOR_OTHER_CZ_STATE": "",
  "TOR_OTHER_CZ_FIPS": "",
  "TOR_OTHER_CZ_NAME": "",
  "BEGIN_RANGE": 1,
  "BEGIN_AZIMUTH": "E",
  "BEGIN_LOCATION": "FAYE",
  "END_RANGE": 1,
  "END_AZIMUTH": "E",
  "END_LOCATION": "FAYE",
  "BEGIN_LAT": 38.07,
  "BEGIN_LON": -83.16,
  "END_LAT": 38.07,
  "END_LON": -83.1567,
  "text": "A slow moving line of thunderstorms developed from mid to late this afternoon across central Kentucky. As this line progressed east into the Bluegrass region of eastern Kentucky, these storms increased in coverage as rainfall rates increased. This led to instances of flash flooding across portions of Bath and Montgomery Counties. These storms continued to move east into the evening hours, creating additional flash flooding from Morehead to west of Sandy Hook.",
  "EVENT_NARRATIVE": "Local Emergency Management reported water flowing over Kentucky Route 7 near Wells Creek Road southwest of Sandy Hook. Crews were called to rescue a dog stuck in high water.",
  "DATA_SOURCE": "CSV"
}
