{
  "BEGIN_YEARMONTH": 201805,
  "BEGIN_DAY": 19,
  "BEGIN_TIME": 1540,
  "END_YEARMONTH": 201805,
  "END_DAY": 19,
  "END_TIME": 1540,
  "EPISODE_ID": 124245,
  "EVENT_ID": 745598,
  "STATE": "KENTUCKY",
  "STATE_FIPS": 21,
  "YEAR": 2018,
  "MONTH_NAME": "May",
  "EVENT_TYPE": "Hail",
  "CZ_TYPE": "C",
  "CZ_FIPS": 65,
  "CZ_NAME": "ESTILL",
  "WFO": "JKL",
  "BEGIN_DATE_TIME": "5/19/18 15:40",
  "CZ_TIMEZONE": "EST-5",
  "END_DATE_TIME": "5/19/18 15:40",
  "INJURIES_DIRECT": 0,
  "INJURIES_INDIRECT": 0,
  "DEATHS_DIRECT": 0,
  "DEATHS_INDIRECT": 0,
  "DAMAGE_PROPERTY": "0.00K",
  "DAMAGE_CROPS": "0.00K",
  "SOURCE": "COOP Observer",
  "MAGNITUDE": 0.75,
  "MAGNITUDE_TYPE": "",
  "FLOOD_CAUSE": "",
  "CATEGORY": "",
  "TOR_F_SCALE": "",
  "TOR_LENGTH": "",
  "TOR_WIDTH": "",
  "TOR_OTHER_WFO": "",
  "TOR_OTHER_CZ_STATE": "",
  "TOR_OTHER_CZ_FIPS": "",
  "TOR_OTHER_CZ_NAME": "",
  "BEGIN_RANGE": 1,
  "BEGIN_AZIMUTH": "E",
  "BEGIN_LOCATION": "IRON MOUND",
  "END_RANGE": 1,
  "END_AZIMUTH": "E",
  "END_LOCATION": "IRON MOUND",
  "BEGIN_LAT": 37.82,
  "BEGIN_LON": -84.04,
  "END_LAT": 37.82,
  "END_LON": -84.04,
  "text": "Showers and thunderstorms developed across much of eastern Kentucky this afternoon as an upper level disturbance moved through. One of these storms produced penny sized hail in Cressy.",
  "EVENT_NARRATIVE": "A Cooperative Observer in Cressy observed penny sized hail.",
  "DATA_SOURCE": "CSV"
}
