{
  "BEGIN_YEARMONTH": 201805,
  "BEGIN_DAY": 15,
  "BEGIN_TIME": 1545,
  "END_YEARMONTH": 201805,
  "END_DAY": 15,
  "END_TIME": 1545,
  "EPISODE_ID": 124159,
  "EVENT_ID": 745105,
  "STATE": "KENTUCKY",
  "STATE_FIPS": 21,
  "YEAR": 2018,
  "MONTH_NAME": "May",
  "EVENT_TYPE": "Hail",
  "CZ_TYPE": "C",
  "CZ_FIPS": 133,
  "CZ_NAME": "LETCHER",
  "WFO": "JKL",
  "BEGIN_DATE_TIME": "5/15/18 15:45",
  "CZ_TIMEZONE": "EST-5",
  "END_DATE_TIME": "5/15/18 15:45",
  "INJURIES_DIRECT": 0,
  "INJURIES_INDIRECT": 0,
  "DEATHS_DIRECT": 0,
  "DEATHS_INDIRECT": 0,
  "DAMAGE_PROPERTY": "",
  "DAMAGE_CROPS": "",
  "SOURCE": "Social Media",
  "MAGNITUDE": 0.75,
  "MAGNITUDE_TYPE": "",
  "FLOOD_CAUSE": "",
  "CATEGORY": "",
  "TOR_F_SCALE": "",
  "TOR_LENGTH": "",
  "TOR_WIDTH": "",
  "TOR_OTHER_WFO": "",
  "TOR_OTHER_CZ_STATE": "",
  "TOR_OTHER_CZ_FIPS": "",
  "TOR_OTHER_CZ_NAME": "",
  "BEGIN_RANGE": 1,
  "BEGIN_AZIMUTH": "NW",
  "BEGIN_LOCATION": "PAYNE GAP",
  "END_RANGE": 1,
  "END_AZIMUTH": "NW",
  "END_LOCATION": "PAYNE GAP",
  "BEGIN_LAT": 37.16,
  "BEGIN_LON": -82.66,
  "END_LAT": 37.16,
  "END_LON": -82.66,
  "text": "Slow moving thunderstorms developed this afternoon ahead of an upper level disturbance, bringing moisture from the Gulf of Mexico into eastern Kentucky. Isolated wind damage occurred in Laurel County as one storm initially grew very strong. Additional storms produced penny to nickel sized hail, while portions of northeast Letcher County experienced flash flooding due to persistent storms producing between 2-3 inches of rain.",
  "EVENT_NARRATIVE": "A citizen reported penny sized hail near Payne Gap via social media.",
  "DATA_SOURCE": "CSV"
}
