{
  "BEGIN_YEARMONTH": 201805,
  "BEGIN_DAY": 25,
  "BEGIN_TIME": 1700,
  "END_YEARMONTH": 201805,
  "END_DAY": 25,
  "END_TIME": 1715,
  "EPISODE_ID": 124607,
  "EVENT_ID": 747670,
  "STATE": "OREGON",
  "STATE_FIPS": 41,
  "YEAR": 2018,
  "MONTH_NAME": "May",
  "EVENT_TYPE": "Thunderstorm Wind",
  "CZ_TYPE": "C",
  "CZ_FIPS": 25,
  "CZ_NAME": "HARNEY",
  "WFO": "BOI",
  "BEGIN_DATE_TIME": "5/25/18 17:00",
  "CZ_TIMEZONE": "PST-8",
  "END_DATE_TIME": "5/25/18 17:15",
  "INJURIES_DIRECT": 0,
  "INJURIES_INDIRECT": 0,
  "DEATHS_DIRECT": 0,
  "DEATHS_INDIRECT": 0,
  "DAMAGE_PROPERTY": "",
  "DAMAGE_CROPS": "",
  "SOURCE": "Law Enforcement",
  "MAGNITUDE": 52,
  "MAGNITUDE_TYPE": "EG",
  "FLOOD_CAUSE": "",
  "CATEGORY": "",
  "TOR_F_SCALE": "",
  "TOR_LENGTH": "",
  "TOR_WIDTH": "",
  "TOR_OTHER_WFO": "",
  "TOR_OTHER_CZ_STATE": "",
  "TOR_OTHER_CZ_FIPS": "",
  "TOR_OTHER_CZ_NAME": "",
  "BEGIN_RANGE": 2,
  "BEGIN_AZIMUTH": "SW",
  "BEGIN_LOCATION": "BURNS",
  "END_RANGE": 3,
  "END_AZIMUTH": "N",
  "END_LOCATION": "(BNO)BURNS MUNI ARPT",
  "BEGIN_LAT": 43.5595,
  "BEGIN_LON": -119.0783,
  "END_LAT": 43.6434,
  "END_LON": -118.9513,
  "text": "A vigorous upper level low moved northeast out of California and spread strong to severe thunderstorms across Southeast Oregon and Southwest Idaho with large hail and damaging winds.",
  "EVENT_NARRATIVE": "Harney County Dispatch reported trees and power lines down in Burns due to damaging thunderstorm winds.",
  "DATA_SOURCE": "CSV"
}
