{
  "BEGIN_YEARMONTH": 201805,
  "BEGIN_DAY": 17,
  "BEGIN_TIME": 1430,
  "END_YEARMONTH": 201805,
  "END_DAY": 17,
  "END_TIME": 1530,
  "EPISODE_ID": 124950,
  "EVENT_ID": 749435,
  "STATE": "FLORIDA",
  "STATE_FIPS": 12,
  "YEAR": 2018,
  "MONTH_NAME": "May",
  "EVENT_TYPE": "Flood",
  "CZ_TYPE": "C",
  "CZ_FIPS": 57,
  "CZ_NAME": "HILLSBOROUGH",
  "WFO": "TBW",
  "BEGIN_DATE_TIME": "5/17/18 14:30",
  "CZ_TIMEZONE": "EST-5",
  "END_DATE_TIME": "5/17/18 15:30",
  "INJURIES_DIRECT": 0,
  "INJURIES_INDIRECT": 0,
  "DEATHS_DIRECT": 0,
  "DEATHS_INDIRECT": 0,
  "DAMAGE_PROPERTY": "20.00K",
  "DAMAGE_CROPS": "0.00K",
  "SOURCE": "Broadcast Media",
  "MAGNITUDE": "",
  "MAGNITUDE_TYPE": "",
  "FLOOD_CAUSE": "Heavy Rain",
  "CATEGORY": "",
  "TOR_F_SCALE": "",
  "TOR_LENGTH": "",
  "TOR_WIDTH": "",
  "TOR_OTHER_WFO": "",
  "TOR_OTHER_CZ_STATE": "",
  "TOR_OTHER_CZ_FIPS": "",
  "TOR_OTHER_CZ_NAME": "",
  "BEGIN_RANGE": 1,
  "BEGIN_AZIMUTH": "ESE",
  "BEGIN_LOCATION": "TRAPNELL",
  "END_RANGE": 2,
  "END_AZIMUTH": "SW",
  "END_LOCATION": "HOPEWELL",
  "BEGIN_LAT": 27.9457,
  "BEGIN_LON": -82.1214,
  "END_LAT": 27.9097,
  "END_LON": -82.1396,
  "text": "Heavy rain fell in northeastern Hillsborough county, with some sites reporting over 7 inches of rain. This led to street flooding along Highway 60 near Plant City, resulting in two vehicles ending up in the ditch and becoming partially submerged.",
  "EVENT_NARRATIVE": "Broadcast media relayed pictures of two vehicles in a flooded ditch along Highway 60 south of Plant City. The water was up to the hood of both cars. Nearby rain gauges reported as much as 7 inches of rain.",
  "DATA_SOURCE": "CSV"
}
