{
  "BEGIN_YEARMONTH": 201805,
  "BEGIN_DAY": 22,
  "BEGIN_TIME": 1742,
  "END_YEARMONTH": 201805,
  "END_DAY": 22,
  "END_TIME": 1744,
  "EPISODE_ID": 124502,
  "EVENT_ID": 747003,
  "STATE": "OHIO",
  "STATE_FIPS": 39,
  "YEAR": 2018,
  "MONTH_NAME": "May",
  "EVENT_TYPE": "Thunderstorm Wind",
  "CZ_TYPE": "C",
  "CZ_FIPS": 61,
  "CZ_NAME": "HAMILTON",
  "WFO": "ILN",
  "BEGIN_DATE_TIME": "5/22/18 17:42",
  "CZ_TIMEZONE": "EST-5",
  "END_DATE_TIME": "5/22/18 17:44",
  "INJURIES_DIRECT": 0,
  "INJURIES_INDIRECT": 0,
  "DEATHS_DIRECT": 0,
  "DEATHS_INDIRECT": 0,
  "DAMAGE_PROPERTY": "1.00K",
  "DAMAGE_CROPS": "0.00K",
  "SOURCE": "Broadcast Media",
  "MAGNITUDE": 45,
  "MAGNITUDE_TYPE": "EG",
  "FLOOD_CAUSE": "",
  "CATEGORY": "",
  "TOR_F_SCALE": "",
  "TOR_LENGTH": "",
  "TOR_WIDTH": "",
  "TOR_OTHER_WFO": "",
  "TOR_OTHER_CZ_STATE": "",
  "TOR_OTHER_CZ_FIPS": "",
  "TOR_OTHER_CZ_NAME": "",
  "BEGIN_RANGE": 2,
  "BEGIN_AZIMUTH": "E",
  "BEGIN_LOCATION": "MT ST JOSEPH",
  "END_RANGE": 2,
  "END_AZIMUTH": "E",
  "END_LOCATION": "MT ST JOSEPH",
  "BEGIN_LAT": 39.1,
  "BEGIN_LON": -84.6,
  "END_LAT": 39.1,
  "END_LON": -84.6,
  "text": "Isolated thunderstorms developed across the Ohio Valley during the early evening hours along a slow moving frontal system.",
  "EVENT_NARRATIVE": "A tree was downed.",
  "DATA_SOURCE": "CSV"
}
