{
  "BEGIN_YEARMONTH": 201805,
  "BEGIN_DAY": 12,
  "BEGIN_TIME": 2200,
  "END_YEARMONTH": 201805,
  "END_DAY": 13,
  "END_TIME": 2030,
  "EPISODE_ID": 126007,
  "EVENT_ID": 755398,
  "STATE": "IOWA",
  "STATE_FIPS": 19,
  "YEAR": 2018,
  "MONTH_NAME": "May",
  "EVENT_TYPE": "Flood",
  "CZ_TYPE": "C",
  "CZ_FIPS": 147,
  "CZ_NAME": "PALO ALTO",
  "WFO": "DMX",
  "BEGIN_DATE_TIME": "5/12/18 22:00",
  "CZ_TIMEZONE": "CST-6",
  "END_DATE_TIME": "5/13/18 20:30",
  "INJURIES_DIRECT": 0,
  "INJURIES_INDIRECT": 0,
  "DEATHS_DIRECT": 0,
  "DEATHS_INDIRECT": 0,
  "DAMAGE_PROPERTY": "0.00K",
  "DAMAGE_CROPS": "0.00K",
  "SOURCE": "Official NWS Observations",
  "MAGNITUDE": "",
  "MAGNITUDE_TYPE": "",
  "FLOOD_CAUSE": "Heavy Rain",
  "CATEGORY": "",
  "TOR_F_SCALE": "",
  "TOR_LENGTH": "",
  "TOR_WIDTH": "",
  "TOR_OTHER_WFO": "",
  "TOR_OTHER_CZ_STATE": "",
  "TOR_OTHER_CZ_FIPS": "",
  "TOR_OTHER_CZ_NAME": "",
  "BEGIN_RANGE": 3,
  "BEGIN_AZIMUTH": "WSW",
  "BEGIN_LOCATION": "EMMETSBURG ARPT",
  "END_RANGE": 12,
  "END_AZIMUTH": "S",
  "END_LOCATION": "WEST BEND",
  "BEGIN_LAT": 43.09,
  "BEGIN_LON": -94.75,
  "END_LAT": 42.79,
  "END_LON": -94.44,
  "text": "River levels remained high across central and northern Iowa especially along the West Fork of the Des Moines River. Rainfall through early to mid May caused the river to go back into flood at Emmetsburg and Humboldt for a short period in mid May.",
  "EVENT_NARRATIVE": "The West Fork of the Des Moines River at Emmetsburg crested at 11.15 feet on 13 May 2018 at 14:00 UTC.",
  "DATA_SOURCE": "CSV"
}
