{
  "BEGIN_YEARMONTH": 201806,
  "BEGIN_DAY": 30,
  "BEGIN_TIME": 2345,
  "END_YEARMONTH": 201806,
  "END_DAY": 30,
  "END_TIME": 2345,
  "EPISODE_ID": 125988,
  "EVENT_ID": 755929,
  "STATE": "VERMONT",
  "STATE_FIPS": 50,
  "YEAR": 2018,
  "MONTH_NAME": "June",
  "EVENT_TYPE": "Thunderstorm Wind",
  "CZ_TYPE": "C",
  "CZ_FIPS": 15,
  "CZ_NAME": "LAMOILLE",
  "WFO": "BTV",
  "BEGIN_DATE_TIME": "6/30/18 23:45",
  "CZ_TIMEZONE": "EST-5",
  "END_DATE_TIME": "6/30/18 23:45",
  "INJURIES_DIRECT": 0,
  "INJURIES_INDIRECT": 0,
  "DEATHS_DIRECT": 0,
  "DEATHS_INDIRECT": 0,
  "DAMAGE_PROPERTY": "10.00K",
  "DAMAGE_CROPS": "0.00K",
  "SOURCE": "Public",
  "MAGNITUDE": 55,
  "MAGNITUDE_TYPE": "EG",
  "FLOOD_CAUSE": "",
  "CATEGORY": "",
  "TOR_F_SCALE": "",
  "TOR_LENGTH": "",
  "TOR_WIDTH": "",
  "TOR_OTHER_WFO": "",
  "TOR_OTHER_CZ_STATE": "",
  "TOR_OTHER_CZ_FIPS": "",
  "TOR_OTHER_CZ_NAME": "",
  "BEGIN_RANGE": 0,
  "BEGIN_AZIMUTH": "NE",
  "BEGIN_LOCATION": "BELVIDERE JCT",
  "END_RANGE": 0,
  "END_AZIMUTH": "NE",
  "END_LOCATION": "BELVIDERE JCT",
  "BEGIN_LAT": 44.7316,
  "BEGIN_LON": -72.7474,
  "END_LAT": 44.7316,
  "END_LON": -72.7474,
  "text": "Vermont and northern NY influenced by heat ridge but just on the periphery, thus thunderstorm clusters riding over the ridge across Ontario/Quebec into VT/NY along the international border. Thunderstorms moved into VT/NY just around midnight on July 1st.",
  "EVENT_NARRATIVE": "At least half dozen trees downed or snapped along Route 109 between Waterville and Belvidere.",
  "DATA_SOURCE": "CSV"
}
