{
  "BEGIN_YEARMONTH": 201805,
  "BEGIN_DAY": 14,
  "BEGIN_TIME": 1850,
  "END_YEARMONTH": 201805,
  "END_DAY": 14,
  "END_TIME": 1850,
  "EPISODE_ID": 125653,
  "EVENT_ID": 753562,
  "STATE": "IOWA",
  "STATE_FIPS": 19,
  "YEAR": 2018,
  "MONTH_NAME": "May",
  "EVENT_TYPE": "Hail",
  "CZ_TYPE": "C",
  "CZ_FIPS": 53,
  "CZ_NAME": "DECATUR",
  "WFO": "DMX",
  "BEGIN_DATE_TIME": "5/14/18 18:50",
  "CZ_TIMEZONE": "CST-6",
  "END_DATE_TIME": "5/14/18 18:50",
  "INJURIES_DIRECT": 0,
  "INJURIES_INDIRECT": 0,
  "DEATHS_DIRECT": 0,
  "DEATHS_INDIRECT": 0,
  "DAMAGE_PROPERTY": "0.00K",
  "DAMAGE_CROPS": "0.00K",
  "SOURCE": "Law Enforcement",
  "MAGNITUDE": 1,
  "MAGNITUDE_TYPE": "",
  "FLOOD_CAUSE": "",
  "CATEGORY": "",
  "TOR_F_SCALE": "",
  "TOR_LENGTH": "",
  "TOR_WIDTH": "",
  "TOR_OTHER_WFO": "",
  "TOR_OTHER_CZ_STATE": "",
  "TOR_OTHER_CZ_FIPS": "",
  "TOR_OTHER_CZ_NAME": "",
  "BEGIN_RANGE": 1,
  "BEGIN_AZIMUTH": "WNW",
  "BEGIN_LOCATION": "LEON",
  "END_RANGE": 1,
  "END_AZIMUTH": "WNW",
  "END_LOCATION": "LEON",
  "BEGIN_LAT": 40.74,
  "BEGIN_LON": -93.75,
  "END_LAT": 40.74,
  "END_LON": -93.75,
  "text": "A stalled out boundary continued to linger across southern Iowa and northern Missouri for the third day/event in a row. South of the boundary, SBCAPE values were modest in around 2000 J/kg, however much of the action for Iowa was north of the boundary within an elevated MUCAPE environment of 2000+ J/kg. Add in lackluster effective bulk shear under 35 kts, and the result was predominantly storms with little residence time for consistent large hail development.  A number of storms produced sub-severe hail, but a couple did produce severe reports, including up to around golf ball sized hail in south-central Iowa.",
  "EVENT_NARRATIVE": "Law enforcement reported quarter sized hail.",
  "DATA_SOURCE": "CSV"
}
