{
  "BEGIN_YEARMONTH": 201806,
  "BEGIN_DAY": 6,
  "BEGIN_TIME": 2000,
  "END_YEARMONTH": 201806,
  "END_DAY": 6,
  "END_TIME": 2000,
  "EPISODE_ID": 125578,
  "EVENT_ID": 753168,
  "STATE": "NEBRASKA",
  "STATE_FIPS": 31,
  "YEAR": 2018,
  "MONTH_NAME": "June",
  "EVENT_TYPE": "Thunderstorm Wind",
  "CZ_TYPE": "C",
  "CZ_FIPS": 29,
  "CZ_NAME": "CHASE",
  "WFO": "LBF",
  "BEGIN_DATE_TIME": "6/6/18 20:00",
  "CZ_TIMEZONE": "MST-7",
  "END_DATE_TIME": "6/6/18 20:00",
  "INJURIES_DIRECT": 0,
  "INJURIES_INDIRECT": 0,
  "DEATHS_DIRECT": 0,
  "DEATHS_INDIRECT": 0,
  "DAMAGE_PROPERTY": "2.00K",
  "DAMAGE_CROPS": "0.00K",
  "SOURCE": "Public",
  "MAGNITUDE": 52,
  "MAGNITUDE_TYPE": "EG",
  "FLOOD_CAUSE": "",
  "CATEGORY": "",
  "TOR_F_SCALE": "",
  "TOR_LENGTH": "",
  "TOR_WIDTH": "",
  "TOR_OTHER_WFO": "",
  "TOR_OTHER_CZ_STATE": "",
  "TOR_OTHER_CZ_FIPS": "",
  "TOR_OTHER_CZ_NAME": "",
  "BEGIN_RANGE": 1,
  "BEGIN_AZIMUTH": "W",
  "BEGIN_LOCATION": "LAMAR",
  "END_RANGE": 1,
  "END_AZIMUTH": "W",
  "END_LOCATION": "LAMAR",
  "BEGIN_LAT": 40.57,
  "BEGIN_LON": -101.98,
  "END_LAT": 40.57,
  "END_LON": -101.98,
  "text": "Severe storms developed in the Nebraska Panhandle during the early evening hours of June 6th. As this activity tracked east, a broken line of strong to severe thunderstorms developed. Hail up to the size of ping pong balls, thunderstorm wind gusts to 70 MPH and a brief tornado touchdown were reported. Heavy rain also fell leading to flash flooding in western Keith county.",
  "EVENT_NARRATIVE": "Power lines reported down in Lamar.",
  "DATA_SOURCE": "CSV"
}
