{
  "BEGIN_YEARMONTH": 201805,
  "BEGIN_DAY": 27,
  "BEGIN_TIME": 130,
  "END_YEARMONTH": 201805,
  "END_DAY": 27,
  "END_TIME": 230,
  "EPISODE_ID": 124506,
  "EVENT_ID": 747014,
  "STATE": "OHIO",
  "STATE_FIPS": 39,
  "YEAR": 2018,
  "MONTH_NAME": "May",
  "EVENT_TYPE": "Flash Flood",
  "CZ_TYPE": "C",
  "CZ_FIPS": 73,
  "CZ_NAME": "HOCKING",
  "WFO": "ILN",
  "BEGIN_DATE_TIME": "5/27/18 1:30",
  "CZ_TIMEZONE": "EST-5",
  "END_DATE_TIME": "5/27/18 2:30",
  "INJURIES_DIRECT": 0,
  "INJURIES_INDIRECT": 0,
  "DEATHS_DIRECT": 0,
  "DEATHS_INDIRECT": 0,
  "DAMAGE_PROPERTY": "5.00K",
  "DAMAGE_CROPS": "0.00K",
  "SOURCE": "State Official",
  "MAGNITUDE": "",
  "MAGNITUDE_TYPE": "",
  "FLOOD_CAUSE": "Heavy Rain",
  "CATEGORY": "",
  "TOR_F_SCALE": "",
  "TOR_LENGTH": "",
  "TOR_WIDTH": "",
  "TOR_OTHER_WFO": "",
  "TOR_OTHER_CZ_STATE": "",
  "TOR_OTHER_CZ_FIPS": "",
  "TOR_OTHER_CZ_NAME": "",
  "BEGIN_RANGE": 1,
  "BEGIN_AZIMUTH": "ESE",
  "BEGIN_LOCATION": "ROCKBRIDGE",
  "END_RANGE": 1,
  "END_AZIMUTH": "ESE",
  "END_LOCATION": "ROCKBRIDGE",
  "BEGIN_LAT": 39.5774,
  "BEGIN_LON": -82.5213,
  "END_LAT": 39.5748,
  "END_LON": -82.5198,
  "text": "Slow moving thunderstorms produced locally heavy rainfall during the early morning hours.",
  "EVENT_NARRATIVE": "U.S. 33 was closed near Rockbridge due to high water running across the roadway. Also, a mini mart was flooded.",
  "DATA_SOURCE": "CSV"
}
