{
  "BEGIN_YEARMONTH": 201805,
  "BEGIN_DAY": 18,
  "BEGIN_TIME": 2130,
  "END_YEARMONTH": 201805,
  "END_DAY": 18,
  "END_TIME": 2130,
  "EPISODE_ID": 124230,
  "EVENT_ID": 745662,
  "STATE": "KENTUCKY",
  "STATE_FIPS": 21,
  "YEAR": 2018,
  "MONTH_NAME": "May",
  "EVENT_TYPE": "Debris Flow",
  "CZ_TYPE": "C",
  "CZ_FIPS": 193,
  "CZ_NAME": "PERRY",
  "WFO": "JKL",
  "BEGIN_DATE_TIME": "5/18/18 21:30",
  "CZ_TIMEZONE": "EST-5",
  "END_DATE_TIME": "5/18/18 21:30",
  "INJURIES_DIRECT": 0,
  "INJURIES_INDIRECT": 0,
  "DEATHS_DIRECT": 0,
  "DEATHS_INDIRECT": 0,
  "DAMAGE_PROPERTY": "0.00K",
  "DAMAGE_CROPS": "0.10K",
  "SOURCE": "Broadcast Media",
  "MAGNITUDE": "",
  "MAGNITUDE_TYPE": "",
  "FLOOD_CAUSE": "Heavy Rain",
  "CATEGORY": "",
  "TOR_F_SCALE": "",
  "TOR_LENGTH": "",
  "TOR_WIDTH": "",
  "TOR_OTHER_WFO": "",
  "TOR_OTHER_CZ_STATE": "",
  "TOR_OTHER_CZ_FIPS": "",
  "TOR_OTHER_CZ_NAME": "",
  "BEGIN_RANGE": 2,
  "BEGIN_AZIMUTH": "WSW",
  "BEGIN_LOCATION": "DAISY",
  "END_RANGE": 2,
  "END_AZIMUTH": "WSW",
  "END_LOCATION": "DAISY",
  "BEGIN_LAT": 37.1119,
  "BEGIN_LON": -83.1396,
  "END_LAT": 37.1126,
  "END_LON": -83.1392,
  "text": "Numerous showers and thunderstorms developed this afternoon, extending into the evening ahead of an upper level disturbance. While storms were progressive in nature, continued development and repeated rounds of moderate to heavy rainfall over certain locations led to instances of flash flooding. The heavy rainfall also caused a mudslide which damaged a mobile home in Perry County. Additionally, a cloud to ground lightning strike near Somerset set a hay barn on fire.",
  "EVENT_NARRATIVE": "A local media outlet reported a mudslide, resulting in a downed tree across a roadway south of Viper.",
  "DATA_SOURCE": "CSV"
}
