{
  "BEGIN_YEARMONTH": 201805,
  "BEGIN_DAY": 14,
  "BEGIN_TIME": 929,
  "END_YEARMONTH": 201805,
  "END_DAY": 14,
  "END_TIME": 929,
  "EPISODE_ID": 124276,
  "EVENT_ID": 745726,
  "STATE": "ATLANTIC SOUTH",
  "STATE_FIPS": 87,
  "YEAR": 2018,
  "MONTH_NAME": "May",
  "EVENT_TYPE": "Marine Thunderstorm Wind",
  "CZ_TYPE": "Z",
  "CZ_FIPS": 555,
  "CZ_NAME": "SEBASTIAN INLET TO JUPITER INLET 0-20NM",
  "WFO": "MLB",
  "BEGIN_DATE_TIME": "5/14/18 9:29",
  "CZ_TIMEZONE": "EST-5",
  "END_DATE_TIME": "5/14/18 9:29",
  "INJURIES_DIRECT": 0,
  "INJURIES_INDIRECT": 0,
  "DEATHS_DIRECT": 0,
  "DEATHS_INDIRECT": 0,
  "DAMAGE_PROPERTY": "0.00K",
  "DAMAGE_CROPS": "0.00K",
  "SOURCE": "Mesonet",
  "MAGNITUDE": 36,
  "MAGNITUDE_TYPE": "MG",
  "FLOOD_CAUSE": "",
  "CATEGORY": "",
  "TOR_F_SCALE": "",
  "TOR_LENGTH": "",
  "TOR_WIDTH": "",
  "TOR_OTHER_WFO": "",
  "TOR_OTHER_CZ_STATE": "",
  "TOR_OTHER_CZ_FIPS": "",
  "TOR_OTHER_CZ_NAME": "",
  "BEGIN_RANGE": 1,
  "BEGIN_AZIMUTH": "ESE",
  "BEGIN_LOCATION": "ST. LUCIE NUCLEAR POWER PLANT",
  "END_RANGE": 1,
  "END_AZIMUTH": "ESE",
  "END_LOCATION": "ST. LUCIE NUCLEAR POWER PLANT",
  "BEGIN_LAT": 27.3452,
  "BEGIN_LON": -80.2364,
  "END_LAT": 27.3452,
  "END_LON": -80.2364,
  "text": "The interaction between a strengthening low pressure system in the eastern Gulf of Mexico and the Atlantic Bermuda High caused south winds to develop across the Florida peninsula. These winds brought a surge of moisture from the Caribbean across the state of Florida. Widespread showers and thunderstorms were ongoing throughout the day. One storm produced strong winds along the St. Lucie County coast. Another storm produced a waterspout near Cape Canaveral along the Brevard County coast.",
  "EVENT_NARRATIVE": "Mesonet site XSTL at the St. Lucie Nuclear Power Plant measured a peak wind gust of 36 knots.",
  "DATA_SOURCE": "CSV"
}
