{
  "BEGIN_YEARMONTH": 201805,
  "BEGIN_DAY": 23,
  "BEGIN_TIME": 1150,
  "END_YEARMONTH": 201805,
  "END_DAY": 23,
  "END_TIME": 1153,
  "EPISODE_ID": 124369,
  "EVENT_ID": 746497,
  "STATE": "TEXAS",
  "STATE_FIPS": 48,
  "YEAR": 2018,
  "MONTH_NAME": "May",
  "EVENT_TYPE": "Funnel Cloud",
  "CZ_TYPE": "C",
  "CZ_FIPS": 157,
  "CZ_NAME": "FORT BEND",
  "WFO": "HGX",
  "BEGIN_DATE_TIME": "5/23/18 11:50",
  "CZ_TIMEZONE": "CST-6",
  "END_DATE_TIME": "5/23/18 11:53",
  "INJURIES_DIRECT": 0,
  "INJURIES_INDIRECT": 0,
  "DEATHS_DIRECT": 0,
  "DEATHS_INDIRECT": 0,
  "DAMAGE_PROPERTY": "0.00K",
  "DAMAGE_CROPS": "0.00K",
  "SOURCE": "Law Enforcement",
  "MAGNITUDE": "",
  "MAGNITUDE_TYPE": "",
  "FLOOD_CAUSE": "",
  "CATEGORY": "",
  "TOR_F_SCALE": "",
  "TOR_LENGTH": "",
  "TOR_WIDTH": "",
  "TOR_OTHER_WFO": "",
  "TOR_OTHER_CZ_STATE": "",
  "TOR_OTHER_CZ_FIPS": "",
  "TOR_OTHER_CZ_NAME": "",
  "BEGIN_RANGE": 1,
  "BEGIN_AZIMUTH": "NE",
  "BEGIN_LOCATION": "SUGARLAND JCT",
  "END_RANGE": 1,
  "END_AZIMUTH": "NE",
  "END_LOCATION": "SUGARLAND JCT",
  "BEGIN_LAT": 29.49,
  "BEGIN_LON": -95.51,
  "END_LAT": 29.49,
  "END_LON": -95.51,
  "text": "Several funnel clouds were sighted.",
  "EVENT_NARRATIVE": "A funnel cloud sighted near Sienna Plantation was moving north towards Shadow Creek.",
  "DATA_SOURCE": "CSV"
}
