{
  "BEGIN_YEARMONTH": 201805,
  "BEGIN_DAY": 31,
  "BEGIN_TIME": 1551,
  "END_YEARMONTH": 201805,
  "END_DAY": 31,
  "END_TIME": 1553,
  "EPISODE_ID": 124669,
  "EVENT_ID": 751922,
  "STATE": "KENTUCKY",
  "STATE_FIPS": 21,
  "YEAR": 2018,
  "MONTH_NAME": "May",
  "EVENT_TYPE": "Thunderstorm Wind",
  "CZ_TYPE": "C",
  "CZ_FIPS": 135,
  "CZ_NAME": "LEWIS",
  "WFO": "ILN",
  "BEGIN_DATE_TIME": "5/31/18 15:51",
  "CZ_TIMEZONE": "EST-5",
  "END_DATE_TIME": "5/31/18 15:53",
  "INJURIES_DIRECT": 0,
  "INJURIES_INDIRECT": 0,
  "DEATHS_DIRECT": 0,
  "DEATHS_INDIRECT": 0,
  "DAMAGE_PROPERTY": "5.00K",
  "DAMAGE_CROPS": "0.00K",
  "SOURCE": "Law Enforcement",
  "MAGNITUDE": 50,
  "MAGNITUDE_TYPE": "EG",
  "FLOOD_CAUSE": "",
  "CATEGORY": "",
  "TOR_F_SCALE": "",
  "TOR_LENGTH": "",
  "TOR_WIDTH": "",
  "TOR_OTHER_WFO": "",
  "TOR_OTHER_CZ_STATE": "",
  "TOR_OTHER_CZ_FIPS": "",
  "TOR_OTHER_CZ_NAME": "",
  "BEGIN_RANGE": 1,
  "BEGIN_AZIMUTH": "NW",
  "BEGIN_LOCATION": "TOLLESBORO",
  "END_RANGE": 1,
  "END_AZIMUTH": "NW",
  "END_LOCATION": "TOLLESBORO",
  "BEGIN_LAT": 38.56,
  "BEGIN_LON": -83.58,
  "END_LAT": 38.56,
  "END_LON": -83.58,
  "text": "A complex of thunderstorms pushed east across the Ohio Valley during the afternoon hours. Several of the thunderstorms produced damaging wind gusts.",
  "EVENT_NARRATIVE": "Numerous trees and power lines were downed.",
  "DATA_SOURCE": "CSV"
}
