{
  "BEGIN_YEARMONTH": 201805,
  "BEGIN_DAY": 20,
  "BEGIN_TIME": 1754,
  "END_YEARMONTH": 201805,
  "END_DAY": 20,
  "END_TIME": 1755,
  "EPISODE_ID": 125199,
  "EVENT_ID": 750878,
  "STATE": "TEXAS",
  "STATE_FIPS": 48,
  "YEAR": 2018,
  "MONTH_NAME": "May",
  "EVENT_TYPE": "Thunderstorm Wind",
  "CZ_TYPE": "C",
  "CZ_FIPS": 297,
  "CZ_NAME": "LIVE OAK",
  "WFO": "CRP",
  "BEGIN_DATE_TIME": "5/20/18 17:54",
  "CZ_TIMEZONE": "CST-6",
  "END_DATE_TIME": "5/20/18 17:55",
  "INJURIES_DIRECT": 0,
  "INJURIES_INDIRECT": 0,
  "DEATHS_DIRECT": 0,
  "DEATHS_INDIRECT": 0,
  "DAMAGE_PROPERTY": "10.00K",
  "DAMAGE_CROPS": "0.00K",
  "SOURCE": "Newspaper",
  "MAGNITUDE": 56,
  "MAGNITUDE_TYPE": "EG",
  "FLOOD_CAUSE": "",
  "CATEGORY": "",
  "TOR_F_SCALE": "",
  "TOR_LENGTH": "",
  "TOR_WIDTH": "",
  "TOR_OTHER_WFO": "",
  "TOR_OTHER_CZ_STATE": "",
  "TOR_OTHER_CZ_FIPS": "",
  "TOR_OTHER_CZ_NAME": "",
  "BEGIN_RANGE": 1,
  "BEGIN_AZIMUTH": "SW",
  "BEGIN_LOCATION": "THREE RIVERS",
  "END_RANGE": 1,
  "END_AZIMUTH": "SSE",
  "END_LOCATION": "THREE RIVERS",
  "BEGIN_LAT": 28.4642,
  "BEGIN_LON": -98.1874,
  "END_LAT": 28.4612,
  "END_LON": -98.1753,
  "text": "Scattered thunderstorms moved across South Texas as an upper level disturbance moved across south-central Texas. Severe storms produced wind damage in Three River.",
  "EVENT_NARRATIVE": "Several trees were blown down across the city of Three Rivers. An abandoned building collapsed. The Boys and Girls Club building received roof damage.",
  "DATA_SOURCE": "CSV"
}
