{
  "BEGIN_YEARMONTH": 201805,
  "BEGIN_DAY": 13,
  "BEGIN_TIME": 800,
  "END_YEARMONTH": 201805,
  "END_DAY": 17,
  "END_TIME": 2300,
  "EPISODE_ID": 126007,
  "EVENT_ID": 755399,
  "STATE": "IOWA",
  "STATE_FIPS": 19,
  "YEAR": 2018,
  "MONTH_NAME": "May",
  "EVENT_TYPE": "Flood",
  "CZ_TYPE": "C",
  "CZ_FIPS": 91,
  "CZ_NAME": "HUMBOLDT",
  "WFO": "DMX",
  "BEGIN_DATE_TIME": "5/13/18 8:00",
  "CZ_TIMEZONE": "CST-6",
  "END_DATE_TIME": "5/17/18 23:00",
  "INJURIES_DIRECT": 0,
  "INJURIES_INDIRECT": 0,
  "DEATHS_DIRECT": 0,
  "DEATHS_INDIRECT": 0,
  "DAMAGE_PROPERTY": "0.00K",
  "DAMAGE_CROPS": "0.00K",
  "SOURCE": "Official NWS Observations",
  "MAGNITUDE": "",
  "MAGNITUDE_TYPE": "",
  "FLOOD_CAUSE": "Heavy Rain",
  "CATEGORY": "",
  "TOR_F_SCALE": "",
  "TOR_LENGTH": "",
  "TOR_WIDTH": "",
  "TOR_OTHER_WFO": "",
  "TOR_OTHER_CZ_STATE": "",
  "TOR_OTHER_CZ_FIPS": "",
  "TOR_OTHER_CZ_NAME": "",
  "BEGIN_RANGE": 6,
  "BEGIN_AZIMUTH": "SSE",
  "BEGIN_LOCATION": "DAKOTA CITY",
  "END_RANGE": 1,
  "END_AZIMUTH": "E",
  "END_LOCATION": "DAKOTA CITY",
  "BEGIN_LAT": 42.65,
  "BEGIN_LON": -94.16,
  "END_LAT": 42.72,
  "END_LON": -94.2,
  "text": "River levels remained high across central and northern Iowa especially along the West Fork of the Des Moines River. Rainfall through early to mid May caused the river to go back into flood at Emmetsburg and Humboldt for a short period in mid May.",
  "EVENT_NARRATIVE": "The West Fork of the Des Moines River at Humboldt crested at 10.63 feet on 16 May 2018 at 08:30 UTC.",
  "DATA_SOURCE": "CSV"
}
