{
  "BEGIN_YEARMONTH": 201806,
  "BEGIN_DAY": 22,
  "BEGIN_TIME": 1520,
  "END_YEARMONTH": 201806,
  "END_DAY": 22,
  "END_TIME": 1528,
  "EPISODE_ID": 125413,
  "EVENT_ID": 752077,
  "STATE": "KENTUCKY",
  "STATE_FIPS": 21,
  "YEAR": 2018,
  "MONTH_NAME": "June",
  "EVENT_TYPE": "Thunderstorm Wind",
  "CZ_TYPE": "C",
  "CZ_FIPS": 25,
  "CZ_NAME": "BREATHITT",
  "WFO": "JKL",
  "BEGIN_DATE_TIME": "6/22/18 15:20",
  "CZ_TIMEZONE": "EST-5",
  "END_DATE_TIME": "6/22/18 15:28",
  "INJURIES_DIRECT": 0,
  "INJURIES_INDIRECT": 0,
  "DEATHS_DIRECT": 0,
  "DEATHS_INDIRECT": 0,
  "DAMAGE_PROPERTY": "",
  "DAMAGE_CROPS": "",
  "SOURCE": "NWS Employee",
  "MAGNITUDE": 51,
  "MAGNITUDE_TYPE": "EG",
  "FLOOD_CAUSE": "",
  "CATEGORY": "",
  "TOR_F_SCALE": "",
  "TOR_LENGTH": "",
  "TOR_WIDTH": "",
  "TOR_OTHER_WFO": "",
  "TOR_OTHER_CZ_STATE": "",
  "TOR_OTHER_CZ_FIPS": "",
  "TOR_OTHER_CZ_NAME": "",
  "BEGIN_RANGE": 1,
  "BEGIN_AZIMUTH": "NW",
  "BEGIN_LOCATION": "JACKSON",
  "END_RANGE": 1,
  "END_AZIMUTH": "SSE",
  "END_LOCATION": "ROUSSEAU",
  "BEGIN_LAT": 37.5575,
  "BEGIN_LON": -83.3866,
  "END_LAT": 37.5909,
  "END_LON": -83.2271,
  "text": "Several rounds of showers and thunderstorms moved through eastern Kentucky this day. One broken line of storms became strong to severe during the late afternoon and early evening as it progressed from Breathitt through Pike County. Isolated tree damage as well as structural damage occurred.",
  "EVENT_NARRATIVE": "A couple of NWS employees reported trees blown down along Kentucky Highway 30 from northeast of Jackson to just southeast of Rousseau. Additionally, a shed was damaged from thunderstorm outflow winds near the Jackson Inn Motel.",
  "DATA_SOURCE": "CSV"
}
