{
  "BEGIN_YEARMONTH": 201805,
  "BEGIN_DAY": 4,
  "BEGIN_TIME": 2014,
  "END_YEARMONTH": 201805,
  "END_DAY": 4,
  "END_TIME": 2200,
  "EPISODE_ID": 124117,
  "EVENT_ID": 744973,
  "STATE": "VERMONT",
  "STATE_FIPS": 50,
  "YEAR": 2018,
  "MONTH_NAME": "May",
  "EVENT_TYPE": "Flash Flood",
  "CZ_TYPE": "C",
  "CZ_FIPS": 19,
  "CZ_NAME": "ORLEANS",
  "WFO": "BTV",
  "BEGIN_DATE_TIME": "5/4/18 20:14",
  "CZ_TIMEZONE": "EST-5",
  "END_DATE_TIME": "5/4/18 22:00",
  "INJURIES_DIRECT": 0,
  "INJURIES_INDIRECT": 0,
  "DEATHS_DIRECT": 0,
  "DEATHS_INDIRECT": 0,
  "DAMAGE_PROPERTY": "75.00K",
  "DAMAGE_CROPS": "0.00K",
  "SOURCE": "Law Enforcement",
  "MAGNITUDE": "",
  "MAGNITUDE_TYPE": "",
  "FLOOD_CAUSE": "Heavy Rain",
  "CATEGORY": "",
  "TOR_F_SCALE": "",
  "TOR_LENGTH": "",
  "TOR_WIDTH": "",
  "TOR_OTHER_WFO": "",
  "TOR_OTHER_CZ_STATE": "",
  "TOR_OTHER_CZ_FIPS": "",
  "TOR_OTHER_CZ_NAME": "",
  "BEGIN_RANGE": 4,
  "BEGIN_AZIMUTH": "SSE",
  "BEGIN_LOCATION": "WESTMORE",
  "END_RANGE": 4,
  "END_AZIMUTH": "ENE",
  "END_LOCATION": "KIMBALL",
  "BEGIN_LAT": 44.721,
  "BEGIN_LON": -72.029,
  "END_LAT": 44.717,
  "END_LON": -72.028,
  "text": "An energetic storm system moved from the Great Lakes across the St. Lawrence Valley into Ontario/Quebec during the afternoon and evening hours of May 4th. Instability was marginal for thunderstorm development during the evening hours with thunderstorms ahead of a cold front. However, winds were unseasonably strong in the atmosphere, accounting for some thunderstorms to produce damaging winds and there was some localized damage in non-thunderstorm winds accompanying the arrival of colder air.||Very brief heavy rainfall of up to 2 inches in less than an hour accounted for localized flash flooding and a mudslide. Strong winds and a lake level at/above flood stage caused for 4 to 6 foot waves to batter a causeway between Colchester and Grand Isle on Lake Champlain, resulting in numerous washouts and a closure of the causeway.",
  "EVENT_NARRATIVE": "Brief training of thunderstorms with rainfall amounts over an inch in less than an hour as well as saturated soils due to snow melt lead to a landslide at the south end of lake Willoughby, blocking parts of Route 5A.",
  "DATA_SOURCE": "CSV"
}
