{
  "BEGIN_YEARMONTH": 201805,
  "BEGIN_DAY": 27,
  "BEGIN_TIME": 1440,
  "END_YEARMONTH": 201805,
  "END_DAY": 27,
  "END_TIME": 1440,
  "EPISODE_ID": 124492,
  "EVENT_ID": 749525,
  "STATE": "KENTUCKY",
  "STATE_FIPS": 21,
  "YEAR": 2018,
  "MONTH_NAME": "May",
  "EVENT_TYPE": "Thunderstorm Wind",
  "CZ_TYPE": "C",
  "CZ_FIPS": 205,
  "CZ_NAME": "ROWAN",
  "WFO": "JKL",
  "BEGIN_DATE_TIME": "5/27/18 14:40",
  "CZ_TIMEZONE": "EST-5",
  "END_DATE_TIME": "5/27/18 14:40",
  "INJURIES_DIRECT": 0,
  "INJURIES_INDIRECT": 0,
  "DEATHS_DIRECT": 0,
  "DEATHS_INDIRECT": 0,
  "DAMAGE_PROPERTY": "0.10K",
  "DAMAGE_CROPS": "0.10K",
  "SOURCE": "Broadcast Media",
  "MAGNITUDE": 37,
  "MAGNITUDE_TYPE": "EG",
  "FLOOD_CAUSE": "",
  "CATEGORY": "",
  "TOR_F_SCALE": "",
  "TOR_LENGTH": "",
  "TOR_WIDTH": "",
  "TOR_OTHER_WFO": "",
  "TOR_OTHER_CZ_STATE": "",
  "TOR_OTHER_CZ_FIPS": "",
  "TOR_OTHER_CZ_NAME": "",
  "BEGIN_RANGE": 1,
  "BEGIN_AZIMUTH": "WNW",
  "BEGIN_LOCATION": "RODBURN",
  "END_RANGE": 1,
  "END_AZIMUTH": "WNW",
  "END_LOCATION": "RODBURN",
  "BEGIN_LAT": 38.21,
  "BEGIN_LON": -83.42,
  "END_LAT": 38.21,
  "END_LON": -83.42,
  "text": "Scattered thunderstorms developed this afternoon as upper level energy moved across eastern Kentucky. Numerous outflow boundaries helped to spawn additional thunderstorms, including one near Morehead. This storm slowly drifted toward the west, producing heavy rainfall of over 2 inches in and around Morehead. Additionally, gusty outflow winds up to 43 mph were recorded.",
  "EVENT_NARRATIVE": "Local media relayed a report of a downed tree near Morehead as gusty thunderstorm winds moved through.",
  "DATA_SOURCE": "CSV"
}
