{
  "BEGIN_YEARMONTH": 201806,
  "BEGIN_DAY": 6,
  "BEGIN_TIME": 1741,
  "END_YEARMONTH": 201806,
  "END_DAY": 6,
  "END_TIME": 1741,
  "EPISODE_ID": 125578,
  "EVENT_ID": 753160,
  "STATE": "NEBRASKA",
  "STATE_FIPS": 31,
  "YEAR": 2018,
  "MONTH_NAME": "June",
  "EVENT_TYPE": "Hail",
  "CZ_TYPE": "C",
  "CZ_FIPS": 161,
  "CZ_NAME": "SHERIDAN",
  "WFO": "LBF",
  "BEGIN_DATE_TIME": "6/6/18 17:41",
  "CZ_TIMEZONE": "MST-7",
  "END_DATE_TIME": "6/6/18 17:41",
  "INJURIES_DIRECT": 0,
  "INJURIES_INDIRECT": 0,
  "DEATHS_DIRECT": 0,
  "DEATHS_INDIRECT": 0,
  "DAMAGE_PROPERTY": "0.00K",
  "DAMAGE_CROPS": "0.00K",
  "SOURCE": "Trained Spotter",
  "MAGNITUDE": 1.25,
  "MAGNITUDE_TYPE": "",
  "FLOOD_CAUSE": "",
  "CATEGORY": "",
  "TOR_F_SCALE": "",
  "TOR_LENGTH": "",
  "TOR_WIDTH": "",
  "TOR_OTHER_WFO": "",
  "TOR_OTHER_CZ_STATE": "",
  "TOR_OTHER_CZ_FIPS": "",
  "TOR_OTHER_CZ_NAME": "",
  "BEGIN_RANGE": 1,
  "BEGIN_AZIMUTH": "NW",
  "BEGIN_LOCATION": "BINGHAM",
  "END_RANGE": 1,
  "END_AZIMUTH": "NW",
  "END_LOCATION": "BINGHAM",
  "BEGIN_LAT": 42.03,
  "BEGIN_LON": -102.1,
  "END_LAT": 42.03,
  "END_LON": -102.1,
  "text": "Severe storms developed in the Nebraska Panhandle during the early evening hours of June 6th. As this activity tracked east, a broken line of strong to severe thunderstorms developed. Hail up to the size of ping pong balls, thunderstorm wind gusts to 70 MPH and a brief tornado touchdown were reported. Heavy rain also fell leading to flash flooding in western Keith county.",
  "EVENT_NARRATIVE": "Hail mainly quarter size with some half dollar size hail mixed in.",
  "DATA_SOURCE": "CSV"
}
